model,csv_path,series,mae,rmse,mape,smape,r2,wape,mase,max_ae,bias,nrmse,n_eval_points,dataset
autoreg,data/AIOPS/05f10d3a-239c-3bef-9bdc-a2feeb0037aa.csv,value_0,1.9015976032123736,2.859223253997166,30560542.136714555,5.4520062311323,0.5377440865494079,5.443391312285486,1.5114450928502814,168.986171875,-0.05228470434953091,1.4349208340846964,298541,AIOPS
autoreg,data/AIOPS/0efb375b-b902-3661-ab23-9a0bb799f4e3.csv,value_0,0.049780653769890756,0.06345396620903838,41.24689907217242,30.557040579798706,0.6289882660440368,25.319076587259154,8.632428051510644,0.21345216822386354,0.001116365857461188,13.938656095722335,17056,AIOPS
autoreg,data/AIOPS/1c6d7a26-1f1a-3321-bb4d-7a9d969ec8f0.csv,value_0,2.0074433633426163,3.6455441517446254,5.740854855278566,5.594557288152404,0.48485979406193946,5.626060591545882,1.6207340216555166,130.6486463477726,-0.12206415569952327,2.1353937158766554,298541,AIOPS
autoreg,data/AIOPS/301c70d8-1630-35ac-8f96-bc1b6f4359ea.csv,value_0,0.05021576941906382,0.06364279277427473,403998.57958147634,33.684414179539374,0.630782581054306,25.432884072238537,6.9581265532958145,0.23061593557733334,0.001343405643102705,14.978753816640333,17056,AIOPS
autoreg,data/AIOPS/42d6616d-c9c5-370a-a8ba-17ead74f3114.csv,value_0,1.967729505548416,3.4115050077232403,53235921.08966872,5.682315350058888,0.44531058641057264,5.717309874384349,1.1634006526385288,91.45708729632173,-0.11669530076833351,2.6486840122074846,298541,AIOPS
autoreg,data/AIOPS/43115f2a-baeb-3b01-96f7-4ea14188343c.csv,value_0,1.2821488859260401,4.96624029090018,1015219964.6449244,6.07856224808448,0.27016999088804305,5.239726339982913,2.02748754724568,137.17269514079044,-0.06802608314208441,3.6294966680553826,220876,AIOPS
autoreg,data/AIOPS/431a8542-c468-3988-a508-3afd06a218da.csv,value_0,0.7046608356499945,1.0201540126266702,73203975.85109606,22.101452658114383,0.542048140878781,18.21279221005314,6.432170086092312,11.301845618209743,-0.06774556393774407,6.4771683341375885,263078,AIOPS
autoreg,data/AIOPS/4d2af31a-9916-3d9f-8a8e-8a268a48c095.csv,value_0,0.5106481471078637,1.1265574043269058,1183122.8104736842,13.111403792774967,0.5826986299987467,13.67047038697988,2.2406208629809665,29.612454494423552,0.039220938922880574,2.9452481158873356,263078,AIOPS
autoreg,data/AIOPS/54350a12-7a9d-3ca8-b81f-f886b9d156fd.csv,value_0,0.6057364323388518,0.9635460306047523,256.6308155136185,134.65442772011102,0.06337703074972967,93.31358596310012,1.2734801292273341,45.18696853563332,-0.03603351363529916,1.8988951012604476,17344,AIOPS
autoreg,data/AIOPS/55f8b8b8-b659-38df-b3df-e4a5a8a54bc9.csv,value_0,10.790649300408134,16.335951248024358,297649560.96008396,8.08672525226721,0.6965533449423538,7.93919256139531,2.6476817666059156,227.74731659461318,0.5070335509420186,5.656296959254997,298541,AIOPS
autoreg,data/AIOPS/57051487-3a40-3828-9084-a12f7f23ee38.csv,value_0,0.48336393523065996,13.074545660272285,2350795170.0933294,119.30659371910681,-0.035677350943516206,198.3220881100409,4.455534884347411,1865.7480486883944,-0.005323003015644802,0.7007662152095557,263058,AIOPS
autoreg,data/AIOPS/6a757df4-95e5-3357-8406-165e2bd49360.csv,value_0,0.23241015280922525,0.3597628569147667,6906098.542824629,17.353606668202083,0.5096325606147156,16.701280088963927,1.803125124437423,16.647425343545404,0.0027261258497920503,1.987640051557569,263078,AIOPS
autoreg,data/AIOPS/6d1114ae-be04-3c46-b5aa-be1a003a57cd.csv,value_0,18.73940313141972,28.66903358793645,279905020.0042294,12.389569464400688,0.39706385686891155,12.070634979127279,4.248530674397284,236.9837642965013,-1.384854418898344,9.40708544032565,298541,AIOPS
autoreg,data/AIOPS/6efa3a07-4544-34a0-b921-a155bd1a05e8.csv,value_0,5.648019135411236,9.219701009549095,35714681.9644567,10.769306957108494,0.5434565936851394,11.19338328817811,2.4708382709064716,161.8562451385426,-0.3223939952191866,3.8482765713119185,298541,AIOPS
autoreg,data/AIOPS/7103fa0f-cac4-314f-addc-866190247439.csv,value_0,1.65370511781449,10.576073751636308,8490249566.834206,187.09598889316462,-0.031827934946933256,193.18695445875528,1.184334413834109,1188.681569259556,0.0063707040781453405,0.8893061805033683,263068,AIOPS
autoreg,data/AIOPS/847e8ecc-f8d2-3a93-9107-f367a0aab37d.csv,value_0,2.0907376426075954,3.1441443115533474,31631526.420897745,5.639783393456145,0.5167110103076568,5.637918989826591,1.620220909868468,197.41889852590668,-0.09029881130139067,1.0560033289290478,298541,AIOPS
autoreg,data/AIOPS/8723f0fb-eaef-32e6-b372-6034c9c04b80.csv,value_0,18.990111104197375,28.68894426412563,339377795.94291776,12.469609535616968,0.39142394958157156,12.068642125995261,4.130641287244498,258.53215834855393,-1.4827697900085635,7.9270935492596575,298541,AIOPS
autoreg,data/AIOPS/9c639a46-34c8-39bc-aaf0-9144b37adfc8.csv,value_0,1.2603035885142126,4.818947328391993,952626250.758335,6.059129783267147,0.3045893956399155,5.192447197339699,1.9944864410463536,138.20962799391157,-0.06154815106983885,3.4731151916338687,220876,AIOPS
autoreg,data/AIOPS/a07ac296-de40-3a7c-8df3-91f642cc14d0.csv,value_0,10.265228726565626,17.63950257397668,4930165640.307956,9.964555627778195,0.47755475684108106,7.534015777608005,2.5571218671461873,374.0,1.2248814294711365,4.443199640800172,222218,AIOPS
autoreg,data/AIOPS/a8c06b47-cc41-3738-9110-12df0ee4c721.csv,value_0,0.6139228683227427,0.9508095873237986,258.32615963703626,142.40251886413893,0.025995453936963786,97.226454838346,1.0387946964424561,16.06244712156919,-0.010965079911634045,5.047101020489946,17344,AIOPS
autoreg,data/AIOPS/ab216663-dcc2-3a24-b1ee-2c3e550e06c9.csv,value_0,0.5910334408423119,0.7843719610480944,377.669540911735,103.60413265815174,0.35382311756925755,72.72259456445622,25.9716095287036,3.162620951296568,-0.00856853792305701,14.098802429602934,24438,AIOPS
autoreg,data/AIOPS/adb2fde9-8589-3f5b-a410-5fe14386c7af.csv,value_0,1.952283706152549,3.332019760072447,53610971.10886944,5.65141144440096,0.46890822197338167,5.676907810379767,1.1897572132428693,77.90610784253361,-0.11863450404866954,2.7820153294418026,298541,AIOPS
autoreg,data/AIOPS/ba5f3328-9f3f-3ff5-a683-84437d16d554.csv,value_0,11.16287767655332,16.822576694977464,534578784.0170642,8.443373067064577,0.6688656121042296,8.205644762503278,2.6800212508908157,232.88160091221673,0.469488173645973,5.926990344564516,298541,AIOPS
autoreg,data/AIOPS/c02607e8-7399-3dde-9d28-8a8da5e5d251.csv,value_0,0.05009139525023255,0.06308382158410636,47.11373311948499,32.26164145936595,0.637530021417145,25.374804247375494,7.68001252243455,0.3399401602160902,0.0055711197931232505,11.293899255423252,17056,AIOPS
autoreg,data/AIOPS/c69a50cf-ee03-3bd7-831e-407d36c7ee91.csv,value_0,2.028850726815257,3.9655846930604985,5.814421575286198,5.691668813545336,0.38219647269930246,5.766583444694525,1.6590252467336575,130.4315602589368,-0.15925532751898105,2.3232671469098944,298541,AIOPS
autoreg,data/AIOPS/da10a69f-d836-3baa-ad40-3e548ecf1fbd.csv,value_0,0.021715100593850442,0.03345562029096774,3845.278762961381,76.52654220338076,0.3566630692339582,52.906201365403874,2.0650599275468458,0.862011831796435,-0.0044180213787496075,3.345562087450068,215488,AIOPS
autoreg,data/AIOPS/e0747cad-8dc8-38a9-a9ab-855b61f5551d.csv,value_0,0.4399257503804537,0.5732030656678654,105.6677918471591,87.29714309574653,0.6667321366661558,52.98722887744935,4.427989994343815,2.779049099475792,-0.00151746998350578,10.177765535070863,17056,AIOPS
autoreg,data/AIOPS/f0932edd-6400-3e63-9559-0a9860a1baa9.csv,value_0,2.3128435371796487,9.611301783951053,112771999.61457099,17.549560579747883,0.13782394430504252,18.603916712521073,1.4125871165791883,540.6681569899006,-0.08396097662724764,1.6928756995070107,263078,AIOPS
autoreg,data/AIOPS/ffb82d38-5f00-37db-abc0-5d2e4e4cb6aa.csv,value_0,0.418403600824476,0.6112634604898992,22169386.143624205,21.659385540726,0.5577491332715097,19.93257533595079,2.9411252523290914,26.37100161754779,0.024125636597474562,2.082669344274329,263078,AIOPS
granite_ttm,data/AIOPS/05f10d3a-239c-3bef-9bdc-a2feeb0037aa.csv,value_0,1.776649134816789,2.6604771873927757,26599494.94902406,5.156998328206012,0.5997738881608635,5.085721842046915,1.412132415396,169.7931573486328,-0.597675604156844,1.3351787550902217,298541,AIOPS
granite_ttm,data/AIOPS/0efb375b-b902-3661-ab23-9a0bb799f4e3.csv,value_0,0.043299656246165386,0.05774460338680875,24.625241872774257,24.111561475771783,0.6927492831456925,22.022758434758526,7.508562843066623,0.19984471052892178,-0.024826147502455428,12.684505257576205,17056,AIOPS
granite_ttm,data/AIOPS/1c6d7a26-1f1a-3321-bb4d-7a9d969ec8f0.csv,value_0,1.8664066634750929,3.2474753645732806,5.248146004109733,5.237071961507186,0.5912173517959104,5.230791149042098,1.5068663121343386,130.7713069152832,-0.6730536502343621,1.902223151694752,298541,AIOPS
granite_ttm,data/AIOPS/301c70d8-1630-35ac-8f96-bc1b6f4359ea.csv,value_0,0.04009753190114534,0.052421249313443136,222014.133586305,25.30961352511864,0.7495053483487011,20.30827949511737,5.55609731107824,0.1740981103999124,-0.022773774792356892,12.33768906106492,17056,AIOPS
granite_ttm,data/AIOPS/42d6616d-c9c5-370a-a8ba-17ead74f3114.csv,value_0,1.8918958710644729,3.260752758655633,42916519.64566915,5.477010113175491,0.4932501931445713,5.496972482469973,1.118564764574746,92.27647094726564,-0.5258493659977718,2.5316403405711436,298541,AIOPS
granite_ttm,data/AIOPS/43115f2a-baeb-3b01-96f7-4ea14188343c.csv,value_0,1.303357308534427,4.8582583243318656,762433277.7872912,7.6286071996763045,0.30156263430697283,5.3263982794046685,2.06102484795017,136.86655356168748,-0.5117707316834496,3.5505797883007126,220876,AIOPS
granite_ttm,data/AIOPS/431a8542-c468-3988-a508-3afd06a218da.csv,value_0,0.4200833050303481,0.6296167958217221,39801303.82380456,16.752391919553098,0.8255620589620183,10.85754955910492,3.834535895258844,11.991619348526001,-0.13979132389218216,3.9975669575982358,263078,AIOPS
granite_ttm,data/AIOPS/4d2af31a-9916-3d9f-8a8e-8a268a48c095.csv,value_0,0.3857749294122512,0.7611921123905663,1107639.1894346015,10.490698031820923,0.809483885069384,10.32751176801092,1.6927024217195852,28.008727312114186,-0.10373310149392714,1.9900447382759903,263078,AIOPS
granite_ttm,data/AIOPS/54350a12-7a9d-3ca8-b81f-f886b9d156fd.csv,value_0,0.526295780476129,0.9125155372280478,248.9399068048599,112.68008249288664,0.15995914867691474,81.07576815852389,1.1064667448591126,45.96074111295743,-0.026498399807007144,1.798327457567173,17344,AIOPS
granite_ttm,data/AIOPS/55f8b8b8-b659-38df-b3df-e4a5a8a54bc9.csv,value_0,8.894985603762073,12.91046343009858,309888446.5305198,6.6833236163238965,0.8104703498603982,6.544462856042889,2.182546252931432,225.40863037109375,-2.406521484367231,4.4702272878704274,298541,AIOPS
granite_ttm,data/AIOPS/57051487-3a40-3828-9084-a12f7f23ee38.csv,value_0,0.38237582462261765,13.166045898205935,1392667316.4348614,198.89130470130308,-0.050224139004307444,156.88711228687086,3.524650271485781,1865.7465709287208,-0.12412796195247122,0.7056704219861147,263058,AIOPS
granite_ttm,data/AIOPS/6a757df4-95e5-3357-8406-165e2bd49360.csv,value_0,0.17230528889009333,0.26512057605114603,8338309.949659791,13.969287302271704,0.7336971294554608,12.382070472306259,1.3368090495005398,17.082218408614867,-0.06001704903443805,1.4647545329453453,263078,AIOPS
granite_ttm,data/AIOPS/6d1114ae-be04-3c46-b5aa-be1a003a57cd.csv,value_0,13.114535932349224,19.14974191242366,270121868.18830335,8.584792771356424,0.7309883662366761,8.447482294386345,2.973280834951003,228.37306213378906,-3.3173684454327286,6.283548337191121,298541,AIOPS
granite_ttm,data/AIOPS/6efa3a07-4544-34a0-b921-a155bd1a05e8.csv,value_0,4.873661575725397,8.538595939882041,32131794.257587787,9.14187416143074,0.608419257788492,9.658742423858385,2.1320801597942642,178.83461578369142,-1.804795229725686,3.563985282528609,298541,AIOPS
granite_ttm,data/AIOPS/7103fa0f-cac4-314f-addc-866190247439.csv,value_0,1.540057871995951,10.434643333077611,7326391117.5436735,197.91778559275383,-0.004415851724027142,179.91060605431625,1.1029436369595471,1188.2492797374725,-0.08852042119756541,0.8774137761679724,263068,AIOPS
granite_ttm,data/AIOPS/847e8ecc-f8d2-3a93-9107-f367a0aab37d.csv,value_0,1.9342853078704216,2.887864305119188,28653905.090261396,5.275788099358301,0.5922860942134146,5.216026940321377,1.4989778906713023,265.38641189575196,-0.6581915777839439,0.9699282276883147,298541,AIOPS
granite_ttm,data/AIOPS/8723f0fb-eaef-32e6-b372-6034c9c04b80.csv,value_0,13.394547011506779,19.328293656266013,324299400.7155902,8.699471209162073,0.7237687845609004,8.512535468313525,2.9135200213461716,257.643798828125,-3.3071042526226564,5.340635422139762,298541,AIOPS
granite_ttm,data/AIOPS/9c639a46-34c8-39bc-aaf0-9144b37adfc8.csv,value_0,1.2786073199006347,4.803571220027234,769543253.7629788,7.569973884000647,0.30902009352679205,5.2678585185518605,2.0234529094460916,137.8581935763359,-0.4882153313263623,3.4620333117313398,220876,AIOPS
granite_ttm,data/AIOPS/a07ac296-de40-3a7c-8df3-91f642cc14d0.csv,value_0,8.891605822264355,16.52390934998911,3524421308.8822236,9.330763329549447,0.5415481614588704,6.5258651645868495,2.214945257217224,399.91233825683594,-2.6435729751083588,4.162193790929248,222218,AIOPS
granite_ttm,data/AIOPS/a8c06b47-cc41-3738-9110-12df0ee4c721.csv,value_0,0.5831411458392827,0.9541335472219912,256.929716849583,128.51249984049272,0.019173454630045605,92.3515790106039,0.9867101566523993,16.178809226211154,-0.14615204436467286,5.064745311857953,17344,AIOPS
granite_ttm,data/AIOPS/ab216663-dcc2-3a24-b1ee-2c3e550e06c9.csv,value_0,0.28019681145725583,0.4179396549013876,151.40843246333938,53.77741465038295,0.816542929134362,34.47628798942342,12.312606488026423,2.9072779477240616,-0.041305881322056925,7.512314201131669,24438,AIOPS
granite_ttm,data/AIOPS/adb2fde9-8589-3f5b-a410-5fe14386c7af.csv,value_0,1.9053962980857204,3.2625359589312124,45012615.40833561,5.526221436103099,0.4908273640790698,5.540567230255985,1.1611831736286635,77.23339042663574,-0.550232154791528,2.724000967630636,298541,AIOPS
granite_ttm,data/AIOPS/ba5f3328-9f3f-3ff5-a683-84437d16d554.csv,value_0,9.084450316063375,13.242999001643387,526960807.82188576,6.875174339992575,0.7947931079874171,6.677827556311897,2.181025413442399,225.27008056640625,-2.3899580410650385,4.665820738344568,298541,AIOPS
granite_ttm,data/AIOPS/c02607e8-7399-3dde-9d28-8a8da5e5d251.csv,value_0,0.042528788234081155,0.05551630468545276,25.14617548312053,24.313493049164123,0.7192775446581916,21.54381348187512,6.520513644510514,0.36916369510081415,-0.026187751308756484,9.939086383898683,17056,AIOPS
granite_ttm,data/AIOPS/c69a50cf-ee03-3bd7-831e-407d36c7ee91.csv,value_0,1.8170595158092677,3.1811519519936287,5.180507790989878,5.163504935579075,0.6024381041311992,5.164611266565841,1.4858400234684732,130.6236280822754,-0.620997899356676,1.8637014189428955,298541,AIOPS
granite_ttm,data/AIOPS/da10a69f-d836-3baa-ad40-3e548ecf1fbd.csv,value_0,0.017310011448525453,0.027717883065364084,6305.371192644117,63.47201574462167,0.5584087834661704,42.17373745864588,1.6461453094926077,0.911398452959764,-0.007578207995695766,2.771788354881941,215488,AIOPS
granite_ttm,data/AIOPS/e0747cad-8dc8-38a9-a9ab-855b61f5551d.csv,value_0,0.41387692327309095,0.5405331640793922,95.4217621072026,78.71762513711182,0.7036389545555946,49.84975587721402,4.165800418725558,2.9195042287061765,0.05848279454787109,9.597680363973774,17056,AIOPS
granite_ttm,data/AIOPS/f0932edd-6400-3e63-9559-0a9860a1baa9.csv,value_0,2.184003753621475,8.887917510235305,69700828.58342692,17.766922961703113,0.2627215156486995,17.567562733514617,1.3338972201674923,540.1459903717041,-0.8608179798122895,1.5654632338591465,263078,AIOPS
granite_ttm,data/AIOPS/ffb82d38-5f00-37db-abc0-5d2e4e4cb6aa.csv,value_0,0.2811586882853232,0.3988946387627625,17398090.551732995,16.334629015490446,0.8116662213868213,13.394284190100283,1.9763761984796806,27.563186883956664,-0.07746002498496367,1.3590958554610284,263078,AIOPS
chronos,data/AIOPS/05f10d3a-239c-3bef-9bdc-a2feeb0037aa.csv,value_0,1.3056110067918778,2.020543187499489,3.7379144820317514,3.7110235477580966,0.7600317097449039,3.728886223693246,1.0104055456277152,114.37,0.07979445188828409,1.5372361438675355,37357,AIOPS
chronos,data/AIOPS/0efb375b-b902-3661-ab23-9a0bb799f4e3.csv,value_0,0.016647201633518818,0.025656300828899855,9.56582445959729,9.60184132678767,0.9334238943029376,8.464860357361298,2.0324938725175805,0.1531198652105622,-0.00041938667403403117,6.70775391379002,2176,AIOPS
chronos,data/AIOPS/1c6d7a26-1f1a-3321-bb4d-7a9d969ec8f0.csv,value_0,1.3700355762747731,2.1432838047641254,3.8405154982613157,3.8646052898310876,0.7259067290184591,3.8453701656190256,1.0815184058776586,42.105000000000004,0.015168847706453064,3.8624685614779692,37357,AIOPS
chronos,data/AIOPS/301c70d8-1630-35ac-8f96-bc1b6f4359ea.csv,value_0,0.0160324417588044,0.022686449425665507,11.932164517614087,11.566432481310143,0.9486469690578581,8.049268937710591,1.7380927099164596,0.09250862009541211,-0.0023734065628929664,6.032476668627466,2176,AIOPS
chronos,data/AIOPS/42d6616d-c9c5-370a-a8ba-17ead74f3114.csv,value_0,1.5270977047497531,2.883094094293319,4.318644713887245,4.330733354391487,0.5302999748326558,4.435948038691843,0.8857961578983604,75.05,-0.05918572272033279,3.200237644903229,37357,AIOPS
chronos,data/AIOPS/43115f2a-baeb-3b01-96f7-4ea14188343c.csv,value_0,1.227092382996457,7.298291754926552,49892092.35729768,6.444743253144256,-0.00048763390329420453,4.958670552947826,1.7634928581484854,129.23625,-0.444524034579489,5.3338388912713235,27648,AIOPS
chronos,data/AIOPS/431a8542-c468-3988-a508-3afd06a218da.csv,value_0,0.23235905169833435,0.48686807566611806,1947485.6642242786,11.8397404744907,0.8941328122509886,5.9996148044990125,1.7243713108110086,10.65625,0.0014873315010548492,3.3577108666628828,32896,AIOPS
chronos,data/AIOPS/4d2af31a-9916-3d9f-8a8e-8a268a48c095.csv,value_0,0.2394709244653877,0.4357391499674132,6.8613175309720855,6.73139265895113,0.921488032666927,6.431287607964774,0.9965246642244877,15.47499990463,-0.007639880676316195,1.3069766590879968,32896,AIOPS
chronos,data/AIOPS/54350a12-7a9d-3ca8-b81f-f886b9d156fd.csv,value_0,0.6026125670533136,0.9181500014150822,255.44609414943938,106.74214138357503,-0.06026257487167497,89.51242771052459,1.232379294805843,6.685491195090001,-0.0005833257618433961,11.001259248790715,2176,AIOPS
chronos,data/AIOPS/55f8b8b8-b659-38df-b3df-e4a5a8a54bc9.csv,value_0,6.185783688857328,9.863491024150456,209866963.89180836,4.591065259194125,0.8860044095325954,4.547801347438849,1.4239393389783748,195.0,0.09135720921495939,3.638590461911781,37357,AIOPS
chronos,data/AIOPS/57051487-3a40-3828-9084-a12f7f23ee38.csv,value_0,0.24574051254051033,12.657085983694662,80909287.98398091,198.30525066000786,-0.0002510194625111595,100.04059020291156,2.1548509710924004,1110.4999999180436,-0.230599300544816,1.1397646090675067,32896,AIOPS
chronos,data/AIOPS/6a757df4-95e5-3357-8406-165e2bd49360.csv,value_0,0.10464773690377134,0.16985332705020093,1682733.3102447724,9.083168937542501,0.8829715908112903,7.527390241138621,0.7930483921516234,3.8968749046300006,-0.012090319133492232,2.784480814848529,32896,AIOPS
chronos,data/AIOPS/6d1114ae-be04-3c46-b5aa-be1a003a57cd.csv,value_0,8.255547045669902,12.37651068393084,315335819.3283535,5.365086590904975,0.8879833834080492,5.320680892714464,1.6690158037849,213.0,1.5270611779564776,4.061067949839494,37357,AIOPS
chronos,data/AIOPS/6efa3a07-4544-34a0-b921-a155bd1a05e8.csv,value_0,3.578499832750331,6.381569139928993,13250535.302554766,6.657537092407502,0.7859236657670818,7.108196330471165,1.4870987600944137,130.63,-0.2609217327816018,3.0607046234671427,37357,AIOPS
chronos,data/AIOPS/7103fa0f-cac4-314f-addc-866190247439.csv,value_0,0.8398569176735762,8.33719927610485,384124437.6597087,199.1722937956855,-0.005420554852820336,101.7869886226313,0.6264786023579662,910.950012207,-0.7647808259833226,0.9149691795889554,32896,AIOPS
chronos,data/AIOPS/847e8ecc-f8d2-3a93-9107-f367a0aab37d.csv,value_0,1.3693431686234505,2.177257246584422,3.675346400270124,3.655471503593488,0.7718310099488881,3.688605130670712,1.022439135096746,158.79,0.023667411616033127,1.2422304139809566,37357,AIOPS
chronos,data/AIOPS/8723f0fb-eaef-32e6-b372-6034c9c04b80.csv,value_0,8.514943930953972,12.395296190599197,183365907.4904144,5.453456304704289,0.8862738675521367,5.4147274878173,1.6730272964620685,231.0,1.368569596655452,3.4249664807822926,37357,AIOPS
chronos,data/AIOPS/9c639a46-34c8-39bc-aaf0-9144b37adfc8.csv,value_0,1.2420037207512082,7.5530444788153615,50011408.58573735,6.517430473415679,-0.08406932838584247,5.058834725896723,1.760956174025865,138.606875,-0.4398214284583419,5.443635660407468,27648,AIOPS
chronos,data/AIOPS/a07ac296-de40-3a7c-8df3-91f642cc14d0.csv,value_0,5.965095405896573,12.149686011872774,2729026113.900331,7.255833410753231,0.7594513036020994,4.37722041849452,1.4329571127720342,202.56,0.034515034233460716,3.511469945627969,27786,AIOPS
chronos,data/AIOPS/a8c06b47-cc41-3738-9110-12df0ee4c721.csv,value_0,0.577490420988025,0.88311948365653,328.3269985884681,126.78879409251455,0.027904842720237077,95.56177438577024,0.9549855654149124,9.0761046536,0.008223562851094587,8.263218549237644,2176,AIOPS
chronos,data/AIOPS/ab216663-dcc2-3a24-b1ee-2c3e550e06c9.csv,value_0,0.22495919124488697,0.37130653779883716,112.79871708978611,45.853637793227264,0.8307125870190677,29.793204386590265,5.085402850653153,2.02072211473,-0.07803204001761586,9.07866380601005,3072,AIOPS
chronos,data/AIOPS/adb2fde9-8589-3f5b-a410-5fe14386c7af.csv,value_0,1.498507135039309,2.8202675516870626,4.232473843247197,4.267347746351319,0.5569825501284618,4.359768131794022,0.8881498834267371,74.68,-0.12875284161344203,3.1642180541759926,37357,AIOPS
chronos,data/AIOPS/ba5f3328-9f3f-3ff5-a683-84437d16d554.csv,value_0,6.410631428293846,9.712255464102347,239044895.9174505,4.755078956857885,0.8852518892470581,4.713418634363795,1.4284746250378948,181.0,0.28679154107948973,3.6466997574822018,37357,AIOPS
chronos,data/AIOPS/c02607e8-7399-3dde-9d28-8a8da5e5d251.csv,value_0,0.016454373781233957,0.024882062795397224,9.658841707948868,9.821162117462949,0.9394968408518457,8.263124890059915,1.8309714981902352,0.2675824469041571,-0.0023226909577937233,4.554577619622793,2176,AIOPS
chronos,data/AIOPS/c69a50cf-ee03-3bd7-831e-407d36c7ee91.csv,value_0,1.3293645461316554,2.0289061321992143,3.7948974449184907,3.7888101391589117,0.7505651761034816,3.7859136891165317,1.060915515469215,46.150000000000006,0.01805103888814437,3.4878908925549497,37357,AIOPS
chronos,data/AIOPS/da10a69f-d836-3baa-ad40-3e548ecf1fbd.csv,value_0,0.011405359315694915,0.021213877207265235,1575.054301977375,43.18496087544363,0.7617359629273631,27.24110096534986,1.0060214714989024,0.862304670058,-0.0030602969827841983,2.1213877577277684,26944,AIOPS
chronos,data/AIOPS/e0747cad-8dc8-38a9-a9ab-855b61f5551d.csv,value_0,0.19866030942007895,0.3064594058965766,69.1037714176372,45.060373068943484,0.8976758633296685,25.26917474850322,1.7382369890573914,1.427621535,0.029363364414470877,6.937884688642407,2176,AIOPS
chronos,data/AIOPS/f0932edd-6400-3e63-9559-0a9860a1baa9.csv,value_0,1.7072110509278133,8.425638823948841,343541.78901167604,13.734238015143749,0.16037599930065827,13.788798071914623,1.0086870852884962,513.206237793,-0.17329557424276906,1.6240630343481528,32896,AIOPS
chronos,data/AIOPS/ffb82d38-5f00-37db-abc0-5d2e4e4cb6aa.csv,value_0,0.14819587228375605,0.20700486740798338,1161372.8501710675,9.627059017869646,0.9469981488004375,7.062979752183694,0.9658821270222971,2.15312504768,0.006028182012506609,3.365932751185258,32896,AIOPS
timesfm,data/AIOPS/05f10d3a-239c-3bef-9bdc-a2feeb0037aa.csv,value_0,1.5270252164973377,2.3825275930057783,5958071.4648860395,4.375080464489204,0.6790316429507981,4.371164426732899,1.2137240635109154,166.38050247192382,-0.13298164547893876,1.1956878415165002,298541,AIOPS
timesfm,data/AIOPS/0efb375b-b902-3661-ab23-9a0bb799f4e3.csv,value_0,0.05038283614651552,0.06863618791681733,36.47500776439882,30.03168337940022,0.5659133711669062,25.625354238487624,8.736852072619927,0.2411011692190828,-0.007541317463650985,15.077012143609988,17056,AIOPS
timesfm,data/AIOPS/1c6d7a26-1f1a-3321-bb4d-7a9d969ec8f0.csv,value_0,1.6096832676012203,3.177088154591619,4.549055417335521,4.438245834681915,0.6087455833049766,4.511298182601022,1.2995975296393234,130.4149090576172,-0.10895648801828,1.8609935301028697,298541,AIOPS
timesfm,data/AIOPS/301c70d8-1630-35ac-8f96-bc1b6f4359ea.csv,value_0,0.04815961393236661,0.06839864770785244,677538.2655151865,32.91017828888409,0.5735395560051113,24.391498771711518,6.673216250114017,0.30198884118656144,-0.005782105654314356,16.0980758503288,17056,AIOPS
timesfm,data/AIOPS/42d6616d-c9c5-370a-a8ba-17ead74f3114.csv,value_0,1.6312193299297157,3.0438958003096688,11895596.64390025,4.6723871408359745,0.5584118465853773,4.739567280968596,0.9644423319799228,91.81716613769532,-0.10127138059431966,2.3632731368863884,298541,AIOPS
timesfm,data/AIOPS/43115f2a-baeb-3b01-96f7-4ea14188343c.csv,value_0,1.1176029421460834,4.682553593494724,435511684.31555814,6.994688901872653,0.3511687301662767,4.567280475680285,1.7672877719889284,136.8734535034001,-0.11256535545501599,3.4221688178723406,220876,AIOPS
timesfm,data/AIOPS/431a8542-c468-3988-a508-3afd06a218da.csv,value_0,0.3135993095629097,0.5642620621148251,40806907.23741508,14.353202881815447,0.8598961578030684,8.105344831626658,2.862546058954889,12.147548913955688,-0.0037358463158342257,3.5826162673957147,263078,AIOPS
timesfm,data/AIOPS/4d2af31a-9916-3d9f-8a8e-8a268a48c095.csv,value_0,0.3079631784903865,0.827664583324613,1371659.032833798,8.382224751804603,0.7747566897941045,8.24442727478213,1.351280185120768,35.704786777535794,0.017372848243832093,2.16382897601206,263078,AIOPS
timesfm,data/AIOPS/54350a12-7a9d-3ca8-b81f-f886b9d156fd.csv,value_0,0.6524970117225611,1.0244429780744235,361.53000719142085,124.84819319197157,-0.058754942319617864,100.5170446145111,1.3717880161186404,45.55219928828878,-0.1009385401758154,2.0189069237981796,17344,AIOPS
timesfm,data/AIOPS/55f8b8b8-b659-38df-b3df-e4a5a8a54bc9.csv,value_0,7.850045844476559,11.980958771625799,298002367.2340183,5.762849763982427,0.8367787706276084,5.775651106808115,1.9261513066368483,221.2850341796875,-0.03558520617589134,4.148387788381911,298541,AIOPS
timesfm,data/AIOPS/57051487-3a40-3828-9084-a12f7f23ee38.csv,value_0,0.26272347592615486,12.855989732842406,213667342.41326144,198.96836286463687,-0.0013416956794092272,107.79428199652352,2.421723108835987,1865.7621919503435,-0.24124412049413393,0.6890521094917543,263058,AIOPS
timesfm,data/AIOPS/6a757df4-95e5-3357-8406-165e2bd49360.csv,value_0,0.12884069276982665,0.22230955390316867,5084463.933557124,10.84643297147175,0.8127571543252059,9.25865101328573,0.9995944126154197,17.06368184092688,0.006128088012256274,1.228229553687696,263078,AIOPS
timesfm,data/AIOPS/6d1114ae-be04-3c46-b5aa-be1a003a57cd.csv,value_0,10.855877610806242,15.977888784479463,282250597.865832,6.962686281644389,0.8127231916156268,6.992609908605715,2.461205872116739,249.96759033203125,0.08337045180210644,5.242777524766853,298541,AIOPS
timesfm,data/AIOPS/6efa3a07-4544-34a0-b921-a155bd1a05e8.csv,value_0,4.322034926579348,7.982862579957279,36325157.28665152,8.04371249093675,0.6577324653717622,8.565515158187036,1.8907601140783221,182.3407745361328,-1.1468729476396897,3.332023783269588,298541,AIOPS
timesfm,data/AIOPS/7103fa0f-cac4-314f-addc-866190247439.csv,value_0,0.9031000659837102,10.438096687250836,579029773.3234837,199.6764649978115,-0.005080786313768071,105.5007627656537,0.6467734034069462,1189.2640404105186,-0.8305167353291462,0.8777041570107913,263068,AIOPS
timesfm,data/AIOPS/847e8ecc-f8d2-3a93-9107-f367a0aab37d.csv,value_0,1.6695438075184328,2.59432200797943,16296989.222525056,4.504883574007658,0.6709592258859549,4.502120469317161,1.293815987121671,261.1631109619141,-0.12412528185701134,0.8713380828842043,298541,AIOPS
timesfm,data/AIOPS/8723f0fb-eaef-32e6-b372-6034c9c04b80.csv,value_0,10.99769602094542,16.13304915389323,341564926.13748443,7.000482890082414,0.8075496798723847,6.989282830364048,2.392168060493383,267.1412048339844,0.22203315960851455,4.45775169348546,298541,AIOPS
timesfm,data/AIOPS/9c639a46-34c8-39bc-aaf0-9144b37adfc8.csv,value_0,1.117248001124159,4.776755821668565,450286392.49632245,7.016531501998887,0.31671319636423123,4.603058584487319,1.7680946161196676,138.8397270515561,-0.08928241855808695,3.4427068984998663,220876,AIOPS
timesfm,data/AIOPS/a07ac296-de40-3a7c-8df3-91f642cc14d0.csv,value_0,7.426304946292396,15.218790174088197,3266288836.177001,8.076197006700635,0.6111085725603576,5.450428833592497,1.8499311877109563,396.3345425128937,0.0442522722065591,3.833448406571334,222218,AIOPS
timesfm,data/AIOPS/a8c06b47-cc41-3738-9110-12df0ee4c721.csv,value_0,0.6124027706554747,0.9717845103580853,273.1901204515447,128.3586263922521,-0.017451752761590944,96.98571823311042,1.036222599072722,16.389598996099078,-0.13364580281549204,5.158440406274868,17344,AIOPS
timesfm,data/AIOPS/ab216663-dcc2-3a24-b1ee-2c3e550e06c9.csv,value_0,0.6037025071488566,0.8503077481510151,545.2528288679674,89.3829715857819,0.2406192766488523,74.2814359241059,26.528322601889286,3.1528338568699144,-0.38287556986847054,15.28397436532877,24438,AIOPS
timesfm,data/AIOPS/adb2fde9-8589-3f5b-a410-5fe14386c7af.csv,value_0,1.625704478965926,2.9711372276912806,21742096.915084716,4.665627074758747,0.5777206314171257,4.727271156813052,0.9907338899338309,76.69422302246093,-0.11222247191443797,2.4807023692838612,298541,AIOPS
timesfm,data/AIOPS/ba5f3328-9f3f-3ff5-a683-84437d16d554.csv,value_0,8.123208075596725,12.529547057344097,562847357.4714259,6.020841716454126,0.8163081055100798,5.9712344550948755,1.950247140460379,240.06668090820312,0.031175750047838492,4.414454799472958,298541,AIOPS
timesfm,data/AIOPS/c02607e8-7399-3dde-9d28-8a8da5e5d251.csv,value_0,0.04470909442052451,0.06412920336472115,32.68208637023269,26.263366987822284,0.6254172768485774,22.648291454667966,6.854798180426864,0.29935314702906923,-0.005439534175964777,11.481053999971783,17056,AIOPS
timesfm,data/AIOPS/c69a50cf-ee03-3bd7-831e-407d36c7ee91.csv,value_0,1.5927030006902438,3.162159049856868,4.5672255291195105,4.456323969779774,0.6071711777499587,4.526924842081775,1.3023799404115421,128.18903869628906,-0.1366201291423588,1.8525742866347579,298541,AIOPS
timesfm,data/AIOPS/da10a69f-d836-3baa-ad40-3e548ecf1fbd.csv,value_0,0.014955383054135305,0.025590075008332207,2364.572498051037,57.661357082450316,0.6236053622371915,36.43697177174958,1.4222251521576665,0.8872565825207114,-0.0054694775274155465,2.55900754546743,215488,AIOPS
timesfm,data/AIOPS/e0747cad-8dc8-38a9-a9ab-855b61f5551d.csv,value_0,0.45014075783182883,0.6217735654348672,138.45227938315298,78.71499854515565,0.6078601878033627,54.21758408476052,4.530807232815805,3.639833245153244,-0.11453299807935304,11.040180947964338,17056,AIOPS
timesfm,data/AIOPS/f0932edd-6400-3e63-9559-0a9860a1baa9.csv,value_0,1.8995594931283633,9.097217083175098,56174524.196211234,15.200802784345417,0.22758865085969526,15.27956648711852,1.1601706834180872,540.605372428894,-0.31534837292354617,1.6023279759005016,263078,AIOPS
timesfm,data/AIOPS/ffb82d38-5f00-37db-abc0-5d2e4e4cb6aa.csv,value_0,0.1947985888067252,0.3153436823405744,10581949.280722644,12.03350311852077,0.8822990168235889,9.280124595189216,1.36931672559357,27.645304679900878,0.034818745622793454,1.074424798097594,263078,AIOPS
patch_tst,data/AIOPS/05f10d3a-239c-3bef-9bdc-a2feeb0037aa.csv,value_0,2.671569054700287,3.584636712138916,30560546.17737744,7.681002084513501,0.2734313789475974,7.6474621959765745,2.123440801101205,168.98617149353026,-0.0009334866631405198,1.7989745619486681,298541,AIOPS
patch_tst,data/AIOPS/0efb375b-b902-3661-ab23-9a0bb799f4e3.csv,value_0,0.09273643896569761,0.10903776373198489,93.78788678032134,52.40624344121987,-0.09552923394996804,47.16693781194055,16.081360458325086,0.25432545845076643,0.0003908060849081752,23.951850150704633,17056,AIOPS
patch_tst,data/AIOPS/1c6d7a26-1f1a-3321-bb4d-7a9d969ec8f0.csv,value_0,2.96119882711952,4.773790204865463,8.506462144667855,8.197215094136629,0.11666105037542773,8.299055569492362,2.3907601936064706,130.96366302490233,-0.0017906490725374548,2.7962688641433124,298541,AIOPS
patch_tst,data/AIOPS/301c70d8-1630-35ac-8f96-bc1b6f4359ea.csv,value_0,0.09700585065168679,0.11305149170075704,343384.4261154446,57.11579094689553,-0.1650278790574784,49.13075279927136,13.441574092227336,0.2529534196719305,-0.0004273985641110415,26.607419143210205,17056,AIOPS
patch_tst,data/AIOPS/42d6616d-c9c5-370a-a8ba-17ead74f3114.csv,value_0,2.5970515399322305,4.060237238362409,53235922.54596052,7.521024988767559,0.21429291182683496,7.545828007189112,1.5354810953302094,93.64788131713868,0.0027952669165980408,3.15235810431864,298541,AIOPS
patch_tst,data/AIOPS/43115f2a-baeb-3b01-96f7-4ea14188343c.csv,value_0,1.5464887888678107,5.2915473467290015,885691894.7582232,7.127897548797494,0.17142537025933258,6.319997724497002,2.445493495960038,136.56580077290536,-0.03049260013526919,3.867242086332676,220876,AIOPS
patch_tst,data/AIOPS/431a8542-c468-3988-a508-3afd06a218da.csv,value_0,1.2298521632487847,1.4400887894334105,134674290.97209725,35.8187416476717,0.08742854230450636,31.786982850654816,11.226135886305963,10.64208984375,0.0033254911484231634,9.143420885291494,263078,AIOPS
patch_tst,data/AIOPS/4d2af31a-9916-3d9f-8a8e-8a268a48c095.csv,value_0,0.8332218468167234,1.528576156394367,1732253.4803405781,21.242674100701823,0.2317239060114029,22.306033317079073,3.6560090622922226,35.11787414550781,0.002557605935789962,3.9962775330571687,263078,AIOPS
patch_tst,data/AIOPS/54350a12-7a9d-3ca8-b81f-f886b9d156fd.csv,value_0,0.6535797111996802,1.0057669047788529,224.79535197725392,152.48406672018913,-0.02050362661041727,100.68383426977464,1.3740642474899516,45.905613838712405,-0.017657438270861803,1.98210130894916,17344,AIOPS
patch_tst,data/AIOPS/55f8b8b8-b659-38df-b3df-e4a5a8a54bc9.csv,value_0,15.357434920201246,20.488090814450832,337548807.31614536,11.430599510133066,0.5226944566550299,11.299193374393393,3.768225552332228,225.3379669189453,0.020495730204613778,7.093968634898665,298541,AIOPS
patch_tst,data/AIOPS/57051487-3a40-3828-9084-a12f7f23ee38.csv,value_0,0.4775912612651004,13.031413717529427,2295240605.989882,121.16265790250964,-0.028855378755056282,195.95358547386073,4.4023237356562275,1865.748046875,-0.005375990595876123,0.69845444017309,263058,AIOPS
patch_tst,data/AIOPS/6a757df4-95e5-3357-8406-165e2bd49360.csv,value_0,0.3592580568088043,0.4603223045903326,18452900.51365689,26.540962890331286,0.19718955162063845,25.81672684457092,2.787258734433433,16.647425174743407,0.0014104353033549141,2.5432170988285048,263078,AIOPS
patch_tst,data/AIOPS/6d1114ae-be04-3c46-b5aa-be1a003a57cd.csv,value_0,26.17459507733254,34.41515776427805,269257733.5828333,17.095510101861276,0.1311501286270207,16.859874388166094,5.934210886873136,233.1321258544922,0.010762008157975723,11.292544219805109,298541,AIOPS
patch_tst,data/AIOPS/6efa3a07-4544-34a0-b921-a155bd1a05e8.csv,value_0,8.315316979273033,12.018067541182635,37061546.80648506,16.02919898040595,0.22425732936434317,16.47949978216947,3.6377007468495863,190.53336151123048,-0.012367233977152853,5.016306678847414,298541,AIOPS
patch_tst,data/AIOPS/7103fa0f-cac4-314f-addc-866190247439.csv,value_0,1.6093539908883174,10.420738500711392,8044494242.588076,187.177310646241,-0.0017407380384339977,188.0058257040687,1.152571456009797,1188.6564127206802,0.0026185895923437233,0.8762445659626985,263068,AIOPS
patch_tst,data/AIOPS/847e8ecc-f8d2-3a93-9107-f367a0aab37d.csv,value_0,2.918118683263778,3.8947064684392685,31631526.175354414,7.8876986582761015,0.258431246450908,7.869048896264824,2.2614013407272826,264.46065353393556,-0.005220501405751847,1.3080897657148076,298541,AIOPS
patch_tst,data/AIOPS/8723f0fb-eaef-32e6-b372-6034c9c04b80.csv,value_0,26.531240393151002,34.53701396685238,326837893.37063473,17.212623983814467,0.11802698766624997,16.861199163438094,5.770952911672835,251.31979370117188,0.01484959628726126,9.542984158175342,298541,AIOPS
patch_tst,data/AIOPS/9c639a46-34c8-39bc-aaf0-9144b37adfc8.csv,value_0,1.5438456515088521,5.265940435408245,872686241.1013047,7.169372062541611,0.16959714274630544,6.360639689801073,2.443204357319066,138.3726171851158,-0.03119001882251867,3.7952723858798167,220876,AIOPS
patch_tst,data/AIOPS/a07ac296-de40-3a7c-8df3-91f642cc14d0.csv,value_0,14.340330766416795,21.17175429629844,5877215885.554727,13.073391166513263,0.24736952122064215,10.524877830603195,3.572250980634708,370.8408203125,-0.201605191501446,5.332935591007164,222218,AIOPS
patch_tst,data/AIOPS/a8c06b47-cc41-3738-9110-12df0ee4c721.csv,value_0,0.6339506001321037,0.9691743887737122,265.3651253430935,149.1636691796548,-0.01199353376488177,100.39823009343174,1.0726828323286062,15.936848432477557,-0.007806969140580077,5.144585321631504,17344,AIOPS
patch_tst,data/AIOPS/ab216663-dcc2-3a24-b1ee-2c3e550e06c9.csv,value_0,0.8423003419246957,1.0087786900163398,340.8429568780772,144.39343443754257,-0.06880651980835273,103.63925631686071,37.01295743128387,3.672549188052174,0.002723386350627183,18.132432254117724,24438,AIOPS
patch_tst,data/AIOPS/adb2fde9-8589-3f5b-a410-5fe14386c7af.csv,value_0,2.612966418654057,4.041753673526368,53610972.65054749,7.570192508003595,0.21856272235571328,7.598060375943222,1.5923892796716983,78.39286003112792,0.0018109426011227595,3.3745960370095753,298541,AIOPS
patch_tst,data/AIOPS/ba5f3328-9f3f-3ff5-a683-84437d16d554.csv,value_0,15.697067821620832,20.888945257849244,636871688.810367,11.71055509997602,0.4894335495941168,11.53865213695612,3.768604884650802,219.2290496826172,0.029722816817678015,7.359667849716113,298541,AIOPS
patch_tst,data/AIOPS/c02607e8-7399-3dde-9d28-8a8da5e5d251.csv,value_0,0.09751997910079879,0.11266808274271535,113.05302794751387,56.09562890726857,-0.15621303350314442,49.40070779680329,14.9517628115622,0.41106027421471925,-0.0005511728595598613,20.170971634960498,17056,AIOPS
patch_tst,data/AIOPS/c69a50cf-ee03-3bd7-831e-407d36c7ee91.csv,value_0,2.917632910394953,4.713041232308467,8.48485005886233,8.18084645290164,0.12735339604046236,8.292760732175575,2.3857973359352944,131.11190551757812,-0.001276089560758326,2.7611700933320447,298541,AIOPS
patch_tst,data/AIOPS/da10a69f-d836-3baa-ad40-3e548ecf1fbd.csv,value_0,0.03460588702936849,0.04399024564793138,67160.72065990102,101.6431114320999,-0.11227732631900333,84.31303459504467,3.2909463280036513,0.900084545157659,-4.8873038242969356e-05,4.399024641520925,215488,AIOPS
patch_tst,data/AIOPS/e0747cad-8dc8-38a9-a9ab-855b61f5551d.csv,value_0,0.865346953146318,1.0358753497335975,160.8725216391252,145.53117243032833,-0.08840724783145415,104.2274452566454,8.709987189551999,3.296067658538635,0.006213522423751505,18.392951930332178,17056,AIOPS
patch_tst,data/AIOPS/f0932edd-6400-3e63-9559-0a9860a1baa9.csv,value_0,3.719702228378568,10.35944465542699,239958148.6854973,28.34247086939144,-0.0016234391427121242,29.92032506293951,2.2718369664235225,533.578125,0.0066126259273505085,1.8246489925895184,263078,AIOPS
patch_tst,data/AIOPS/ffb82d38-5f00-37db-abc0-5d2e4e4cb6aa.csv,value_0,0.6759160831985678,0.8103206770887665,49789931.95446923,34.179116854974446,0.22281275710892567,32.20036400878914,4.751282868582776,26.37100148204016,0.0026059692872309327,2.7608881313661953,263078,AIOPS
autoreg,data/TODS/0.csv,value_0,0.1410445215895601,0.2393248759944571,28.784956315221788,22.10430888876579,0.9522635622249331,14.261244764985975,1.1541717359451429,1.9500974947387788,-0.0019614825620808242,7.520258452997998,9488,TODS
autoreg,data/TODS/01.csv,value_0,0.14850644054453974,0.23223008204323273,40.21049160560789,25.064321853500054,0.9527229982923365,15.497432046961993,1.2375358679990507,1.7321834044237474,-0.0017937473246209081,7.297320139702018,9488,TODS
autoreg,data/TODS/012.csv,value_0,0.16739874618261072,0.2685597435299961,40.46034353650798,26.28043807847168,0.9371530941558398,17.344133547391806,1.5838101535189726,2.0544419924943327,0.001731628982237398,8.43889993893992,9488,TODS
autoreg,data/TODS/0123.csv,value_0,0.19247291382857148,0.37295504259122675,86.26164525669232,30.895960363594366,0.8779613926222493,20.029029902778543,1.9837743681750748,2.8443008510372376,-0.0021126216525869973,11.71929286489993,9488,TODS
autoreg,data/TODS/01234.csv,value_0,0.7666498092424359,1.1424057891996717,132.89953930676128,49.16608334549709,0.7391860029822535,33.440587010394616,4.332180310815437,6.913412914557321,0.1066728199055239,13.36389780153239,9488,TODS
autoreg,data/TODS/1.csv,value_0,0.14413199503651677,0.21774736293970343,49.03925391798805,25.831762990841412,0.9562162198058048,15.533409242998728,1.2548339702434599,1.3906942049544377,-0.001622957151703685,6.842232509098861,9488,TODS
autoreg,data/TODS/12.csv,value_0,0.15950529120967594,0.244476159470283,42.36927744064203,26.327506793274907,0.9466728448122768,16.744802391638512,1.694224319353253,1.9469846907679116,-0.00022385278421133213,7.682126219321487,9488,TODS
autoreg,data/TODS/123.csv,value_0,0.20939838511359893,0.40062958555854045,60.18550212218932,33.37621925023376,0.8572549682960032,21.937651968077283,2.4036294404674696,2.8852236964612663,0.002845826721640183,12.58890457917746,9488,TODS
autoreg,data/TODS/1234.csv,value_0,0.7093312762525666,1.085511133288324,99.62900706599885,49.079719932672475,0.6678735191172815,31.272009105364383,5.838237810802109,4.6081924276607795,0.06866778201455515,12.705563524109987,9488,TODS
autoreg,data/TODS/2.csv,value_0,0.1594481852386706,0.2606209680149399,34.52359820660966,26.336648129431328,0.9411249479821988,16.369564390648964,2.1470904477952786,1.898755491421579,-0.003662178417426445,8.189441359151758,9488,TODS
autoreg,data/TODS/23.csv,value_0,0.24016147747933927,0.4407365270689385,70.17823171300799,39.741863872208135,0.8300912649687227,24.83965922075223,3.370891639865856,2.664589937429226,0.013342912399643997,13.849177104815174,9488,TODS
autoreg,data/TODS/234.csv,value_0,0.7166414052124597,1.1607749326236898,7.3897051912680425,8.06735338212919,0.8900249705578985,6.445723169841322,10.007665039706875,5.720409073432043,-0.35990588666889745,7.397831439254516,9488,TODS
autoreg,data/TODS/3.csv,value_0,0.38886212478566845,0.6559712105668538,122.45915329684529,64.5335973809374,0.6183700067552095,40.6785102212737,5.744168656443097,3.035436369636665,0.012229761730918332,20.612454182585537,9488,TODS
autoreg,data/TODS/34.csv,value_0,0.911241788448023,1.4446731134743116,38.39227637087995,27.39903643934945,0.8213905999709332,13.21314931283528,13.143520313930617,6.145569164620477,0.17898581593197876,10.387018932050127,9488,TODS
autoreg,data/TODS/4.csv,value_0,1.2142753229455523,1.7590517185091463,27.139862600048716,22.35162008358243,0.8714425940908792,12.141225130703603,16.812592538054794,7.394062584964734,-0.014077332002705154,7.70291952540807,9488,TODS
granite_ttm,data/TODS/0.csv,value_0,0.7903940231457102,0.912649394260882,298.0253944122384,111.9402295327235,0.30580375164063167,79.91804642837896,6.46781903681024,2.737714580261205,-0.008063206938752177,28.678002206393536,9488,TODS
granite_ttm,data/TODS/01.csv,value_0,0.774946729347686,0.8913540292739476,310.32530983958674,112.0963132422493,0.3035123199449833,80.86978742500594,6.457796509294729,2.724793962203954,-0.007166670013736757,28.008842145671814,9488,TODS
granite_ttm,data/TODS/012.csv,value_0,0.7772734775837711,0.8948508703760762,325.4667044066305,111.9539686324551,0.30224428299333783,80.53307032152065,7.354019393402478,2.519048443996404,-0.00596535104416768,28.11872269506227,9488,TODS
granite_ttm,data/TODS/0123.csv,value_0,0.7907821210649214,0.911960421351019,306.7931884401977,115.19455893118086,0.27031359087742424,82.29001387436159,8.15041073247804,2.7307073762981764,0.00026845794301704547,28.656352746312326,9488,TODS
granite_ttm,data/TODS/01234.csv,value_0,0.9788980848622838,1.2441659682025894,117.17198795434038,62.57011198869673,0.690652407788064,42.698669179208224,5.531551639888661,7.587599116466965,0.2303625650358692,14.554291482409425,9488,TODS
granite_ttm,data/TODS/1.csv,value_0,0.7538746636319809,0.8643010641238443,351.51502239335264,111.84776840270962,0.3101772040256272,81.24666327664931,6.563341727085643,1.6667286109770854,-0.0035742233717357065,27.158762148749823,9488,TODS
granite_ttm,data/TODS/12.csv,value_0,0.768148731409932,0.8835146564015954,327.2589131130752,111.7527725963814,0.3035292148236932,80.6399500436563,8.15907893565922,2.25435651142461,-0.009167139157515701,27.762507075552,9488,TODS
granite_ttm,data/TODS/123.csv,value_0,0.7848445018698742,0.9053591969530453,305.2040765887957,114.96578293379073,0.2710180061981172,82.22434724957255,9.009025307716866,2.2653386994339098,-0.0003055383938297006,28.448923771899537,9488,TODS
granite_ttm,data/TODS/1234.csv,value_0,0.9598847559988716,1.1885522823605699,112.48935752875065,61.59395031934888,0.6018272630000335,42.31806186283128,7.90044886515025,4.503753423235089,0.24603476481681935,13.91162749249028,9488,TODS
granite_ttm,data/TODS/2.csv,value_0,0.7651011075123688,0.8820578202425429,291.154946869433,111.47741686647696,0.325616856699815,78.54822446573102,10.302665264445952,2.3209234137344303,-0.007361000408189285,27.716729199791178,9488,TODS
granite_ttm,data/TODS/23.csv,value_0,0.7841437995442239,0.9089103749770383,295.0317880743994,114.38497759663491,0.27739703729791687,81.10320175066386,11.006193857895749,2.5930193094882337,-0.02418769530442133,28.560511739686273,9488,TODS
granite_ttm,data/TODS/234.csv,value_0,1.0835559991520907,1.3474500466272303,11.16003059096392,12.219549645906463,0.8518084662554444,9.745881215842653,15.131508467703167,4.774881740636342,-0.6092015973038436,8.587546162142589,9488,TODS
granite_ttm,data/TODS/3.csv,value_0,0.7963556186654019,0.9263056670567694,285.2789315668134,117.92070439280913,0.23900538606849808,83.30603087535049,11.76355497887961,2.5540876736899145,-0.02311304364373926,29.107120577406913,9488,TODS
granite_ttm,data/TODS/34.csv,value_0,1.0532711936974155,1.3162002048046435,39.65864511148119,28.702137094475948,0.8517451058370269,15.272598036724066,15.192116412942108,4.508049521452559,0.44416957088996467,9.4633147929192,9488,TODS
granite_ttm,data/TODS/4.csv,value_0,1.2379941894357778,1.6208152990459495,28.46564002919103,25.06974889600977,0.8908542226691504,12.378383946716076,17.140998814810338,6.260479483610766,0.4575177435913607,7.097579725900621,9488,TODS
chronos,data/TODS/0.csv,value_0,0.5132038587015897,0.599402831205796,242.82046334704205,78.02337230717983,0.7022967581032964,51.61117200149934,3.5662723718755562,2.147276370820271,-0.0717583981512435,18.834917136782387,1216,TODS
chronos,data/TODS/01.csv,value_0,0.5285558086557435,0.6128952761008891,259.77538229265485,80.83785866215966,0.6738372429388754,54.74628380388482,3.5478547597185477,2.205870120820271,-0.06774234239837411,19.258887575928398,1216,TODS
chronos,data/TODS/012.csv,value_0,0.5202438855522452,0.6126465491814782,317.2947967408849,79.37810443574529,0.6786972584495093,53.17429730196574,4.199127087571914,2.378875902854894,-0.08140658917352335,19.251071878916477,1216,TODS
chronos,data/TODS/0123.csv,value_0,0.5121960862169065,0.6002453290734561,317.6124543375814,78.93022598246311,0.6908123646507245,52.429457217946364,4.288875616434255,2.206002218256316,-0.06320692404951594,18.861390781381917,1216,TODS
chronos,data/TODS/01234.csv,value_0,0.5955143463983609,0.7847788895555258,57.41979945482033,40.13051742095401,0.8938192348827296,24.74306651712557,3.5722522361316984,6.418358641766037,0.1026399428937859,9.180367410574336,1216,TODS
chronos,data/TODS/1.csv,value_0,0.5201990741604746,0.5995630006281965,355.0367509954383,81.66854212722343,0.6709363271507633,55.68469473668355,3.533287715460024,1.1947998828370026,-0.08039055084882463,18.974439518973576,1216,TODS
chronos,data/TODS/12.csv,value_0,0.5063304775822134,0.5916010065541651,309.13023414388306,78.67346787382722,0.6930708199468363,52.50732667747182,4.557875962961903,2.08543366987569,-0.07462390718981102,18.722465373054224,1216,TODS
chronos,data/TODS/123.csv,value_0,0.5244236461477599,0.6493836306902665,240.36728320347885,79.16966368959025,0.6332538656863975,54.09891669456469,4.639415609944635,2.2926755654297666,-0.15885537037639255,20.551118751880608,1216,TODS
chronos,data/TODS/1234.csv,value_0,0.5910230357933264,0.7527672221509183,68.27129569561116,41.378101496269664,0.8415952255148047,24.656440696220034,3.914108770523521,4.581963511596773,-0.0646249898978382,8.865461179324571,1216,TODS
chronos,data/TODS/2.csv,value_0,0.500335953590676,0.5898561368470994,237.76180203215006,76.96123372854953,0.7007495852665696,51.04143912169848,4.902751020512341,2.158908893924777,-0.08269273873964006,18.667245279935536,1216,TODS
chronos,data/TODS/23.csv,value_0,0.48978216851545736,0.5814416130261781,297.0649903377273,76.02651674337201,0.7073416558257769,50.2879632296365,4.97823495710142,2.07371491987569,-0.08018349592179701,18.4009498728578,1216,TODS
chronos,data/TODS/234.csv,value_0,0.5543121502617594,0.7176440918208179,5.60410403362529,5.672552643997932,0.9621763909435641,5.131936407440998,5.176204714769958,2.29033181542977,-0.19452565993709586,4.596921738332839,1216,TODS
chronos,data/TODS/3.csv,value_0,0.512444489897881,0.6160115536162293,278.32347706246713,78.7138864989279,0.6712300479069141,52.75356920837761,5.654934589560142,2.1735989558423223,-0.11690331069092212,19.49498877488005,1216,TODS
chronos,data/TODS/34.csv,value_0,0.6660275795377042,0.8591384538230649,39.0754570049949,21.328453666532436,0.9396520699561014,9.978631385878195,6.583831797466052,2.3373285858713633,0.032697176197926205,6.18793963358807,1216,TODS
chronos,data/TODS/4.csv,value_0,0.9055605904917707,1.2407789611130824,47.97384623233077,22.51708863840737,0.9372291034716207,9.450977728084746,7.8498616876611615,3.85179780250923,0.0852729852631217,6.432032562002475,1216,TODS
timesfm,data/TODS/0.csv,value_0,0.111871487544719,0.2046932793877368,37.05309195241917,19.984094676754964,0.9650794166284413,11.311511061315894,0.9154478850159816,1.8313063374130596,0.006242303917197904,6.432036612120341,9488,TODS
timesfm,data/TODS/01.csv,value_0,0.10708411794880006,0.19898737873024966,40.55025759585975,20.027444699104986,0.9652892468642896,11.174793733761799,0.8923548121465866,1.817408650216328,-0.0021449777492441413,6.252741219306983,9488,TODS
timesfm,data/TODS/012.csv,value_0,0.11118104452673404,0.20412170842502164,46.116353044168854,20.533684034521862,0.9636938278177871,11.519434453270144,1.0519174797653201,1.7926706587905628,-0.0033770128738565635,6.414076250306778,9488,TODS
timesfm,data/TODS/0123.csv,value_0,0.1666608694237462,0.3807952138964273,71.49725626661365,27.236377483579943,0.8727765294357954,17.34298853232079,1.7177355211397152,2.957882567133381,-0.017887977825201892,11.965653024017916,9488,TODS
timesfm,data/TODS/01234.csv,value_0,0.3897636168739613,0.7437677826128555,80.69731537734518,27.303572630866125,0.8894484517921359,17.001144442257505,2.2024739933896313,7.025271254681076,0.021546796326120568,8.700618229424336,9488,TODS
timesfm,data/TODS/1.csv,value_0,0.102530568062046,0.18362833960775996,40.379549216726005,20.271657044606616,0.9688622762589802,11.049935673348497,0.8926459372189909,1.4687443627536763,-0.011300126057101607,5.770117157303895,9488,TODS
timesfm,data/TODS/12.csv,value_0,0.09936697640264582,0.18282427698861298,45.48425140667585,19.484073043342264,0.9701775639197171,10.431505886094245,1.0554505539296548,1.5213283379779543,-0.008042159887295721,5.744851255950123,9488,TODS
timesfm,data/TODS/123.csv,value_0,0.15590887664611747,0.38207941327047146,49.69794376418461,25.910783472891495,0.8701678520192481,16.333815911430804,1.7896373256819444,3.3718734620058735,0.005079450810871189,12.006006168077265,9488,TODS
timesfm,data/TODS/1234.csv,value_0,0.39370312482430453,0.7285333776537386,61.41105264302009,28.295045863128266,0.8503992236998204,17.357034881304536,3.2404217134248774,4.931619686331975,-0.009156839831999485,8.527252116865553,9488,TODS
timesfm,data/TODS/2.csv,value_0,0.08778902667723852,0.16223235820927165,31.343543918343457,17.20065098297604,0.9771867290248213,9.012759366526343,1.182145662666529,1.550718193675239,-0.002404597520999145,5.09779544689425,9488,TODS
timesfm,data/TODS/23.csv,value_0,0.1945293270018311,0.48292676043346433,72.85363896949687,29.766807955676533,0.7960047009342058,20.11997195338479,2.730401598880969,4.0700065549172475,-0.0006200890953067951,15.174912500164892,9488,TODS
timesfm,data/TODS/234.csv,value_0,0.373287531176904,0.7157863630007073,4.08383636441415,4.177371952499423,0.9581818433186458,3.3574784700117988,5.212839431751887,4.670105088914616,-0.10028674003028346,4.561837709595806,9488,TODS
timesfm,data/TODS/3.csv,value_0,0.30001423711251823,0.6587287393693116,102.20992420984128,41.7643352822415,0.6151547204949623,31.384214180375192,4.431731113587559,3.7976550951343464,0.005402020899836957,20.69910346716116,9488,TODS
timesfm,data/TODS/34.csv,value_0,0.4849085375440202,0.8501767155842024,22.974768903575736,14.973097004320069,0.9381437562196214,7.031250092854139,6.9941976919902356,4.728500827202414,0.0675853385710146,6.1126642130993964,9488,TODS
timesfm,data/TODS/4.csv,value_0,0.6807213080507161,1.0510330166649198,18.229392045568513,14.111505068036667,0.9541042362430785,6.806356430156468,9.42511946670067,5.442892510358007,0.07537163565070097,4.602492729877436,9488,TODS
patch_tst,data/TODS/0.csv,value_0,0.9900764421159753,1.0966873817795784,103.12764171568958,192.13493394827697,-0.002397594368869216,100.10826594279796,8.101826522838646,1.6394116608435851,0.0006363512151710544,34.46099164933917,9488,TODS
patch_tst,data/TODS/01.csv,value_0,0.9592796327506095,1.0693334153292722,103.17896650682013,192.06196299125682,-0.0023958295275199326,100.10590024294963,7.99388193950949,1.6404796456927997,0.0012068512403459585,33.601453347830954,9488,TODS
patch_tst,data/TODS/012.csv,value_0,0.9661129154849256,1.072464188024881,103.70099146043188,192.20802952207347,-0.0022306310783164474,100.0986674640413,9.14068641423189,1.6553486017520171,0.0006193302756423315,33.69983100176574,9488,TODS
patch_tst,data/TODS/0123.csv,value_0,0.9620801661670341,1.0689426418386836,105.71556892184977,192.5496972296131,-0.002520080780974876,100.11555409917227,9.915940564352104,1.675895354711507,0.0004581092972911934,33.58917414938326,9488,TODS
patch_tst,data/TODS/01234.csv,value_0,1.186533038090673,1.4609800972930982,166.55601341943324,67.65681961492082,0.5734413987455047,51.755522303184485,6.704854033457327,6.98427874356197,0.058748280546936024,17.09058978419209,9488,TODS
patch_tst,data/TODS/1.csv,value_0,0.9288771009463139,1.0418785983339505,103.77027113334849,191.9441074198311,-0.002401437548220864,100.10704522471745,8.086938227375464,1.6374565949673396,0.0007666630250446571,32.738746039505166,9488,TODS
patch_tst,data/TODS/12.csv,value_0,0.953440480720202,1.0598027809100383,103.56788174079215,192.28298709026757,-0.0021333072493880945,100.09180460892529,10.127200403456161,1.6277756234640819,0.000758862458535813,33.30197409914919,9488,TODS
patch_tst,data/TODS/123.csv,value_0,0.9567494964093558,1.0629719030426361,104.15713862651953,192.39368786299667,-0.004890027350999748,100.2339987554115,10.982277898057228,1.6283076602512134,-0.002082993987257796,33.401556799891104,9488,TODS
patch_tst,data/TODS/1234.csv,value_0,1.1532620025988074,1.3802112807540574,139.20656183891452,68.68660656690055,0.46305959619651804,50.84340850818386,9.492063940708485,4.210423261680026,0.05841534840654633,16.154935280296222,9488,TODS
patch_tst,data/TODS/2.csv,value_0,0.9750431746217773,1.0754162350386374,103.8174136942081,191.59672967630442,-0.0024570485292048083,100.10168511320863,13.129694033737227,1.6220007231468898,0.0010264735312186704,33.79259259379248,9488,TODS
patch_tst,data/TODS/23.csv,value_0,0.9685650654674597,1.0714660928445794,104.30301560552316,191.97514996943312,-0.004186735597996316,100.17770714875375,13.594719336831455,1.6348458992712258,0.0016692635204827158,33.668468053449686,9488,TODS
patch_tst,data/TODS/234.csv,value_0,1.2335251176006556,1.5098359699537938,12.587582931024697,13.425524927373257,0.8139380446400246,11.094755861535239,17.225778618460666,5.313531299657338,-0.4526721098303775,9.622461420143834,9488,TODS
patch_tst,data/TODS/3.csv,value_0,0.9593177475475992,1.0656939241717132,105.44657016945305,191.21675161227444,-0.00725149443124673,100.35334971379166,14.170788528375601,1.6731673812133092,0.0019141835699578668,33.487090333837884,9488,TODS
patch_tst,data/TODS/34.csv,value_0,1.3897734187537754,1.767711986855988,43.48989622471202,37.61161192327362,0.7325835342178396,20.15193324735307,20.045739114161538,6.668020118784293,0.2599968235279318,12.709628013861135,9488,TODS
patch_tst,data/TODS/4.csv,value_0,1.7249556928067384,2.2806848262103303,33.7295124011631,34.47940214078535,0.7838922062032687,17.247386166139272,23.883362085468406,8.467049493498546,0.3547503398983862,9.987160408226574,9488,TODS
autoreg,data/WSD/0.csv,value_0,4.589324791327679,6.447437404377311,11.707241497004524,11.427855827466258,0.7069285020932263,11.23621997310469,3.6120412771731836,38.475413930702885,-0.1524485956853157,8.28228111019617,35959,WSD
autoreg,data/WSD/1.csv,value_0,4.061583728221538,5.862857790280199,13.515379588332749,12.737843333755128,0.7093862842443479,12.529842514818226,4.023250722950559,37.25689878410995,0.22129207691903022,7.2321435338242255,35959,WSD
autoreg,data/WSD/10.csv,value_0,1139.3398610977686,1568.357004836711,57.830006339272565,38.92772321738083,-0.047521779413337795,30.791528096758906,12.709766811510647,4720.874575620142,89.12539857873142,19.772529057447187,35959,WSD
autoreg,data/WSD/100.csv,value_0,1493.5183289785348,2043.8494652353097,50.83571723947454,37.8991297595156,-0.08547192324321307,30.518316202816877,4.644345065434217,8496.662109375,60.41318381434584,18.174012673264357,35959,WSD
autoreg,data/WSD/101.csv,value_0,1416.5224885276677,1948.3470815871117,1059494449.7537956,34.06922580618924,-0.04613036072986376,28.459356751051534,4.201979504307085,8666.0390625,52.94366842250574,16.836735927990944,35959,WSD
autoreg,data/WSD/102.csv,value_0,491.2414828416324,679.9447707731347,2001886817.0526595,37.55586644025663,-0.06789091175980588,29.8160619738838,7.99871365682601,2052.8412420700424,54.3987609642989,19.94557849143839,35644,WSD
autoreg,data/WSD/103.csv,value_0,562.5177355633781,758.9886243533231,3784665425.4924088,39.771793134791,-0.05764032052780599,31.845581635827465,7.113839579473487,2568.7656873432825,44.493402676693165,15.749919575707057,35963,WSD
autoreg,data/WSD/104.csv,value_0,391.8658915843493,541.2305271948208,8219154879.271297,35.195790577691824,0.009178320918347915,28.86090729413173,6.01046672319655,1912.2388432244188,40.05698030171157,18.484649152828577,36270,WSD
autoreg,data/WSD/105.csv,value_0,366.8082989994694,504.62528275516496,3848428720.4625154,36.48339898327619,-0.06154408820114532,28.759657296744596,6.186315333114164,1871.2505666257725,28.568064638053404,18.586566583983977,36103,WSD
autoreg,data/WSD/106.csv,value_0,369.04262295950235,499.0789951634768,5207269421.892271,36.72023101104077,-0.011088202489996313,29.06359314030385,5.833530401277446,1867.2598389644186,28.689346337208285,15.723975903071102,35859,WSD
autoreg,data/WSD/107.csv,value_0,391.69729731780035,531.4815429344515,5008979160.115781,37.6116168503412,-0.08142741804858344,29.867802459394373,6.003788474139483,1934.931640625,13.70419799830332,16.991097919899342,35915,WSD
autoreg,data/WSD/108.csv,value_0,489.6846449832229,678.5031307031294,1692060607.7006493,37.13343072614703,-0.06498148772914769,29.647842827358893,8.045656437205707,2103.3482861148723,60.80883313500675,20.369352467821354,35645,WSD
autoreg,data/WSD/109.csv,value_0,560.1064603338147,758.511747478093,3163967440.2545667,38.8761760313886,-0.04905226751857206,31.30597930645116,7.11960980333023,2583.8470497039443,53.54270008540896,18.450784419316296,35962,WSD
autoreg,data/WSD/11.csv,value_0,1241.6359832121482,1684.2130345481112,63.03643304501786,40.23862106082594,0.01747565381820948,32.976796971636155,12.889795816629489,4423.052734375,82.11357481366608,24.222825176874892,35959,WSD
autoreg,data/WSD/110.csv,value_0,394.4100369048147,547.0870384670712,7883438456.77876,34.75157106095858,0.02026723761262339,28.530406103156892,6.0733958957364065,1946.4837528445216,48.67775316567305,18.501421659353102,36270,WSD
autoreg,data/WSD/111.csv,value_0,359.15653619155006,488.8803099338486,3924606195.6373796,35.3611513942317,-0.0006950617062677633,28.27668129819532,6.1420617258005885,1897.4092634994506,15.006739645438278,15.407510555746883,36098,WSD
autoreg,data/WSD/112.csv,value_0,367.05851606122275,507.801614465299,3309161229.5776105,36.82561662337389,-0.05052068493198125,28.805349714088397,5.736076560454012,1822.5709335707875,50.222117453401346,16.423079381154558,35863,WSD
autoreg,data/WSD/113.csv,value_0,392.006163584552,539.0162556662204,3717001744.714912,37.4012705934666,-0.11045436461282554,29.920382650115773,5.991493528273155,1778.131423797149,62.23973727572952,15.471189887090139,35916,WSD
autoreg,data/WSD/114.csv,value_0,1574.6347265919371,2167.9594645294715,3241837599.591362,28.424008277595835,-0.006149945133683943,24.681598466193314,8.41289333141654,7026.48581240937,-43.86958150010485,17.184206281939375,35959,WSD
autoreg,data/WSD/115.csv,value_0,1700.9902006919572,2316.3316081320804,2338328431.1791983,29.850216311516608,-0.06595413835486852,25.578582173413505,9.324505487066933,8408.395073568063,116.44928643386285,18.97699171007767,35959,WSD
autoreg,data/WSD/116.csv,value_0,1428.4564533838322,2085.030682003554,4239887875.9179673,32.676898821211395,0.443623430300625,25.713278200316324,10.01621979467272,8418.3798828125,133.0294668050563,19.34524663206118,35959,WSD
autoreg,data/WSD/117.csv,value_0,1707.6017131109468,2311.602571998793,2315337020.8894424,29.122659538469676,-0.00790228166708018,25.058076419109472,8.8203951330643,10838.95703125,155.45055919463329,13.655497235342587,36159,WSD
autoreg,data/WSD/118.csv,value_0,1352.650242116777,1792.964300380882,4013762261.445496,24.97325666167737,0.11871278382962991,21.98904969134568,7.526969285234726,7298.576585958428,42.922153494037524,15.955898374840988,35846,WSD
autoreg,data/WSD/119.csv,value_0,1440.776143886701,1911.4047482420976,1828235429.3515127,28.734220337941085,0.0013823085609317998,24.913371297928798,8.049063836778762,6558.246010350124,-17.391336533945815,19.169639436787662,35872,WSD
autoreg,data/WSD/12.csv,value_0,1.7629905850347767,2.555370748538328,5.320158016359554,5.257339406308052,0.383422533094968,5.270892472705433,1.6253746219835845,48.83372982370392,0.03511347011401696,4.827830622592722,35656,WSD
autoreg,data/WSD/120.csv,value_0,1.0696935432586836,1.4667889038803685,20.175220245812117,18.73457366418149,0.43473246347623673,19.000387358051086,1.8418322003929777,8.454483869894343,0.10903429974007034,8.596565004427069,35959,WSD
autoreg,data/WSD/121.csv,value_0,0.9524324751686721,1.3138309506149044,19.489879414133835,18.292404073229175,0.4545993639032725,18.105949683683463,2.2874398179426523,8.537024416905336,0.01947782826343533,10.574092198443715,35959,WSD
autoreg,data/WSD/122.csv,value_0,0.8926763910562969,1.3423454255448546,1884170.2368426998,21.543716123021053,0.7039121063963131,19.61217653834367,1.844267796475285,9.54804033565476,0.09193440959420865,10.375616815805639,35959,WSD
autoreg,data/WSD/123.csv,value_0,0.9832636905991424,1.3532699290092143,17.84476118435607,16.904261540049788,0.4453270471045796,16.76330469907967,1.9648874199809714,11.52845052070916,0.07448160583011955,7.788603907966701,35959,WSD
autoreg,data/WSD/124.csv,value_0,1.1728243550339643,1.605172569760501,20.73946880627196,19.13302332042268,0.3982782245449221,19.20506328134408,1.8763261985935802,17.083166273958796,0.1530041568654249,6.81240347908966,35959,WSD
autoreg,data/WSD/125.csv,value_0,1.263076337495301,1.9879995447331726,38582685.736412875,18.602401954797767,0.3884132480854049,19.089575917116704,2.2567308085397144,27.290394901004404,-0.014632951351972089,5.446574095159376,35959,WSD
autoreg,data/WSD/126.csv,value_0,1.2265707519247528,1.7495631743600129,15.965765644817232,15.788801071828509,0.542080805489149,15.967869664636556,3.2737288445174597,15.318663475751269,-0.16315645640269358,8.60793657412086,35959,WSD
autoreg,data/WSD/127.csv,value_0,0.9645011564567716,1.3691757251229362,14.240900280458607,13.72337553720249,0.4959975578959881,14.169643435607297,2.9396670199146584,7.485359699651699,-0.0018709954336193877,10.791532808850729,35959,WSD
autoreg,data/WSD/128.csv,value_0,0.7880174396411269,1.1837522158438265,16.517263429636138,15.03352284966426,0.7058287093226021,15.081604364440505,2.3022658633518662,17.93551889070539,0.12413408921478174,4.881452436469388,35959,WSD
autoreg,data/WSD/129.csv,value_0,0.8527277485949512,1.1468478204409258,14.904339963917304,14.11530661263917,0.37237376879910755,14.03218478956458,2.481707027069689,3.534423828125,0.13266642380733318,14.335597755511573,35959,WSD
autoreg,data/WSD/13.csv,value_0,1.8248824003884123,2.6805460273724675,5.49590161072125,5.407426120463419,0.43587890566214615,5.418305723615293,1.6548043418422378,57.514501953125006,0.11868702093271805,4.029078652295908,35972,WSD
autoreg,data/WSD/130.csv,value_0,0.9885088619495731,1.4458852644660984,15.885248158812079,15.091064283810848,0.3200996524485792,15.325886486936646,2.6821159084117876,35.37428802810609,0.0686120160831258,3.7987133384987803,35959,WSD
autoreg,data/WSD/131.csv,value_0,1.0047737716587428,1.4391436170259413,15.691997248317463,14.670784924238687,0.41746968159268216,14.607572464166674,3.176485525158993,32.32152321462144,0.11034598132297052,3.690111838528055,35959,WSD
autoreg,data/WSD/132.csv,value_0,2.2977259449559067,11.001214389923847,19.729776460994728,17.62992456626116,0.04108817701158185,19.601386036326367,1.3692243507257795,513.4238688500486,0.12779526194448113,2.132586619544684,35603,WSD
autoreg,data/WSD/133.csv,value_0,2.274549823994324,10.070759680304583,20.276328477347068,18.02914090131262,0.04227632576294793,20.88826586753669,1.3963975035273435,497.51809649422995,-0.055871973287132226,1.9756756529089161,37290,WSD
autoreg,data/WSD/134.csv,value_0,1.7876676286294513,3.1179072218138906,27.631693269874514,21.40390767377201,0.6630276225787107,18.480147497551513,1.1309688934182967,174.03323913768853,-0.08877194202120249,1.6524185342504887,34984,WSD
autoreg,data/WSD/135.csv,value_0,1.8781190299086343,2.7886136622176205,15.063654557911155,14.460676615115572,0.5405542977980223,14.40574708440892,1.084484136242977,87.07457895677533,0.015400832630498502,2.8860167267452734,30499,WSD
autoreg,data/WSD/136.csv,value_0,2.6521401477593685,16.604422487477883,14.750456600017362,12.80477560421922,0.05963647563767649,20.03643250123256,1.8790998885589014,515.1503047328441,-0.3323074246078498,2.940136783971294,42815,WSD
autoreg,data/WSD/137.csv,value_0,2.887883881933491,8.194798556688445,18.117950468893707,16.99796266999907,0.16994695421997386,18.937508012341606,1.6211137551708859,286.8152976292519,-0.19517874361885032,2.7353353396438758,34563,WSD
autoreg,data/WSD/138.csv,value_0,1.160476277575141,1.681416376868882,18.60089222857505,18.210711499202915,0.5297849555286778,18.380352728574824,3.786892936239381,14.807166606119472,-0.14439694937423347,8.816690695623342,35959,WSD
autoreg,data/WSD/139.csv,value_0,0.9554950324499621,1.3669018598546747,18.934090923162884,17.718994970114,0.4548438110464246,18.128917911909816,3.8345691696449746,7.3286865230649605,0.036633214129376146,11.33182888998694,35959,WSD
autoreg,data/WSD/14.csv,value_0,1.7181530571078145,2.5136918337376795,4.880310192704001,4.849214189943763,0.43299312897003006,4.876929626414118,1.4483943958333068,56.46110214425069,-0.118399827164039,3.7433981142780044,36249,WSD
autoreg,data/WSD/140.csv,value_0,0.7744511371203814,1.173658161758088,6197047.463270373,23.435866658051705,0.678972906545737,20.344795276404415,3.255912407575612,18.510627927477167,0.09115537504415701,4.994290050034417,35959,WSD
autoreg,data/WSD/141.csv,value_0,0.5597913387381455,0.7591052993299546,15.586877262438161,14.728990506502093,0.4526413606221431,14.681694224129545,1.7429063863817602,2.8046875,0.08233138690062414,12.881786786031446,35959,WSD
autoreg,data/WSD/142.csv,value_0,0.917425561438799,1.3747137344166172,19.819911393549898,18.558280779352533,0.34188933676301214,18.84578987729542,3.0738314670621842,35.55008835578336,0.051814337407354354,3.605806516502602,35959,WSD
autoreg,data/WSD/143.csv,value_0,0.9535487614088725,1.390655063720674,15700330.489483632,18.142565405428655,0.420723843117885,17.986910720225122,4.103175217645909,32.41207896524004,0.045732284397235826,3.612091074599153,35959,WSD
autoreg,data/WSD/144.csv,value_0,0.7909066787525897,1.0901237322203547,19.7334609242286,18.964213073192784,0.4264489581703371,19.141541145353717,6.627902598359557,5.776728906243213,-0.06790173110896647,11.039227668054226,35558,WSD
autoreg,data/WSD/145.csv,value_0,0.7246942725987259,0.9890159548459153,20.825128565652527,19.748940256174794,0.4250282018532535,19.371676700735783,6.658309411969621,8.728969500512125,-0.06725900261598511,8.390378984828162,37254,WSD
autoreg,data/WSD/146.csv,value_0,0.6619622619354466,1.014814379319401,204122069.5465187,43.852544393446664,0.7182902246471463,21.325727637709058,6.241750722140197,11.888262121664422,-0.017161991962075473,6.765429195462675,35065,WSD
autoreg,data/WSD/147.csv,value_0,0.6890900057909347,0.9665015904545797,17.864180621671313,17.275654628716328,0.4799908612884146,16.90577591566576,5.57735274273242,6.569580078125,-0.043729736345351766,9.78735787802106,30294,WSD
autoreg,data/WSD/148.csv,value_0,0.5428616456006972,0.8753081247751824,14.41974541883522,13.907189397540213,0.4831730816467382,14.054595288865897,5.789190100631939,10.23302408866584,-0.02419847215425706,5.934292371357168,41529,WSD
autoreg,data/WSD/149.csv,value_0,0.7593810241611689,1.0649204275807433,18.885112656731025,18.215263508498264,0.46475468307132195,18.145992601887645,7.1661800602395,7.209577758368882,-0.07413997009188901,11.999103409360488,36054,WSD
autoreg,data/WSD/15.csv,value_0,2.261193150624184,3.2878106803346117,6.191730155629729,6.10317412952985,0.4327564607597094,6.047011719721605,1.649001302444083,53.55225915677997,-0.05209297674164493,4.445390319543822,35959,WSD
autoreg,data/WSD/150.csv,value_0,471.3176622434771,652.3085006262796,1672505565.9230084,32.86542167945994,0.030842042592030716,27.554315396798838,7.597172202481249,2409.9648231845604,0.9522298891847061,17.92548778857597,35655,WSD
autoreg,data/WSD/151.csv,value_0,514.9686059813357,706.2567613506474,3471575055.8273644,34.72509772554174,-0.07371330512117003,28.80273220418264,7.715015619666927,2362.8883878266947,83.6000959707201,17.67409312689308,35971,WSD
autoreg,data/WSD/152.csv,value_0,511.62035281097315,707.4615876354449,3932349602.831299,35.70696203543608,-0.13891648386980737,29.311014427822467,8.26364816246811,3808.7730391518626,50.19030977407396,20.294365680879086,36251,WSD
autoreg,data/WSD/153.csv,value_0,490.4796938516735,674.5631198573053,7355044480.2422285,28.142675821998097,0.11233495434437901,24.044082656293355,6.322260327926722,3199.8456807004563,75.00718696248141,14.450795198314168,36160,WSD
autoreg,data/WSD/154.csv,value_0,418.64352327743194,568.6674179716725,4866862182.562355,28.44404381316658,0.055101017462191315,24.392708758334038,5.7551537360946865,2976.494140625,63.786415695161914,13.018942719131696,35847,WSD
autoreg,data/WSD/155.csv,value_0,440.56866586612483,589.36101746301,3284345464.952076,32.38255204192998,-0.045997047529529045,27.453771549225763,7.057285096700103,2030.446029093662,18.470839359741078,16.17346370644923,35870,WSD
autoreg,data/WSD/156.csv,value_0,467.6250840628965,646.9243221798988,2802468261.215376,32.47651572434817,0.04458733769353984,27.322498120323672,7.435606331354706,2412.790204604046,-7.407664485908528,17.73853364902382,35656,WSD
autoreg,data/WSD/157.csv,value_0,530.2839321366826,721.93718105188,2440417814.100899,35.47181163478867,-0.11443555763405788,29.496838611767934,7.868404738201026,2414.058626479512,85.1217663012608,17.90518802212004,35973,WSD
autoreg,data/WSD/158.csv,value_0,508.170229135094,697.8970183368593,3989069401.9358354,35.25773149119764,-0.10050802809526704,29.205629884467076,8.083450855212062,2726.985746372802,50.4470128676843,16.267995765427955,36248,WSD
autoreg,data/WSD/159.csv,value_0,493.81184004747666,677.0761046420588,4980169167.614443,28.57655200711257,0.1100192011924368,24.31199196965011,6.34030293901301,3223.7031278388426,64.3636231074966,12.25698958439643,36165,WSD
autoreg,data/WSD/16.csv,value_0,1.7859334131945381,2.6488488274544615,5.1088392341764575,5.084620146887194,0.47248034585034837,5.0584616198572405,1.3419961129250975,61.63384655174812,-0.23588287684482045,3.995849792509371,35959,WSD
autoreg,data/WSD/160.csv,value_0,398.9051866357423,547.0377030914414,4444847324.419618,27.644481101861075,0.10421854660295093,23.567192848838296,5.4637196040035505,2435.5929315044536,83.0182946466449,13.51377725028264,35845,WSD
autoreg,data/WSD/161.csv,value_0,446.57066606313714,594.7463090540881,3402902928.6616406,33.13510001733853,-0.08692781992577081,28.229371566686257,7.218363252600735,2774.7681474992887,38.47594065713897,11.55744867963638,35867,WSD
autoreg,data/WSD/162.csv,value_0,23.720381989324963,33.13006801939706,171389778.28500912,13.462795226709085,0.2905844730888909,12.733145211305322,4.389282303726666,215.58579425118091,-0.142827408341667,11.284851835750754,35959,WSD
autoreg,data/WSD/163.csv,value_0,16.07357087467157,22.84351119991932,135504243.92402038,10.835420245187633,0.33146466534502295,10.588276742162689,3.02331048821718,168.4716747406888,-2.1088000928160544,9.227091812384101,35959,WSD
autoreg,data/WSD/164.csv,value_0,18.67610544087913,29.324578020448293,272250004.83402145,12.254405657537419,0.4010162467871532,11.946236943898807,4.3905457573052376,198.91821337947482,-0.44312293891222093,11.005245823181076,35959,WSD
autoreg,data/WSD/165.csv,value_0,27.159911844620012,39.5263665404609,553965285.3165573,17.34647047914461,0.20304334924944367,16.715511302794468,6.16212980103985,234.01933650740062,-2.325507928123939,12.969670081526743,35959,WSD
autoreg,data/WSD/166.csv,value_0,14.428589991637221,20.723097293888017,176954402.15988883,10.724236527158148,0.13917881323808445,10.29067105328061,3.6364673884835628,163.18317916878652,-0.329702148839237,9.034002046247883,35959,WSD
autoreg,data/WSD/167.csv,value_0,11.347684073625546,15.880574303044991,394342765.1658041,8.710046370010883,0.12770300050823036,8.428244163148927,3.1965139474542097,154.67004392158682,0.6284736221418633,5.993574238770001,35959,WSD
autoreg,data/WSD/168.csv,value_0,420.32999671675725,575.1109509777083,1567521176.7234151,31.670783203432677,-0.02318165830117036,26.740714203873818,7.092533706015158,2366.3359375,-0.08375530616981566,17.6794021204337,35655,WSD
autoreg,data/WSD/169.csv,value_0,468.2264550566501,639.9307345246846,1684659605.8534164,35.04607214323228,-0.09924968910085297,29.093554628077158,7.502897754567784,2139.604426458038,74.72359058981654,19.84281347363363,35974,WSD
autoreg,data/WSD/17.csv,value_0,1.874800325871716,2.7164493770979985,5.7305547599522715,5.700005814304923,0.5478007337680154,5.667601445713786,1.5452469189805234,124.9509712266159,-0.13534524017029145,1.9870158562636224,35959,WSD
autoreg,data/WSD/170.csv,value_0,490.45650526472247,685.1808001315522,3410845195.8067513,33.927741598904845,0.005402877508117854,28.258096058208693,8.055846199519662,2473.4644486188636,42.76941718672494,13.442825193869968,36248,WSD
autoreg,data/WSD/171.csv,value_0,531.0519829996442,725.8400159756853,7507158635.727185,29.60615220757447,0.08933110806369504,25.047228939258048,6.645114553989627,3353.509436558405,11.529076116309843,14.198748356331873,36090,WSD
autoreg,data/WSD/172.csv,value_0,418.1125075736557,573.4102634833134,2540202325.8461123,28.621569633684445,0.06582618675821705,24.233171454296038,5.8943004997066115,2756.359375,92.70399141482768,13.061737209187093,35860,WSD
autoreg,data/WSD/173.csv,value_0,443.9192714201472,611.7187345539712,5505029893.588547,31.114289218294296,-0.01996436964419801,26.783137387190266,7.093474150241742,2151.541852215795,98.07458624214286,18.45305383269898,35927,WSD
autoreg,data/WSD/174.csv,value_0,22.065446231746883,31.04248632018953,312586344.6352783,12.200682332898193,0.3495852998760747,11.58008944336914,4.115336768538258,258.53215834855393,-0.34161088000805667,10.59940803776062,35959,WSD
autoreg,data/WSD/175.csv,value_0,15.601944340039537,22.425781049259143,29932871.82751327,10.388435321453853,0.3258413344721609,10.199887780998697,2.9688514507149804,107.63557612869526,-2.1855378639479657,8.823836729985892,35959,WSD
autoreg,data/WSD/176.csv,value_0,18.689217874630767,29.169730281947906,207571276.84376234,12.30069075134689,0.39017873764544664,12.006362210604667,4.356393265544689,215.44340624521672,-1.042099202905146,11.144970114984107,35959,WSD
autoreg,data/WSD/177.csv,value_0,26.152802994484663,38.810346123621535,579383281.1326535,16.68204931735332,0.218025124609719,16.191027153857096,5.956717946260838,236.65437500000002,-1.9764229347064568,10.723756216634394,35959,WSD
autoreg,data/WSD/178.csv,value_0,17.551615690166017,24.498130198637856,479538794.84471154,12.440113523130076,0.16518030266700112,11.830122292247843,3.603447163991242,203.87722157582238,-0.36320386197747606,9.310276364777053,35959,WSD
autoreg,data/WSD/179.csv,value_0,13.979708942296645,19.547134417807495,380894102.0862222,10.217933593511768,0.11306054217358796,9.85113263593958,3.2068279706899725,168.1475861825634,0.5740893670166012,6.887886964941504,35959,WSD
autoreg,data/WSD/18.csv,value_0,1358.4897981246174,1911.0178097293217,61.26855988025014,39.1425131298174,0.007806928463615304,30.986739304393655,13.001798522134175,4856.712890625,211.52242199531372,19.496202915010425,35959,WSD
autoreg,data/WSD/180.csv,value_0,433.3290541566896,595.7687795280168,2282630604.9191346,32.25495797355493,-0.021702963805284803,27.30304703559169,7.322177393786002,2351.60546875,-9.068498600952212,18.370915187419577,35653,WSD
autoreg,data/WSD/181.csv,value_0,474.728142556583,649.9719643059311,540006419.0627788,34.83835770201718,-0.10290993979409069,28.998681847328612,7.590019479774616,2652.458984375,84.15580760666488,16.869243817958242,35975,WSD
autoreg,data/WSD/182.csv,value_0,502.6515094839136,697.8345016663817,2998748356.9584284,34.45539491947003,-0.024398641369957508,28.77958022651812,8.159100550119229,2432.1171875,54.833677641423236,16.872207487098205,36249,WSD
autoreg,data/WSD/183.csv,value_0,533.0268759264414,730.2939004943963,7462642584.057373,29.34104661614283,0.09273715611376743,24.863007445061488,6.6647354771653315,3220.707361220356,9.685673411279607,14.49571060925757,36096,WSD
autoreg,data/WSD/184.csv,value_0,426.44308230196316,582.1460761514523,5644285389.125128,29.285249029589984,0.029069205179476865,24.621813846521118,5.979075705660837,2474.7454312531754,80.60084130526097,17.43996633167922,35853,WSD
autoreg,data/WSD/185.csv,value_0,452.605268174145,616.1114513426159,4840059262.388487,31.644414000216077,-0.0058583900378894604,26.977297528281134,7.0603595883351,2315.149313310591,72.88451729984052,14.25523950353114,35928,WSD
autoreg,data/WSD/186.csv,value_0,1859.2544611031233,2496.5520939863527,6232270446.526722,38.9896899152764,-0.11207013169693103,31.532704267163673,4.887039152801998,9922.4091796875,57.185253492550075,19.384673452801866,35959,WSD
autoreg,data/WSD/187.csv,value_0,2000.2077860256027,2682.430313417448,974270451.5519395,40.6875539485011,-0.17571779312417957,32.21931785134062,6.739561826864274,9468.1796875,256.2491293761651,20.335306750189126,35959,WSD
autoreg,data/WSD/188.csv,value_0,1403.0875948236944,1994.3879973023904,28955261682.609676,39.883527120319854,0.2070835444160921,31.67839980633503,7.147761409126545,6848.3828125,168.97392429299933,14.460469818027773,35959,WSD
autoreg,data/WSD/189.csv,value_0,1268.8892290129036,1717.1029629287975,3459500877.7137294,33.21643897349114,0.053753554909731105,27.19892413769282,5.9181571295958175,6367.001953125,149.2044732301672,18.12245871164958,35959,WSD
autoreg,data/WSD/19.csv,value_0,1162.6650952990399,1583.6098480396658,58.83223211830455,39.68702763410149,-0.07111614743470573,31.512239855699626,12.696704398041055,3912.318359375,78.46475832803965,19.770410087885963,35959,WSD
autoreg,data/WSD/190.csv,value_0,1351.5230083288316,1809.675561087718,7133344623.41785,34.12803807637128,0.01715410519639371,27.947998900662284,5.343666923395168,6895.6796875,133.17458531618243,18.1876940812836,35959,WSD
autoreg,data/WSD/191.csv,value_0,1478.8408834200768,2053.204876280273,7905710670.33181,35.4205141380422,-0.05022355512281362,29.863431786802032,4.183406653341351,9792.8671875,56.12260971065553,15.945983817026042,35959,WSD
autoreg,data/WSD/192.csv,value_0,1858.1380177158228,2492.165935302922,6163206137.7519245,38.91508333071043,-0.10326732108079306,31.484849832348665,4.8787583121913345,9623.7377812503,47.60025383408077,18.76772298593962,35959,WSD
autoreg,data/WSD/193.csv,value_0,1963.4156530530452,2640.6928339422157,972980733.2709817,40.2375331643473,-0.14542151986797647,31.72753827453945,6.623016362250669,9520.0546875,237.8948807908715,20.12416425805682,35959,WSD
autoreg,data/WSD/194.csv,value_0,1398.7140936967326,1984.9318030756112,29148941543.640415,39.45908105127034,0.21034958069694987,31.673212929474424,7.13688575569697,6992.3896484375,180.41197029093752,14.377312784844351,35959,WSD
autoreg,data/WSD/195.csv,value_0,1254.352659119499,1700.6959821729015,1755858187.3775954,33.04480950669833,0.05717792628914431,27.068118726623304,5.930880347918269,6405.466796875,150.8454410012208,18.090585918231056,35959,WSD
autoreg,data/WSD/196.csv,value_0,1339.673455228869,1796.2118113798908,3513655217.6054463,33.990406794252564,0.009210925550649951,27.920126695077784,5.264580836917006,10506.08984375,143.24577463586027,13.53078577310652,35959,WSD
autoreg,data/WSD/197.csv,value_0,1458.2736014456627,2028.8344794431255,4698832010.110289,35.12520378128515,-0.05208703272387205,29.663943671260423,4.105289987053339,9406.603515625,47.48778961640866,15.468393408380035,35959,WSD
autoreg,data/WSD/198.csv,value_0,1.92448887255341,2.711339629270131,6.167670273640118,6.038339058938058,0.4236810526736904,5.960009623330916,1.3485859080437481,42.36099917491707,0.13280898358704404,5.858555810868908,35959,WSD
autoreg,data/WSD/199.csv,value_0,1.9410150416218193,2.7718247241877285,5.8089602224130985,5.737227696279209,0.4744536311966807,5.714306429510791,1.1128628521336184,78.29971211818645,0.0019297673117551046,3.2373566038165484,35959,WSD
autoreg,data/WSD/2.csv,value_0,3.2403944975962804,4.406938097152851,13.26125871958022,12.63941835954116,0.7038147290587469,12.211034142602179,3.7903133893234093,26.387791452078766,0.20049652350757446,9.270160377471516,35959,WSD
autoreg,data/WSD/20.csv,value_0,1212.7411196517248,1652.1123824792526,60.52923003143022,39.787178246578755,0.05915127999384606,32.15828335877867,12.283152192895944,4493.15234375,7.040112995844808,23.805653926214013,35959,WSD
autoreg,data/WSD/200.csv,value_0,2.372911322864422,5.75278114852599,6.259731419066961,6.092246149867702,0.47108397523305445,6.821733743560272,1.4126871481957022,71.60960468612032,-0.20817438634921373,5.935597553163424,35959,WSD
autoreg,data/WSD/201.csv,value_0,1.8041008523758535,2.480144477220843,5.034419419407123,5.0194199006167795,0.47300175155857394,5.013174333432244,1.0327521788715919,57.17456015005925,-0.18664696605366093,3.655873344959969,36102,WSD
autoreg,data/WSD/202.csv,value_0,1.8617437621330561,2.4798182086106584,5.316328281792615,5.321235721837244,0.48955512307205384,5.281774038912242,1.0524172063047066,43.3586559101696,-0.24837536741471755,4.120668342656461,35865,WSD
autoreg,data/WSD/203.csv,value_0,1.7876634280543025,2.4544630281373645,5.515168159526537,5.458116833886729,0.49199648042441835,5.398425104573,1.1612466893369258,28.54799481045997,-0.17778886513350858,5.255809482092857,35910,WSD
autoreg,data/WSD/204.csv,value_0,1.9190226432290298,2.8434657312445317,6.2962673761096335,6.111958699525793,0.4015598675638048,6.044907217073229,1.4462284500025246,50.494887960195406,0.19582027327165918,4.83089658723162,35959,WSD
autoreg,data/WSD/205.csv,value_0,2.0529838139760814,2.9881982037163124,6.28039991862879,6.144512582271393,0.3906029511254606,6.115669985380439,1.1680161763823402,91.90206523172691,0.08704212141858143,2.816397929987099,35959,WSD
autoreg,data/WSD/206.csv,value_0,2.4986431781228147,5.891397794309059,6.597946937339675,6.396432366211068,0.4454689099809599,7.078503403282081,1.3805791178017883,70.11047707474026,-0.23364914635888168,6.075484989490625,35959,WSD
autoreg,data/WSD/207.csv,value_0,1.7876283748855568,2.435366310426769,4.961993905282017,4.96354514502603,0.5253537585961591,4.948643905983186,0.9901364744379512,55.46700410426216,-0.26314339019291444,3.537205970118764,35959,WSD
autoreg,data/WSD/208.csv,value_0,1.8223521281665633,2.45721491293233,5.187315569543741,5.165695415169501,0.4537971745866938,5.160124409764952,0.9809765945868149,44.34523852397878,-0.1223396013930722,4.683085406770212,35959,WSD
autoreg,data/WSD/209.csv,value_0,1.8389706899068867,2.5380357778570946,5.555982471276146,5.527576336820586,0.4419490662936061,5.471545012692791,1.095252907008961,32.23759343196668,-0.25501932505888036,5.163857126870995,35959,WSD
autoreg,data/WSD/21.csv,value_0,1464.7176605686764,2004.4900323725806,3506226067.917677,23.685356462742075,-0.020184099918496123,21.433100831065726,6.16357309529367,7575.114394577941,-163.61354063086677,15.828253572114503,35959,WSD
autoreg,data/WSD/22.csv,value_0,1533.902845987406,2098.7679824720117,36.3559820776554,28.50844588223872,-0.07840311885792306,24.598267095634743,8.03117858441071,7675.787097695818,62.42824450264488,18.293105399389976,35959,WSD
autoreg,data/WSD/23.csv,value_0,1713.5295511311544,2365.5105705605315,4065733899.4437037,30.053941548597678,0.0885982453067129,25.79892370759161,10.342351287840048,15337.495715131197,206.67904147877704,13.128596795207745,35959,WSD
autoreg,data/WSD/24.csv,value_0,1828.4864373324774,2488.4687819740366,2602181283.79228,29.485147207848613,0.0030286484204083974,25.275924772572928,9.07047855588003,12500.6484375,187.49597761860207,14.928722670670325,35959,WSD
autoreg,data/WSD/25.csv,value_0,1422.5710776898227,1880.7083985832546,4213320726.3582087,25.633257533175634,0.08926747850245453,22.35476133929797,7.840156471355672,7636.175412687862,11.76941658695776,17.5259379236162,35959,WSD
autoreg,data/WSD/26.csv,value_0,1470.7817979626482,1975.0856277764099,3637582930.8681874,28.11700073173875,0.06110878100031436,24.320730445632343,7.965218103075833,6540.9908486325885,-4.553096520234084,18.496774937033244,35959,WSD
autoreg,data/WSD/27.csv,value_0,0.60066510765349,0.8505751084372007,24.007287214408237,21.781721137741467,0.3481068668263585,21.577419334867788,5.226093500280948,8.846224264283595,0.0015968670720842109,7.396305099055686,35959,WSD
autoreg,data/WSD/28.csv,value_0,0.5331639109120477,0.7878486495306875,1097350.4989301467,22.467085066838017,0.3690411762688457,21.871473682410457,4.9953709275675875,15.849085106701093,0.016418318889947506,4.63440382076875,35959,WSD
autoreg,data/WSD/29.csv,value_0,0.4883980307681733,0.844534662298772,98006217.45810997,46.958720954881194,0.6202386985220696,23.173031650026793,4.804999439635705,16.966471354011446,0.021147223990117692,4.387193050902712,35959,WSD
autoreg,data/WSD/3.csv,value_0,2.7577563361389585,3.631590473030498,12.755178807765041,12.218567874031608,0.6733942538082607,11.844197223456426,3.5471910339472514,27.85154065292507,0.23420669694762605,7.809871744756655,35959,WSD
autoreg,data/WSD/30.csv,value_0,0.5650457543446857,0.8692236114083761,22.254631956151307,20.74880184982902,0.339471521317687,20.480406922006626,4.7906480919115655,11.29475974568144,0.001605444021454008,7.397647569009173,35959,WSD
autoreg,data/WSD/31.csv,value_0,0.6127159013494264,0.88898083066557,24.20447390492,22.287551986161485,0.2720261481655929,22.163358205343968,5.514538159113788,12.279951857545244,-0.016320084436177135,5.766362137426313,35959,WSD
autoreg,data/WSD/32.csv,value_0,0.6091297035622085,0.879145724877049,85617832.10003658,24.12616942118944,0.43419656283056085,21.084127819232297,5.837513341496195,11.624388266569587,-0.014826014252244958,6.719585321586121,35959,WSD
autoreg,data/WSD/33.csv,value_0,1.519418453921784,2.273863922801184,4.700411757421999,4.6748761990800025,0.43158325644178674,4.696137620319994,1.3697322212931535,45.57086727084818,-0.07306156839762329,4.507163375225339,35959,WSD
autoreg,data/WSD/34.csv,value_0,1.564355158653719,2.395414651633405,4.793291759803295,4.728775811144778,0.4263887360117419,4.752040854817629,1.389398311830071,62.71359369971372,0.07004360318192052,3.2067130543954554,35959,WSD
autoreg,data/WSD/35.csv,value_0,1.6861051323257035,2.456485461740102,4.819340039850689,4.814524099604957,0.433243844536652,4.833218510355874,1.3640810261305416,50.86396950080973,-0.14148321092795152,4.098924514834143,35959,WSD
autoreg,data/WSD/36.csv,value_0,2.245464967539535,3.244971531219475,6.095652582597083,6.030756390145237,0.4649002698883724,6.008435381569772,1.580503488089334,58.77267933210466,0.05328913063465328,4.230180590821895,36091,WSD
autoreg,data/WSD/37.csv,value_0,1.8454602658909367,2.7288454034861305,5.3926499468467535,5.31227410687269,0.4224065488295221,5.2700922787963504,1.4193774701772368,114.98023220361443,0.0001294843559380412,2.093314976592613,35860,WSD
autoreg,data/WSD/38.csv,value_0,1.824906885159822,2.768837683556726,5.51470487269988,5.468253560846973,0.5066439910839835,5.44139664486697,1.4416746494727974,168.67563688248848,-0.03959404930020787,1.549173436779906,35926,WSD
autoreg,data/WSD/39.csv,value_0,990.7201569949725,1416.1104173848714,58.604548143559754,38.040071640849085,0.1644829763598007,29.8427310179001,12.391820512631279,5767.349609375,-166.87760329330098,20.652040504373215,35959,WSD
autoreg,data/WSD/4.csv,value_0,2.6594431368851645,3.631619895130222,11.834604105424646,11.5632965162371,0.7208790882834747,11.088248281394604,3.4728702598993624,30.652832526669048,-0.11420800502665103,8.646714330523194,35959,WSD
autoreg,data/WSD/40.csv,value_0,1038.1851486357737,1474.5378341802525,62.509054983626854,38.89734245572313,0.061095655995454856,30.916485389837224,12.791597319304602,3983.2291833067093,-70.29474043475321,25.35312644739086,35959,WSD
autoreg,data/WSD/41.csv,value_0,1272.6221571423703,1845.9773013254319,61.73171686319143,38.82242875602711,0.16779697088051426,30.32493161561521,13.142084219752393,5394.0107421875,39.0461610000361,20.11525881361482,35959,WSD
autoreg,data/WSD/42.csv,value_0,1459.7038146670284,2072.749956609456,56.84424587137143,38.231520249857546,0.06459909730935065,30.249269121571736,12.264753310730743,5321.994140625,95.84763739315613,23.74012090951158,35959,WSD
autoreg,data/WSD/43.csv,value_0,1124.2256902876072,1587.8911658991067,53.005726595075274,36.62706410924528,0.0422412205310605,28.74122341298645,12.050284116500292,4218.727558263155,-36.79787395155014,21.74299830068611,35959,WSD
autoreg,data/WSD/44.csv,value_0,1287.3631984076928,1772.6611586427366,61.22590510406708,40.7845938310896,0.06333063890176194,31.969728902388812,12.4737457174387,4967.087890625,-87.3663406363704,22.994696570796947,35959,WSD
autoreg,data/WSD/45.csv,value_0,0.6189620015749469,0.8541793732001706,15.521298212103716,14.64233068050777,0.36038848303765103,14.87988639335978,2.602498777280737,18.54160305202709,0.07467263766929919,4.335935815354763,35519,WSD
autoreg,data/WSD/46.csv,value_0,0.8447350133402356,2.5904029579745513,11584291.833856925,14.642616898684732,0.5420788625215897,17.665383120938223,3.5253160342525978,37.93342771860213,-0.028647822994416927,6.772295314966146,37282,WSD
autoreg,data/WSD/47.csv,value_0,0.4229687312047476,0.6088088553431318,13.909666902367556,13.081960958055049,0.6612336993156356,13.252450200241295,1.746496157889497,16.023748138907948,0.05556962344548598,3.13819003770787,35076,WSD
autoreg,data/WSD/48.csv,value_0,0.4556039515170998,0.6293209981568751,13.51587942668386,12.837362803734468,0.3723326616852658,12.852510990923927,1.8616698888327177,24.76642090738045,0.07129164023345974,2.30099092068829,35959,WSD
autoreg,data/WSD/49.csv,value_0,0.3383487294365553,0.5334382767461527,825278.1791443061,9.416753709858416,0.47874825242208874,9.459097174205096,1.708975328772114,4.990348119077762,0.042078548599791744,6.66797845932691,35959,WSD
autoreg,data/WSD/5.csv,value_0,3.1985445249075104,4.611249396141526,143644609.80895072,12.956281706139608,0.584774016720411,12.68176086119329,4.032704981744733,81.12692739828776,0.09722590483949001,4.469708733238759,35959,WSD
autoreg,data/WSD/50.csv,value_0,0.4354146809615694,0.6260969141732816,13.431997170492618,12.743931938316958,0.5229358197581138,12.486442557688944,2.0380429686713293,16.292001011918817,0.0037557961390063534,2.918866783034034,35959,WSD
autoreg,data/WSD/51.csv,value_0,0.33785904307543174,0.47818630174334775,21.557740583489352,20.246836311640724,0.25299248298914,20.846103222369354,2.3857407831419826,11.337053830735016,-0.009259026497702038,4.104603372851927,35494,WSD
autoreg,data/WSD/52.csv,value_0,0.3134076079690161,0.43937231669609084,19.615990442499125,18.209529997031957,0.3451167809524601,18.481463680931913,2.3099517312325832,2.6957865478584973,0.0062839195512214875,8.368996662900969,37325,WSD
autoreg,data/WSD/53.csv,value_0,0.22169113172529953,0.35508472208111636,3792852.0779145323,20.239220174409894,0.6165146288572383,17.95108212343145,1.4217654806556288,10.258563295153282,0.017416587231271742,3.061075089682025,35058,WSD
autoreg,data/WSD/54.csv,value_0,0.21840420251921963,0.32868625948070346,15.572599614530805,14.833723938697805,0.3141516043857425,15.300409448636785,1.5579009085566426,16.075178561762655,0.003594503787644351,1.9054275516857357,35959,WSD
autoreg,data/WSD/55.csv,value_0,0.16181262258139698,0.27583680615083517,961958.0806319342,10.89548423082055,0.35372562355701176,11.58232263755253,1.5562880350867803,13.148700952963077,0.00018650305188383265,1.838912041005568,35959,WSD
autoreg,data/WSD/56.csv,value_0,0.21892812743027723,0.33269059007356994,10951160.164476432,17.9666966798463,0.5103645291155177,16.932881006809048,1.9314818607223676,9.21343278606481,-0.00983675706573919,3.024459909759727,35959,WSD
autoreg,data/WSD/57.csv,value_0,0.6131589901103901,0.8405631466594116,22.927152527648193,21.45315476256375,0.3174445973602279,21.80475862853914,3.86064965553747,18.57445596372336,0.0022111561587691555,4.389363859526664,35658,WSD
autoreg,data/WSD/58.csv,value_0,0.520663244252837,0.7207036531007699,21.832542379555058,19.92607303289072,0.4189730771714679,19.60558275955882,3.3171338055668635,4.569659019522185,0.04152586755815895,9.482942922955955,37240,WSD
autoreg,data/WSD/59.csv,value_0,0.33285170233427575,0.5287782399235105,5642488.769632719,25.532262485223857,0.61909850777215,21.890247177266996,2.2216336402666785,16.947476662888796,0.029596331814038982,2.8705103983760534,34979,WSD
autoreg,data/WSD/6.csv,value_0,1202.8022997640448,1679.2143743034167,66.99707924489678,41.31772915812038,0.01876443890874091,32.671474842488536,13.917493641421306,4479.8486328125,-88.93972317271604,25.37727632315878,35959,WSD
autoreg,data/WSD/60.csv,value_0,0.41061799068779997,0.575538391136697,22.184174038624825,20.522944280671933,0.3500016707074155,20.144257056381925,2.7428793083617724,23.81672884341033,0.029437347868121324,2.233502701939722,35959,WSD
autoreg,data/WSD/61.csv,value_0,0.3011378447953761,0.4621404109522479,761932.1798426756,15.220736841767321,0.48461252904280383,15.490317959477052,2.5771509183717787,4.31620522975254,0.026091550797977075,6.602005870746399,35959,WSD
autoreg,data/WSD/62.csv,value_0,0.34322935100276736,0.4816314372581609,25601289.203243777,22.208666789659713,0.528623322571854,19.17050472827192,2.5046875858520106,3.441165055017811,-0.0004984778462073025,7.895597455544133,35959,WSD
autoreg,data/WSD/63.csv,value_0,1461.9179106598265,1997.86972158492,3467364538.8740554,24.164374770169726,-0.026925196228819726,21.793353007347484,6.280811104654573,7552.6329618886775,-143.4129562987029,15.701585362974852,35959,WSD
autoreg,data/WSD/64.csv,value_0,1554.6347981749961,2117.6936010759796,2095846837.2392325,29.339494509066867,-0.10293467157297465,25.292441235312086,8.164798441396055,7536.4555130792905,98.20715323850762,19.53772120191881,35959,WSD
autoreg,data/WSD/65.csv,value_0,1685.9642908241033,2347.5347871347712,4203294711.5968018,29.95708112507596,0.09793509458739103,25.693953637193662,10.015007331440556,11012.402438162331,183.78528287269913,12.915574313021407,35959,WSD
autoreg,data/WSD/66.csv,value_0,1825.2241014497954,2485.8536793978833,2512612413.678049,29.900551864021025,-0.003930526666192424,25.591877184549798,9.0710793404475,10982.592529708976,178.17149392064712,11.389414823595176,36156,WSD
autoreg,data/WSD/67.csv,value_0,1353.0366103976705,1829.3784274014974,4167089590.655074,24.779041837719966,0.14283621059841334,21.517563348434322,7.491406077714788,7502.979402969834,126.83325095974415,17.046015909443696,35839,WSD
autoreg,data/WSD/68.csv,value_0,1527.7405270508254,2045.386184021585,1967655274.88313,29.523699730212847,-0.009682555230381196,25.57524158217718,8.345273886840104,7060.340529970712,18.40037741105382,19.09791021495411,35882,WSD
autoreg,data/WSD/69.csv,value_0,1.6679625077689084,2.4576208426087316,4.807379914910552,4.780770062802954,0.38764674409774946,4.812804920538349,1.4669788928047771,52.53175781014725,-0.08138688811008189,4.367550813237483,35959,WSD
autoreg,data/WSD/7.csv,value_0,1221.4049509801473,1710.2186477011437,67.41992629677064,41.122035975520895,-0.051249078995760255,32.559577338725106,13.399252481310798,4497.982297074681,40.624690405888074,23.521092665398758,35959,WSD
autoreg,data/WSD/70.csv,value_0,1.6733007243757636,2.511473006310173,4.791520172341933,4.73684667690498,0.40823811022597956,4.756679314179803,1.4599190133529572,44.82267416834492,0.018566593743919724,4.261067197675896,35959,WSD
autoreg,data/WSD/71.csv,value_0,1.9300828216666115,2.8620719440396387,5.175146403643436,5.141523507087769,0.497718738902302,5.199936157038781,1.4988268462593428,95.0058964568328,-0.126220289400695,2.4499845437764414,35959,WSD
autoreg,data/WSD/72.csv,value_0,2.50532972625735,3.5383201018063244,6.396053052164049,6.358198717579179,0.4428789052249099,6.286835171753053,1.6771211475510455,58.0140150435156,-0.09507208021402029,5.026022871883983,35959,WSD
autoreg,data/WSD/73.csv,value_0,1.8087101602464888,2.7287969609579767,4.944908688745926,4.9369845605070894,0.4482138188077379,4.905222043037711,1.390478164307461,157.49422015465305,-0.26588069819047433,1.569627242426216,35959,WSD
autoreg,data/WSD/74.csv,value_0,1.959160427899455,3.0398745466454233,5.654166446213224,5.60274349002945,0.4881527459228955,5.574810483596191,1.571973528906345,264.5523950168532,-0.06510475808089355,1.107422421364453,35959,WSD
autoreg,data/WSD/75.csv,value_0,999.2866986678063,1426.5754454839127,58.700058505647824,37.804546264471085,0.1581264295058934,30.029064121802772,12.449515515087274,6021.216796875,-173.8946569372827,19.27023430344337,35656,WSD
autoreg,data/WSD/76.csv,value_0,993.5043224481275,1429.559393828651,60.647830723701226,38.257568802246674,0.08375650154119085,30.129619739558837,12.524705708095048,3941.2042856429707,-1.2157533991949698,24.541792168732208,35972,WSD
autoreg,data/WSD/77.csv,value_0,1257.5312980447757,1840.7827583514734,59.449237551893084,37.9044464223177,0.17542417451902426,29.87888739712861,12.899118285612946,5368.1923828125,16.10934465601715,21.50698397419644,36249,WSD
autoreg,data/WSD/78.csv,value_0,3.0272429404054004,4.20911659358652,25122709.53293838,7.312571042646161,0.3744796202463013,7.046277396700989,1.9865688237291472,46.57530510544473,-0.028702320768600253,4.780370918326542,35959,WSD
autoreg,data/WSD/79.csv,value_0,2.8701463855716334,4.247559305085541,13707283.9025889,6.241602669159206,0.38394534779363776,6.154773579262039,1.779585701965883,63.5822137167477,0.007437568611027737,4.126648503920665,35959,WSD
autoreg,data/WSD/8.csv,value_0,1252.0905230808692,1785.0613546435247,62.76735213139021,39.04461134042703,0.02552214785225193,30.751326958813813,12.85016433618565,4762.7939453125,107.07498619452736,24.631728365441212,35959,WSD
autoreg,data/WSD/80.csv,value_0,5.416509371687805,11.021638534653823,202664263.75098574,9.868733246809002,0.7674366881911756,10.686542763384423,2.4470938701566824,189.69244612567775,-0.1889679651135712,5.044228162312963,35959,WSD
autoreg,data/WSD/81.csv,value_0,1575.994846286968,2168.218673414377,3242459880.500459,28.44694849825002,-0.0038096859633065527,24.67873832121836,8.192237500832933,7008.342612877677,-47.57284840806926,16.87723728041081,35959,WSD
autoreg,data/WSD/82.csv,value_0,1720.7972051193842,2331.509115181805,2361347958.5623755,30.148062254536036,-0.07685212236448224,25.83816431584926,9.158875089837474,8491.170990001647,153.77868425394223,19.45843027192293,35959,WSD
autoreg,data/WSD/83.csv,value_0,1427.2186732178263,2088.2663418958596,4252171576.94176,31.776939736968014,0.44259520436719335,25.628994610894622,9.772951671919085,8530.3662109375,168.28387334696086,18.782751770964737,35959,WSD
autoreg,data/WSD/84.csv,value_0,1640.9750594773031,2249.8539813739676,2461994494.831793,28.002860359139238,0.03412833963691897,24.13125209974011,8.300337810416083,8881.891217434157,243.85366397206656,14.903643225847693,36076,WSD
autoreg,data/WSD/85.csv,value_0,1395.7264187417848,1858.8323719887821,4225633318.742564,26.10851515173045,0.02627529456746358,22.950967894837937,7.527457910556436,7826.759869925613,157.46408279816544,16.492169035478504,35874,WSD
autoreg,data/WSD/86.csv,value_0,1531.9875280102397,2030.0067180276894,1962642497.2287107,30.215228966321877,-0.12737910521039075,26.423291431080337,8.271690712014962,7051.185567722894,129.6737863169495,16.801909601288607,35927,WSD
autoreg,data/WSD/87.csv,value_0,994.9291001539382,1368.1717858157067,64.76694326814456,42.90084308699635,-0.04189085529118941,32.11990661335702,8.308828556118614,3306.54296875,19.47332163902246,24.479724204968807,35938,WSD
autoreg,data/WSD/88.csv,value_0,1106.6658930509534,1506.0703220750825,71.8405937743062,45.038638362483,-0.06562605669819921,34.76822194711458,8.994210031562945,3887.931640625,37.09416167003682,23.088614473019813,35996,WSD
autoreg,data/WSD/89.csv,value_0,1134.544033247213,1532.5485083788792,72.53035739151572,46.25541739309576,0.006965322463258761,35.094622312750936,8.458014942954312,3928.794921875,-0.9194095771289993,24.372590782106858,35943,WSD
autoreg,data/WSD/9.csv,value_0,1311.2169263910746,1885.6534238313627,59.99865095880639,37.5091312224419,0.0423812355230051,29.635184787893238,12.460322322457527,4799.986328125,286.40681956547394,19.15730390969585,35959,WSD
autoreg,data/WSD/90.csv,value_0,1004.7473318750624,1377.9593404754557,66.43848296346734,43.010236186711005,-0.05251370011942447,32.31446543049772,8.391055450436417,3306.951171875,50.07526381120828,25.081167464059988,35959,WSD
autoreg,data/WSD/91.csv,value_0,1119.5887422539427,1504.7151981244685,71.48133012102522,45.27384308725851,-0.04836313236449885,34.78913602465292,9.144432487688702,3815.638671875,37.67393999468282,23.3036270423489,35959,WSD
autoreg,data/WSD/92.csv,value_0,1142.2886257649075,1553.971714751392,72.88972792974295,45.49491955722514,-0.015315791735687867,35.18860254415871,8.518806641850894,3936.67578125,57.96691325839394,23.66694661515979,35959,WSD
autoreg,data/WSD/93.csv,value_0,410.54077478670547,562.0858419157158,4491044822.53195,38.51514018773342,-0.11084780418894624,30.37450015638676,6.027238327698602,1950.362544721575,38.04635251904176,24.186137776063504,35942,WSD
autoreg,data/WSD/94.csv,value_0,416.2199418206604,580.9939401419756,3951723044.557941,36.52422224239067,-0.04662246645959511,29.256064062733273,5.704946066622779,1942.4049295181303,78.77783293465764,19.95171497740301,35988,WSD
autoreg,data/WSD/95.csv,value_0,418.5927482069531,574.3293462512411,2332750162.6481495,38.344671821290774,-0.038642551481068654,30.474670545064804,5.63771099245512,1849.843594860674,34.47389204294579,16.618325991066005,35947,WSD
autoreg,data/WSD/96.csv,value_0,1409.6396967781066,1871.1367532416803,5511207329.109261,36.1508188592058,-0.036818511226343276,28.94856183792185,5.741161410892042,6699.76953125,75.60332575767681,18.65726147414179,35959,WSD
autoreg,data/WSD/97.csv,value_0,1547.0934235277502,2105.8720236602335,3306308320.0762405,38.83704988618683,-0.13340056073197615,31.381673650981256,4.799575359429525,9183.259765625,68.39953096295565,17.028155766638907,35959,WSD
autoreg,data/WSD/98.csv,value_0,1420.726497768273,1949.789797618187,848766715.3454214,34.065811490233244,-0.04133261652227027,28.428799300969708,4.229510354465608,9138.810546875,68.29603776173896,16.305316922714393,35959,WSD
autoreg,data/WSD/99.csv,value_0,1374.8169425665785,1832.3108927553799,3642688256.6427574,35.62048129756662,-0.01550019353188059,28.454732935867,5.592864809245444,6718.50390625,101.46755505258673,18.29018659168876,35959,WSD
granite_ttm,data/WSD/0.csv,value_0,4.188365085915741,5.588018010272711,10.404014236855113,10.641324423122517,0.7798519162635483,10.254534942035788,3.2964647877584663,39.01888656612617,-1.630385752577549,7.178283883531164,35959,WSD
granite_ttm,data/WSD/1.csv,value_0,3.5109954252829847,4.700740908587378,11.436586240333881,11.520238884530306,0.8131771397639711,10.831297024204419,3.4778588423267873,33.97707748409844,-1.1101896720082176,5.798611220382075,35959,WSD
granite_ttm,data/WSD/10.csv,value_0,536.0425421811506,718.8857391535255,19.222930611165005,18.469611703037042,0.7799137340185558,14.486958248547225,5.979757177640914,3859.5244140625,-128.9474413317022,9.063108158768602,35959,WSD
granite_ttm,data/WSD/100.csv,value_0,937.4189740351262,1313.9428176845724,21.64717925320386,22.19306220333599,0.551385079586455,19.155070352360788,2.9150611022511375,7280.1787109375,-340.53790158108126,11.683645897959918,35959,WSD
granite_ttm,data/WSD/101.csv,value_0,855.2559098509164,1216.8630616738876,1673637877.8329566,19.312325380247856,0.5919282110163733,17.18294855819155,2.5370354747183845,7502.786865234375,-288.5081589605251,10.515581245021496,35959,WSD
granite_ttm,data/WSD/102.csv,value_0,233.0639268072242,313.04089991015553,2093699036.0094051,17.086018894535222,0.7736493317415191,14.145891029730414,3.7948985974937113,1979.454345703125,-74.17870260004698,9.182777938109577,35644,WSD
granite_ttm,data/WSD/103.csv,value_0,269.98619230373356,356.524263562291,3438876861.559116,18.53172102329671,0.7666296656114447,15.284615548954635,3.4143607201967847,2479.453125,-88.3735767877152,7.398303871390144,35963,WSD
granite_ttm,data/WSD/104.csv,value_0,206.0817164648698,295.47204179085037,10429937222.598444,17.93156825052463,0.7046998154703259,15.177910202546684,3.1608959229989706,1886.3359375,-54.78187239872775,10.091258257884233,36270,WSD
granite_ttm,data/WSD/105.csv,value_0,195.13018689700925,272.34734626403804,3626819973.9484777,17.845407759170005,0.6907951336758363,15.299210292447135,3.2909202721068946,1802.12939453125,-24.479046110835718,10.031209807146888,36103,WSD
granite_ttm,data/WSD/106.csv,value_0,187.72824511648625,257.41425142408997,4910033596.028174,17.64106030780524,0.7310226975204692,14.784355512256159,2.9674578407320227,1705.815185546875,-26.440258713660022,8.11008983692785,35859,WSD
granite_ttm,data/WSD/107.csv,value_0,198.24637154786618,260.57017781401026,4716199985.921274,18.560020411253255,0.740061612378603,15.116733008446737,3.0386456293911315,1955.3485107421875,-60.605625749620145,8.33024865134304,35915,WSD
granite_ttm,data/WSD/108.csv,value_0,235.33964785360357,313.392070213332,1624808616.3534713,17.202357911949193,0.7727968473038865,14.248584190032501,3.8666966017444593,2104.7841796875,-76.7227788939351,9.408347949964934,35645,WSD
granite_ttm,data/WSD/109.csv,value_0,275.02150510571335,364.113119422523,2941874285.7536497,18.599654754641794,0.758261869638347,15.3717519032671,3.4958457767302082,2513.116943359375,-88.67784785232557,8.857044987169132,35962,WSD
granite_ttm,data/WSD/11.csv,value_0,566.7863437359051,747.4306981871191,19.446420172164984,18.739444903947327,0.8064954708736372,15.053363817083723,5.883979154268371,3320.83984375,-163.363688767747,10.749758351605337,35959,WSD
granite_ttm,data/WSD/110.csv,value_0,205.72024388887812,287.83916306457246,10251910001.933178,17.385263280449532,0.7287969643903552,14.88116820720422,3.16782122156322,1842.2781982421875,-54.148162291521274,9.734161753959162,36270,WSD
granite_ttm,data/WSD/111.csv,value_0,192.05992181500977,265.48309367193957,3546854499.248025,17.884691592916532,0.7048991882198469,15.121031227517207,3.2844839950541282,1788.274169921875,-30.80072548850579,8.36694275675826,36098,WSD
granite_ttm,data/WSD/112.csv,value_0,190.1770156278728,260.69200041285023,3177811368.173144,17.8438613490319,0.7231325742184354,14.924365470460351,2.9719237504305394,1769.2974853515625,-23.789122078331843,8.431177244917537,35863,WSD
granite_ttm,data/WSD/113.csv,value_0,194.45329480012418,262.0707942843664,3501261635.8352885,17.733387674052025,0.7374970189972443,14.841901807854027,2.9720595377706163,1780.7569580078125,-64.72025555339711,7.5221238313538,35916,WSD
granite_ttm,data/WSD/114.csv,value_0,760.4484192011648,1017.3168860446666,3961486396.4958863,12.757661084548849,0.7784494161255231,11.919642200192987,4.062892381797219,7397.0234375,-265.5020613890342,8.0637039160167,35959,WSD
granite_ttm,data/WSD/115.csv,value_0,788.3225281000933,1042.059977036525,2279990060.730255,13.187172261551405,0.78426406809265,11.854373150391224,4.32143450083225,8198.6162109375,-231.47726212220428,8.537276561007086,35959,WSD
granite_ttm,data/WSD/116.csv,value_0,653.2087240877283,967.4760218144914,4040932261.133612,17.22366118252984,0.8802089552656917,11.758242686050039,4.580246136843466,7913.16015625,-174.48069354757763,8.976396565359913,35959,WSD
granite_ttm,data/WSD/117.csv,value_0,841.8490871768901,1190.4025240595881,2301208144.0809617,13.627669000073778,0.7327118110156187,12.35365284414274,4.348462252232009,8320.9384765625,-120.2720240379297,7.0321510164200625,36159,WSD
granite_ttm,data/WSD/118.csv,value_0,732.3661196929552,1008.0087034342392,3881207992.5097985,12.4090336862433,0.7214502651573168,11.905542539204394,4.075330870342984,7022.51318359375,-184.54465447542745,8.97044320934626,35846,WSD
granite_ttm,data/WSD/119.csv,value_0,740.6731857449535,958.455647811266,1634483521.8234978,14.172446521814475,0.7489050511205477,12.80744837786187,4.137857070681925,5863.21923828125,-243.97634574624706,9.612432532456785,35872,WSD
granite_ttm,data/WSD/12.csv,value_0,1.5040731715257323,2.206910747972762,4.458961443899115,4.498598707539224,0.5401148877284236,4.496795402929952,1.386667849140025,50.78332496643067,-0.47469401437871944,4.169489416158628,35656,WSD
granite_ttm,data/WSD/120.csv,value_0,0.8537709390778974,1.0742939611763007,15.974243341258601,16.056348030939834,0.6967749462742568,15.165071024088746,1.470049826198815,9.64509105682373,-0.2552141628739042,6.296228343890407,35959,WSD
granite_ttm,data/WSD/121.csv,value_0,0.7019630061903257,0.9004821543466999,14.123616214769552,14.201009694667233,0.7437954230595005,13.344470291858096,1.685891832697234,8.759373188018799,-0.2181700141687566,7.247341310279534,35959,WSD
granite_ttm,data/WSD/122.csv,value_0,0.7145358362798225,1.0088822536127457,932359.5794191267,19.084216565429458,0.8327473368666651,15.69841333824313,1.4762297350768696,9.654648304015868,-0.2315009113837345,7.79812369942219,35959,WSD
granite_ttm,data/WSD/123.csv,value_0,0.7994080473641343,1.0084796249614612,14.403007380797392,14.437387282581367,0.6919633562642684,13.628816771110191,1.5974827817960209,9.900367736816406,-0.2326739263029344,5.804199280353734,35959,WSD
granite_ttm,data/WSD/124.csv,value_0,0.9406246750257039,1.2221534468367485,16.066222257277598,16.274273830007385,0.6511781003100273,15.402780757685758,1.5048448757215565,17.319215297698975,-0.30312744188401514,5.186858129811134,35959,WSD
granite_ttm,data/WSD/125.csv,value_0,1.0464483507211846,1.5897735440515526,34469041.53749459,16.26722475153334,0.6088925947733759,15.815556543515678,1.8696829023818644,27.991984367370605,-0.3256516696620683,4.355543956305623,35959,WSD
granite_ttm,data/WSD/126.csv,value_0,1.0137980150280792,1.323855926303298,13.142395882516606,13.296406329581492,0.7378130700887702,13.19792971162313,2.7058364135162214,18.295338630636817,-0.3211234845064573,6.513436047292961,35959,WSD
granite_ttm,data/WSD/127.csv,value_0,0.7020063413864356,0.9233243754540145,10.390831241253636,10.480933925455888,0.7707956470537087,10.313289393579726,2.1396188856069536,5.7241106033325195,-0.2038703657847215,7.277433501115385,35959,WSD
granite_ttm,data/WSD/128.csv,value_0,0.5620907773401783,0.8238905836630089,11.69772418109972,11.674809856119678,0.8574990516439096,10.757668922411193,1.6422002149654817,19.13842010498047,-0.15674405209653214,3.397486942940243,35959,WSD
granite_ttm,data/WSD/129.csv,value_0,0.5833403014404722,0.7303100635544786,9.882879861314494,9.973168786546065,0.7454904578946056,9.59924069376236,1.6977044873268496,3.0701651573181152,-0.16549312839313474,9.128875794430982,35959,WSD
granite_ttm,data/WSD/13.csv,value_0,1.5318725466429042,2.214154887205401,4.511930359312724,4.549221502185424,0.6151054179549792,4.548322557967439,1.3891028489255304,57.125085601806646,-0.48480574886220634,3.3280548432367363,35972,WSD
granite_ttm,data/WSD/130.csv,value_0,0.6903573646207878,1.0263050076589073,10.774694585658066,10.97504592627556,0.6574448542604152,10.70333207203828,1.8731430151135142,34.45444107055664,-0.22664616948263955,2.6963678362138777,35959,WSD
granite_ttm,data/WSD/131.csv,value_0,0.6583007712347676,0.9445555116452373,10.058761861514508,10.014046632581524,0.7490626917721789,9.570488890403356,2.081147945946232,32.08954429626465,-0.2015720258560012,2.4219372093467624,35959,WSD
granite_ttm,data/WSD/132.csv,value_0,2.115370148429873,10.92384879039659,16.365822679721013,16.56458754215998,0.05452777152384414,18.045749529059105,1.2605577807862418,513.0650782585457,-0.8618724991377282,2.117589289566641,35603,WSD
granite_ttm,data/WSD/133.csv,value_0,1.9902028474345101,9.927570140446653,16.264708380278055,16.534532362644043,0.06931720310512457,18.27697321421452,1.2218304731571779,499.04982566833496,-0.8323972718202534,1.9475848140219743,37290,WSD
granite_ttm,data/WSD/134.csv,value_0,1.74647418442877,2.972923762008304,23.509639357098138,21.229317834486768,0.6936375946767868,18.05430719448333,1.1049078386351707,174.2737913131714,-0.5480333636378094,1.5755806622104296,34984,WSD
granite_ttm,data/WSD/135.csv,value_0,2.023113670112734,2.9166940565942125,15.630479850779286,15.775524632647947,0.49738060258562355,15.517900298402362,1.1682085353026328,87.84556579589844,-0.6205763210370661,3.018570821831009,30499,WSD
granite_ttm,data/WSD/136.csv,value_0,2.317001582738072,15.186378176305734,12.481316586294538,12.895588465668151,0.21339510273108675,17.504522095863443,1.6416468110074178,477.5182876586914,-1.2358932789249155,2.689044387128063,42815,WSD
granite_ttm,data/WSD/137.csv,value_0,3.0498591013254854,9.833519162574666,17.796154070640288,17.519992529066077,-0.1952182609180153,19.999672261474434,1.7120385523193715,292.47966575613185,-0.8431107939596248,3.282322596752803,34563,WSD
granite_ttm,data/WSD/138.csv,value_0,0.9295276687180835,1.2141205566143438,14.904899861980597,14.976185818435933,0.7548287176062967,14.722443493380212,3.033256112794299,17.525773763679858,-0.2827817143632601,6.366373946470408,35959,WSD
granite_ttm,data/WSD/139.csv,value_0,0.6297480156540093,0.830635514507896,12.303611117657937,12.353008096337456,0.7986891096812601,11.948413851725078,2.527289251604168,5.970293998718262,-0.18495199366982334,6.886097529599137,35959,WSD
granite_ttm,data/WSD/14.csv,value_0,1.6832270637447733,2.409438127899419,4.731175197663624,4.781623118688564,0.4790502784166538,4.777793166446529,1.4189519588823791,56.147763824462885,-0.5330176984412399,3.5881431539827533,36249,WSD
granite_ttm,data/WSD/140.csv,value_0,0.4910140461922444,0.7403821301088952,4417276.563245747,17.710425618809573,0.8722472385722864,12.898916108205553,2.0642990224478552,19.208028316497803,-0.14697603681893254,3.1505622557825324,35959,WSD
granite_ttm,data/WSD/141.csv,value_0,0.4737621438581458,0.5883838158198449,12.940642460339491,12.986596837409728,0.671156419930812,12.425399340354957,1.475055094667205,2.209956645965576,-0.12580768651759805,9.98469496976643,35959,WSD
granite_ttm,data/WSD/142.csv,value_0,0.6176313626280615,0.9524156110300952,13.05594849948451,13.289524177428008,0.6841161700319947,12.687406336772947,2.069371943935397,34.548441886901855,-0.20400845775409537,2.4981393076199216,35959,WSD
granite_ttm,data/WSD/143.csv,value_0,0.6171512143718705,0.9004487302121821,15423514.853733229,12.329163200411708,0.7571350792255485,11.641401303258053,2.655637205809257,32.902201652526855,-0.17853667930395067,2.3388278706809924,35959,WSD
granite_ttm,data/WSD/144.csv,value_0,0.47228832374606267,0.659967751238572,11.551214748609224,11.759144990998884,0.7897839296553127,11.430332584513902,3.9578386328314448,7.266660451889038,-0.15272245347630253,6.683217734061489,35558,WSD
granite_ttm,data/WSD/145.csv,value_0,0.39585195345708574,0.5763076583624707,11.038689113061409,11.044322818541417,0.8047690220878796,10.581449797066956,3.6369885717439687,8.619677543640137,-0.11536791898742933,4.889142224478415,37254,WSD
granite_ttm,data/WSD/146.csv,value_0,0.3669990458094993,0.6371401866911416,93523704.89526872,46.41406363002236,0.8889550815232701,11.823214319422519,3.460494186645329,11.988779306411743,-0.11485987395454446,4.247601244607611,35065,WSD
granite_ttm,data/WSD/147.csv,value_0,0.4418837142577895,0.6162378035560413,11.265011949786913,11.436385916570321,0.78860120677016,10.84094529197211,3.5765158759713556,8.297759532928467,-0.14507727172576673,6.240382820820671,30294,WSD
granite_ttm,data/WSD/148.csv,value_0,0.33386770063334464,0.5695117909828069,8.729388266735064,8.910327217005756,0.7812094067189319,8.64377774788934,3.560434971029429,12.06666898727417,-0.11731211720150374,3.8610968880190297,41529,WSD
granite_ttm,data/WSD/149.csv,value_0,0.46134971614886416,0.653291488668349,11.336557782987535,11.605865594547932,0.7985661003194245,11.024305677598125,4.35369732910453,7.382038593292236,-0.17356553289063556,7.361030858234918,36054,WSD
granite_ttm,data/WSD/15.csv,value_0,2.006557826836192,2.8828093347818666,5.381856614583954,5.410772578087454,0.5638982859831432,5.366051410437081,1.463305542460571,53.91573715209961,-0.5091647501006938,3.8977952065736425,35959,WSD
granite_ttm,data/WSD/150.csv,value_0,234.3467717700445,316.56863061276164,1554619426.1276217,15.448317676012255,0.7717429264683943,13.700451688648355,3.7774370087426945,2386.71435546875,-78.91550324466348,8.699330327363606,35655,WSD
granite_ttm,data/WSD/151.csv,value_0,250.07939263503044,329.7969913388633,3231573905.7011285,16.2462046174145,0.7658703174006879,13.987201728783615,3.7465709519504284,2292.165771484375,-65.44006600138285,8.253177961433016,35971,WSD
granite_ttm,data/WSD/152.csv,value_0,237.3061319128301,326.49990143293434,3581128702.928693,15.756087731091236,0.7574215264174702,13.595400218328688,3.8329483378633364,2423.823486328125,-64.56929615546166,9.366032743342924,36251,WSD
granite_ttm,data/WSD/153.csv,value_0,259.16454161753694,371.7771369692397,6846851465.346326,14.208467109691512,0.7303693312197351,12.704651667224523,3.3406188276764213,3040.426513671875,-25.382614127302592,7.96437739865552,36160,WSD
granite_ttm,data/WSD/154.csv,value_0,223.0497773445264,322.22895879245715,4693488772.467084,14.617211770923458,0.6966124006117029,12.9962317696498,3.066297907512951,2441.182373046875,-30.538608842286205,7.377036602391418,35847,WSD
granite_ttm,data/WSD/155.csv,value_0,214.1739468054158,286.1652017536626,3387943484.782798,15.335907911035287,0.7533953345614115,13.346120736554221,3.4307628299435065,1870.330810546875,-58.52931645321321,7.853051639782178,35870,WSD
granite_ttm,data/WSD/156.csv,value_0,235.99373761254733,318.3453349046748,2720565829.247733,15.528291074657272,0.7686438684776069,13.788692420656634,3.752485889563401,2364.08203125,-76.90626351448728,8.728964488748966,35656,WSD
granite_ttm,data/WSD/157.csv,value_0,251.36738777035882,333.7370889853274,2261178085.2025347,16.151559708109097,0.7618420470427393,13.982213716052854,3.7298138319825713,2327.62939453125,-65.58974769848274,8.277209548247207,35973,WSD
granite_ttm,data/WSD/158.csv,value_0,242.17187688082845,333.8335971182444,3956978367.8684072,16.111677257670472,0.7481913681128836,13.918135693714454,3.8522218600102818,2234.615966796875,-68.19244006747732,7.781668930495209,36248,WSD
granite_ttm,data/WSD/159.csv,value_0,266.4060665924355,383.697957439313,4910501364.541845,14.740431701842862,0.714185250000676,13.116052768274363,3.420523831150989,3153.57080078125,-18.195201490780104,6.94601660824245,36165,WSD
granite_ttm,data/WSD/16.csv,value_0,1.813757102716161,2.5886733566687563,5.133310486132266,5.195797043585121,0.4961760528168492,5.137269185989396,1.3629035459286958,62.262373199462886,-0.62226530725319,3.905073701416136,35959,WSD
granite_ttm,data/WSD/160.csv,value_0,221.43522939853614,317.5675242604661,4584402934.085919,14.66197392332223,0.6981162659853362,13.082323643807081,3.032951298742027,2322.1455078125,-24.50634045871602,7.845047536078707,35845,WSD
granite_ttm,data/WSD/161.csv,value_0,205.08253762891323,276.12916558061903,3286564347.1161027,14.78985733120583,0.7657056829305638,12.964020247015052,3.314951844959199,2885.556396484375,-56.17617068414483,5.365899059087039,35867,WSD
granite_ttm,data/WSD/162.csv,value_0,15.820297876903998,22.015487361255687,166701619.42277887,8.745001048544268,0.6867344466936649,8.49236535243742,2.9274298171939086,209.3682403564453,-4.867780026526793,7.498973826982658,35959,WSD
granite_ttm,data/WSD/163.csv,value_0,12.680465835491812,17.263778950739184,129336282.26992619,8.485019903316177,0.6181697057560993,8.353108499200863,2.385094491749355,159.98672485351562,-2.626793599242366,6.973291978324993,35959,WSD
granite_ttm,data/WSD/164.csv,value_0,12.935603615013003,19.779738645514517,260088043.36414835,8.477676144998108,0.727483628477775,8.274304634147809,3.041017290776453,190.3594512939453,-3.092914918889829,7.423154937144232,35959,WSD
granite_ttm,data/WSD/165.csv,value_0,17.749081663173104,24.863935905462146,533989356.7288697,11.230669200875882,0.6846443131550753,10.923635424603232,4.02696981063265,225.97621154785156,-1.263945722648646,8.158529959792016,35959,WSD
granite_ttm,data/WSD/166.csv,value_0,10.412366722491171,14.462503158848405,172811969.9544186,7.675506689923364,0.5807331273145415,7.426244760533514,2.624250328356177,159.0949249267578,-2.2560320682961112,6.3047661880850985,35959,WSD
granite_ttm,data/WSD/167.csv,value_0,7.710899988408156,10.897318228557692,385230245.8190003,5.915695591573426,0.5892559912239801,5.727102323105324,2.1720731032386085,154.078369140625,-2.1327010833511943,4.112816360415796,35959,WSD
granite_ttm,data/WSD/168.csv,value_0,210.04130433301506,278.044309019079,1551258659.5153186,15.04948278389521,0.7608460862187079,13.362487888207673,3.544179673765135,1962.51806640625,-66.79138174178706,8.547319674733446,35655,WSD
granite_ttm,data/WSD/169.csv,value_0,229.730256773833,305.326826771131,1644077048.3016264,16.59853511488856,0.749757919584255,14.274438581995657,3.6812158072019465,2096.072021484375,-55.84716611261888,9.467498504531195,35974,WSD
granite_ttm,data/WSD/17.csv,value_0,1.8262201326060952,2.6441047200257355,5.496336278604126,5.558883818225669,0.5715660045293272,5.520741446925773,1.5052061781446828,125.25215156555177,-0.6406567040498611,1.9340975203172666,35959,WSD
granite_ttm,data/WSD/170.csv,value_0,240.69963681898673,332.1714754137515,3196953340.0607934,16.0139591068841,0.766244682105923,13.86812772467085,3.953539679216624,2368.1826171875,-68.40478107214132,6.516999713826791,36248,WSD
granite_ttm,data/WSD/171.csv,value_0,264.7078645481565,372.74993508526717,7196199005.5766,14.190557563273703,0.7598327199337795,12.485027262131938,3.312319960333616,3250.470947265625,-21.000740948870227,7.291665396816651,36090,WSD
granite_ttm,data/WSD/172.csv,value_0,220.28772460460928,320.01052827382404,2416713717.3963537,14.479853817742738,0.7090453528185074,12.76754486632965,3.1054848197466187,2452.4404296875,-26.4343988149444,7.289533673663417,35860,WSD
granite_ttm,data/WSD/173.csv,value_0,217.22066407147003,304.02805859734775,5159287757.712251,14.688809528634492,0.7480532442054002,13.105650652540794,3.471012106683203,2012.7337646484375,-52.294989031170196,9.171283818924518,35927,WSD
granite_ttm,data/WSD/174.csv,value_0,15.225877021210966,20.993149904866893,284776487.0958499,8.239364632027854,0.7025372659639499,7.9906391154548215,2.8397164906857446,257.643798828125,-4.694487202888688,7.168077954337042,35959,WSD
granite_ttm,data/WSD/175.csv,value_0,12.64576654880258,17.30006205499277,32239802.563546132,8.356439816586109,0.5987987404611228,8.267264444180592,2.4063284386592274,115.93107604980469,-2.690864875284463,6.807028154630245,35959,WSD
granite_ttm,data/WSD/176.csv,value_0,13.123929119826709,19.771665371755176,202556977.2342081,8.641040976668634,0.7198283170205395,8.431099027040188,3.059143342360358,215.5924072265625,-3.2188315794720475,7.554222050110868,35959,WSD
granite_ttm,data/WSD/177.csv,value_0,17.657926003568715,24.35217140544107,564861469.6862472,11.287799416662951,0.6921259026724156,10.931905060611422,4.021874241984145,229.87374877929688,-1.7774146196344192,6.728792076881287,35959,WSD
granite_ttm,data/WSD/178.csv,value_0,11.830769370914537,16.0665025776487,460380125.9105547,8.29300106334403,0.6409379494107454,7.974163230323966,2.4289246693876985,188.84600830078125,-2.38988391837712,6.105918206836431,35959,WSD
granite_ttm,data/WSD/179.csv,value_0,9.404863524809564,13.174218326558607,369972951.37390155,6.842166681204829,0.5971183473105839,6.627359581535648,2.157396805353404,162.1446075439453,-2.4101819047349964,4.642241913583497,35959,WSD
granite_ttm,data/WSD/18.csv,value_0,615.7205057396911,848.7292658463095,19.737960574170906,18.41987260353786,0.8042935781950764,14.04439755238784,5.892921663913492,4126.86865234375,-126.11127190523734,8.658735623814625,35959,WSD
granite_ttm,data/WSD/180.csv,value_0,212.6134928772311,285.2158823472034,1948442229.7577267,15.204341703444912,0.7658379115188663,13.396277357228445,3.5926363492733024,2033.31884765625,-66.29365364720744,8.794815983570873,35653,WSD
granite_ttm,data/WSD/181.csv,value_0,225.5576402777381,301.490477083079,534543388.9998967,15.940945411300236,0.7626998568898674,13.778147243227131,3.606246881215759,2251.040283203125,-49.69220439812804,7.824824217053698,35975,WSD
granite_ttm,data/WSD/182.csv,value_0,232.67428599222404,321.7424925682124,2871452814.255618,15.179426362217042,0.7822385685979397,13.321890323648441,3.7767973616291486,2374.54736328125,-61.65759835851883,7.779073804840726,36249,WSD
granite_ttm,data/WSD/183.csv,value_0,261.46703936416765,361.64238202429124,7245427140.132941,13.95517596204831,0.7775172107311925,12.196114755096541,3.269269772431203,2937.30322265625,-23.32307099957838,7.178292616599667,36096,WSD
granite_ttm,data/WSD/184.csv,value_0,220.39934978602676,315.0540943022037,5391680084.160744,14.389157557458851,0.7156229252924041,12.725336598339428,3.090176514848371,2398.54638671875,-24.679640359606957,9.438409056387169,35853,WSD
granite_ttm,data/WSD/185.csv,value_0,223.35959152050341,309.9653016482827,4659112484.775364,15.102036869343916,0.7454081822010737,13.3132302691747,3.4842701676897607,2031.71484375,-48.76476529074044,7.171802444430419,35928,WSD
granite_ttm,data/WSD/186.csv,value_0,997.3669686024252,1410.3152548192174,7578611956.140997,19.682932039271478,0.6451185342046966,16.915208931712463,2.6215730698742417,8595.58984375,-435.49241201921154,10.950502793844379,35959,WSD
granite_ttm,data/WSD/187.csv,value_0,980.9595050338995,1343.2233381520543,1696596424.9323506,19.257600753332362,0.7051897004144942,15.801281403259381,3.305275221912129,8266.66650390625,-346.8296253795555,10.182877250792618,35959,WSD
granite_ttm,data/WSD/188.csv,value_0,702.7384395094101,1042.0260489251036,10794885948.051044,20.846190070452973,0.7835461679787209,15.86617209658701,3.5799665802521323,7969.40966796875,-262.09244834613264,7.555293278169255,35959,WSD
granite_ttm,data/WSD/189.csv,value_0,749.3985682030554,1026.610783549488,3159138562.418901,18.599524813591195,0.6617613523070589,16.06352575102775,3.4952290380539663,5867.3125,-211.99179891454068,10.834942306590902,35959,WSD
granite_ttm,data/WSD/19.csv,value_0,511.9572894922429,676.6716661206011,18.536461868619618,17.82192767862341,0.8044327348225604,13.875810813950674,5.590750419348816,3680.6923828125,-126.57581074594069,8.447836031468178,35959,WSD
granite_ttm,data/WSD/190.csv,value_0,811.2877749652545,1095.3422863085182,6963891947.111008,18.832970650421263,0.6399326906115647,16.776532625135328,3.2076787607169663,6403.43408203125,-213.25805352767756,11.008465189030334,35959,WSD
granite_ttm,data/WSD/191.csv,value_0,941.4336224386791,1407.9843881588333,8109663543.721421,21.36116403154237,0.5061297572268912,19.011131677993582,2.663166621875496,9141.91796875,-347.89924569515694,10.93495175643704,35959,WSD
granite_ttm,data/WSD/192.csv,value_0,1002.8966619895282,1412.4791143161326,7567393396.070942,19.66850683273997,0.6456022849024856,16.99338289139573,2.6332222791313966,8642.644775390625,-445.2162037549764,10.636938883320527,35959,WSD
granite_ttm,data/WSD/193.csv,value_0,978.8036507407625,1340.3472988792028,1756556205.5135522,19.322627157064062,0.7049033689717861,15.816839518339872,3.301711781815778,8273.656982421875,-358.0726992310796,10.214504640140243,35959,WSD
granite_ttm,data/WSD/194.csv,value_0,701.4188322339209,1026.3946757465367,7137600578.670916,20.885226573752938,0.7888590500967252,15.883294610531864,3.578963059789727,8000.65234375,-246.08776637443614,7.434410225601454,35959,WSD
granite_ttm,data/WSD/195.csv,value_0,739.9316127567088,1014.8808718883168,1567277323.468624,18.426621269122066,0.6642573571373438,15.96724541385325,3.498574207976513,5635.7724609375,-218.93766538339455,10.795456567262173,35959,WSD
granite_ttm,data/WSD/196.csv,value_0,808.8119825004965,1099.6730478604584,3430613378.0711846,18.64509314152406,0.6286415801877671,16.85644582698175,3.178428330516949,8616.73486328125,-209.64272787576323,8.283789437743566,35959,WSD
granite_ttm,data/WSD/197.csv,value_0,926.3673527713692,1385.2505262184645,4657111407.467225,21.256204233495453,0.5095270264666127,18.844000840625835,2.607882782692693,9464.624755859375,-345.65822468479183,10.561531916883688,35959,WSD
granite_ttm,data/WSD/198.csv,value_0,1.5497261207678377,2.188261951820733,4.762024514841828,4.795868443657069,0.6246005149121217,4.799395166701474,1.0859708453506831,41.149200973510744,-0.4259834630294618,4.7283101811165364,35959,WSD
granite_ttm,data/WSD/199.csv,value_0,1.763382214650119,2.5240498291953135,5.140176451390989,5.173849621190521,0.5642119069168972,5.191359217103598,1.0110187292302169,77.42504272460937,-0.46308166748537405,2.9479675650494204,35959,WSD
granite_ttm,data/WSD/2.csv,value_0,3.0983905009951815,3.967022802162055,12.291199396895548,12.307752133006455,0.7599957397422008,11.675909282907387,3.6242102651347197,32.426906585732816,-0.828322481395103,8.344781974788242,35959,WSD
granite_ttm,data/WSD/20.csv,value_0,582.6293264877187,756.5436037820084,20.269403927317114,19.63569726026552,0.8027084187090877,15.449594864654323,5.901114898576474,3631.7880859375,-181.91080243270764,10.901204665446807,35959,WSD
granite_ttm,data/WSD/200.csv,value_0,2.3681017273649942,5.940582423480305,6.0127773400129465,6.037470843708685,0.43598705494230516,6.807906939500979,1.4098238074190819,71.4995948791504,-0.7650844351324185,6.129366924763007,35959,WSD
granite_ttm,data/WSD/201.csv,value_0,1.7895185417720663,2.4503219873654807,4.946756746036846,4.979853808074622,0.48559933138466393,4.9726535027121805,1.0244045784427074,56.684072113037104,-0.43056340670520915,3.611913306847702,36102,WSD
granite_ttm,data/WSD/202.csv,value_0,1.886031323143483,2.505180724898082,5.365886628819951,5.403777208672915,0.47906050667077005,5.35067794063199,1.0661466182820363,43.078814086914065,-0.46104155826183035,4.162812769853908,35865,WSD
granite_ttm,data/WSD/203.csv,value_0,1.7805215670369416,2.3759746465333036,5.3842199395115244,5.448355120485685,0.5239666977890886,5.376857956526875,1.1566074142183753,30.012052917480474,-0.5910111765445888,5.087740142469601,35910,WSD
granite_ttm,data/WSD/204.csv,value_0,1.531441439821118,2.263861192295817,4.799061511704947,4.809405170462144,0.620663788371661,4.824029275924936,1.1541365536236659,48.76195739746093,-0.38399994683208005,3.8461793956775687,35959,WSD
granite_ttm,data/WSD/205.csv,value_0,1.759418018850574,2.498650749017858,5.184427363906019,5.232255818573684,0.5739185186179891,5.2411616186991195,1.0009960590268843,92.68213348388673,-0.513612052456861,2.3549959934192817,35959,WSD
granite_ttm,data/WSD/206.csv,value_0,2.4870206149386,6.138113070697024,6.281565783591252,6.292634058376405,0.39805200374021843,7.045577392167468,1.3741572852776607,71.52033309936523,-0.7783826370788776,6.329909323189671,35959,WSD
granite_ttm,data/WSD/207.csv,value_0,1.813549606584352,2.448102990608692,5.009343849542114,5.042023256646433,0.52037608787591,5.02040095967732,1.0044937968702365,54.88360275268555,-0.4294202957125738,3.5557051424962847,35959,WSD
granite_ttm,data/WSD/208.csv,value_0,1.8214099513415933,2.4443500219377623,5.136654945243371,5.173599849519618,0.4595015556398754,5.157456566619987,0.9804694185043376,43.928880004882814,-0.4305450644939056,4.658566841886339,35959,WSD
granite_ttm,data/WSD/209.csv,value_0,1.8035012863805449,2.4159993448193062,5.36149024966707,5.421297712417382,0.49432441722407217,5.366011825550167,1.074128063891387,32.68463302612305,-0.5585059169407646,4.915563265146095,35959,WSD
granite_ttm,data/WSD/21.csv,value_0,798.0255351513073,1082.8698712285059,4223072018.820189,12.171418251573405,0.7022695255450421,11.67744625542541,3.3581138879053665,7742.37109375,-316.3517395611908,8.550772830294582,35959,WSD
granite_ttm,data/WSD/22.csv,value_0,739.7452707408679,984.5369867706731,15.284080066369116,13.153713930925253,0.7626898317893964,11.862845029603594,3.8731438512122947,7423.53857421875,-219.60104401263635,8.581338680124407,35959,WSD
granite_ttm,data/WSD/23.csv,value_0,776.831688825783,1090.176260650987,3639396346.1254845,12.951551703969564,0.8064231066782035,11.695988236926494,4.688723466752368,11676.0009765625,-217.62096790816668,6.050484297097274,35959,WSD
granite_ttm,data/WSD/24.csv,value_0,898.2085103718928,1285.5810509402188,2469771631.4600563,13.666496485741655,0.7339169500224145,12.416307977304733,4.455696725824705,11150.9716796875,-132.0475801691575,7.712406568721692,35959,WSD
granite_ttm,data/WSD/25.csv,value_0,771.3969682091822,1049.5842215802863,4201785162.3321214,12.818733652873188,0.716350185519216,12.121991928992568,4.251367841746634,7577.359375,-181.38563141817113,9.780861257853754,35959,WSD
granite_ttm,data/WSD/26.csv,value_0,766.6917461045846,1020.1618931850192,3433078202.910713,13.883201459170547,0.7495150634186691,12.677953533100725,4.152123030085356,6205.8291015625,-239.19134553224896,9.55386676517156,35959,WSD
granite_ttm,data/WSD/27.csv,value_0,0.3539586302693911,0.5638509325040957,13.116716666541944,13.249796849091682,0.7135296530961514,12.71509480940915,3.0796210291714354,10.085141897243433,-0.10505231637015552,4.903051459911438,35959,WSD
granite_ttm,data/WSD/28.csv,value_0,0.31381741894376824,0.5579572473689872,855572.5339571319,13.474172995884567,0.683541128929011,12.873432126659548,2.9402485409681063,15.811446189919824,-0.07776906730574434,3.2821014551116896,35959,WSD
granite_ttm,data/WSD/29.csv,value_0,0.31838347819388974,0.6874702778268048,75030951.18751583,48.94628021788996,0.7483577254102992,15.106347594048097,3.132347671231846,17.649486422538757,-0.0745880902727217,3.571274170528856,35959,WSD
granite_ttm,data/WSD/3.csv,value_0,2.569900628827329,3.3237472847279284,11.486290701529311,11.576035893373774,0.7264189095995784,11.037381908487015,3.305559794841994,31.442564010587695,-0.7304505675582049,7.14784340318163,35959,WSD
granite_ttm,data/WSD/30.csv,value_0,0.36984628956695176,0.6963123214126378,13.560715080798591,13.835735312501946,0.5761260982398115,13.405290546267612,3.1356813280888134,11.34801304344552,-0.11510829270431844,5.926062159566984,35959,WSD
granite_ttm,data/WSD/31.csv,value_0,0.3562457740799643,0.6033551838390995,13.402955432355327,13.455249417282802,0.6646663899203714,12.886237622828558,3.206267229005108,12.427539348602295,-0.09595083943722361,3.9136552414801384,35959,WSD
granite_ttm,data/WSD/32.csv,value_0,0.38038084120994453,0.6198806105969764,67174552.5567685,17.128964927914346,0.7187063369006736,13.166322753850924,3.645329102204628,11.733231782871313,-0.11401505191675895,4.7379410878507295,35959,WSD
granite_ttm,data/WSD/33.csv,value_0,1.4285133826389298,2.1374916071264605,4.356620095438543,4.406400880627068,0.49771899316959645,4.415173068370923,1.287782706402316,45.264075469970706,-0.49013223057445104,4.236851550300218,35959,WSD
granite_ttm,data/WSD/34.csv,value_0,1.4054766094226707,2.1633515310956604,4.226707459975511,4.25864813217502,0.5321458799057676,4.269415568146894,1.2482886751427076,69.20795829772949,-0.3957561350448261,2.896052919806774,35959,WSD
granite_ttm,data/WSD/35.csv,value_0,1.6978199376090763,2.4773614251646574,4.801296017836607,4.875289405297134,0.423569979048775,4.866798986837026,1.373558456277392,50.30495315551758,-0.5722835791279733,4.13375842677233,35959,WSD
granite_ttm,data/WSD/36.csv,value_0,2.016646558116442,2.890223317565829,5.385310261273682,5.440809247718455,0.5755018998410004,5.3961610210222055,1.4194462908227354,59.724554519653324,-0.558376200342148,3.7677269163939897,36091,WSD
granite_ttm,data/WSD/37.csv,value_0,1.8229187597220526,2.632700850666165,5.210838312417872,5.283788956012639,0.4623898949541292,5.205720360414393,1.4020403827355146,114.73756896972657,-0.6367588405875074,2.0195618676481777,35860,WSD
granite_ttm,data/WSD/38.csv,value_0,1.7442293000226372,2.655806873387383,5.165330359877906,5.2526628461009075,0.5461018536167189,5.2008371156924165,1.377939436340114,168.6867463684082,-0.6764387932199615,1.4859323411779686,35926,WSD
granite_ttm,data/WSD/39.csv,value_0,538.7777397019761,716.4632127535472,22.220804589395122,21.650635275218146,0.7861304969961289,16.22920362610515,6.7389736642069185,4549.77734375,-167.07246927354547,10.44863953264616,35959,WSD
granite_ttm,data/WSD/4.csv,value_0,2.5479459803078215,3.3054964889089193,10.979009432572292,11.080113549278465,0.7687589130381196,10.6233734594245,3.3272701702526564,31.57720756534004,-0.8053351459596347,7.870230003549965,35959,WSD
granite_ttm,data/WSD/40.csv,value_0,526.8978683800754,711.1824371340076,22.044248756197003,21.146022988412398,0.7815904852732516,15.690679327396092,6.491968575715416,3015.6953125,-151.2026235676504,12.228033650859828,35959,WSD
granite_ttm,data/WSD/41.csv,value_0,643.4178930378228,867.5789415104603,21.310274910131255,20.67394771139804,0.8161792290771541,15.331811957798882,6.6444325924562175,3819.41943359375,-206.66055066417331,9.453840487201266,35959,WSD
granite_ttm,data/WSD/42.csv,value_0,662.535142032962,900.9471621904185,19.896198365447486,18.57413785543807,0.8232731247817997,13.729637213029688,5.56676635018441,4224.2041015625,-122.72761670626616,10.318945850308308,35959,WSD
granite_ttm,data/WSD/43.csv,value_0,560.0143037795649,732.9420054302842,19.342348678223598,18.632058731446,0.7959418707372897,14.316961761724976,6.002648336671132,3840.19482421875,-142.7720766157942,10.036176987954049,35959,WSD
granite_ttm,data/WSD/44.csv,value_0,633.4038692665711,824.9917393047455,20.57283211573761,19.851821953580725,0.7971224195733367,15.72963248539558,6.137288071808671,3574.15087890625,-197.33972427324457,10.701669987089707,35959,WSD
granite_ttm,data/WSD/45.csv,value_0,0.4354265055096608,0.5663684838829672,10.790588819123677,10.819130241388,0.718799380772015,10.46768124401071,1.8308021256573104,18.275798797637695,-0.1015515736575632,2.8749668641095254,35519,WSD
granite_ttm,data/WSD/46.csv,value_0,0.5293250099919118,1.4839587218606154,10813660.347252108,9.946489859061193,0.8497205221029509,11.069422895148023,2.2090216642929836,35.16532516479492,-0.14424385449108548,3.8796306453872296,37282,WSD
granite_ttm,data/WSD/47.csv,value_0,0.3350095427979562,0.48949299011917186,10.82701018479662,10.931087363175205,0.7810064954328464,10.496514174676385,1.3833005519968806,16.39582848545862,-0.08285146713085635,2.5231597925001363,35076,WSD
granite_ttm,data/WSD/48.csv,value_0,0.35742634739122847,0.49245348397033395,10.223365450872445,10.340025699308466,0.6156600644313822,10.082937259421774,1.4605006523714015,26.350836992303247,-0.10781864956619755,1.8005612378988054,35959,WSD
granite_ttm,data/WSD/49.csv,value_0,0.28381188309405914,0.44957007769805984,792279.7524289117,8.10702007764382,0.6297679860021689,7.934429621921307,1.4335136030444335,5.344790458679199,-0.09103861143892136,5.619625971225748,35959,WSD
granite_ttm,data/WSD/5.csv,value_0,2.7010269185590605,3.9221637894457655,133140145.02194202,11.068546932440496,0.6996008142511125,10.709176375089632,3.4054378876013045,80.83742141770117,-0.9661183669507173,3.8017743645675757,35959,WSD
granite_ttm,data/WSD/50.csv,value_0,0.3692120617148488,0.5184157994056959,11.433368763842127,11.336674976854853,0.672922898642109,10.587941568776056,1.7281687532097871,16.546381950348145,-0.11474293957556586,2.4168569153281654,35959,WSD
granite_ttm,data/WSD/51.csv,value_0,0.21115634798205976,0.3083861360956288,12.95986453229854,13.140052029879474,0.6893149175707829,13.028471832585522,1.491048771151725,11.2381584643969,-0.06728284014530977,2.6470912482103546,35494,WSD
granite_ttm,data/WSD/52.csv,value_0,0.20051387811242494,0.2747493991850219,11.97606773582077,12.098107981259606,0.7439221677941471,11.824186336357059,1.4778753549841888,2.502059936528301,-0.06719718721605072,5.233321985790809,37325,WSD
granite_ttm,data/WSD/53.csv,value_0,0.17375340945687998,0.27837799460082135,3310862.2446874995,17.250749549267326,0.7643026867546274,14.069402317146068,1.114327838869629,10.01014328005957,-0.06371784284423179,2.39981021935815,35058,WSD
granite_ttm,data/WSD/54.csv,value_0,0.1707136949286457,0.2594355587306959,11.624506561479517,11.941397977931413,0.5727087189700486,11.959428439423423,1.217719335821821,16.680169582397216,-0.06911325468480728,1.5039742223281842,35959,WSD
granite_ttm,data/WSD/55.csv,value_0,0.12824883022718647,0.22100140003280105,924684.1943208305,8.98417014817346,0.5851390514441006,9.179873027722289,1.2334768253078947,13.224129676818848,-0.04535565467795016,1.4733426668853404,35959,WSD
granite_ttm,data/WSD/56.csv,value_0,0.16509786234890347,0.25638795454015917,13678208.51910238,14.604476850542866,0.7092049078063764,12.769407432687427,1.4565671853768598,9.201032519340515,-0.05921734983743293,2.3307995867287197,35959,WSD
granite_ttm,data/WSD/57.csv,value_0,0.36411831387194044,0.48267826094869576,13.656662367731522,13.658852475987192,0.7749325465076327,12.948537123754683,2.2926080603849743,18.29124701027047,-0.0888079019919097,2.5205132092780693,35658,WSD
granite_ttm,data/WSD/58.csv,value_0,0.3234548767940741,0.42547345370590123,13.172560740049946,13.093514169613824,0.7974987319977705,12.179698540213533,2.060723736949752,4.842090129849727,-0.07785528879182887,5.598334987434648,37240,WSD
granite_ttm,data/WSD/59.csv,value_0,0.2375067106281587,0.37689473905364684,5672246.021498522,21.380933076639216,0.8064889921463931,15.619810760915673,1.5852492098438795,16.618974685629688,-0.07244995826537945,2.0459999785604266,34979,WSD
granite_ttm,data/WSD/6.csv,value_0,592.2621405017585,778.2733490277498,21.84592208684826,21.324549677704386,0.789221984909616,16.087496363581565,6.853000344366482,2933.19677734375,-186.06920019669755,11.761725087316757,35959,WSD
granite_ttm,data/WSD/60.csv,value_0,0.2706031401507723,0.38800087804442185,14.11221139713561,14.141493572405208,0.7045873691741873,13.27535407382057,1.8075967705506744,25.000030756031276,-0.07513585846393507,1.505722333753706,35959,WSD
granite_ttm,data/WSD/61.csv,value_0,0.2117889287125292,0.3217912408455642,637033.8646575414,11.077365453025527,0.750118329201291,10.894272847982041,1.8124989653935737,4.353828191757202,-0.06193390958424654,4.597017726365203,35959,WSD
granite_ttm,data/WSD/62.csv,value_0,0.2612830137547619,0.34188284339391156,27979109.200053312,18.673808333996988,0.7624839007652403,14.593528309769797,1.9066910188000668,3.900301218030269,-0.08744214900802755,5.604636864574651,35959,WSD
granite_ttm,data/WSD/63.csv,value_0,783.0367804074062,1062.4675470111297,4036937859.37635,12.198325941251058,0.7095737772929414,11.673019975145712,3.3641465569814715,7305.03515625,-301.5155779018183,8.350106468179264,35959,WSD
granite_ttm,data/WSD/64.csv,value_0,734.4439953110538,981.4757679494377,2014916171.3233092,13.27445391169614,0.7630903757963554,11.948710792939341,3.8572320619915668,7245.43701171875,-211.26712884894732,9.055039837156912,35959,WSD
granite_ttm,data/WSD/65.csv,value_0,770.1066203300765,1072.9553899650523,3906872195.511456,12.978725590196152,0.8115582861800514,11.736359960972194,4.5746066453321355,9383.53515625,-208.25714800623626,5.903143650776036,35959,WSD
granite_ttm,data/WSD/66.csv,value_0,893.2099114152259,1269.2278160064664,2433616938.9365783,13.903375137399834,0.738283141248167,12.523896838094556,4.439114061492937,11611.3916015625,-126.14255160148039,5.81521037297932,36156,WSD
granite_ttm,data/WSD/67.csv,value_0,745.081078659454,1020.1976731245843,4029790659.378746,12.475412258713932,0.7334213486107093,11.849146716778431,4.125316993025937,7385.26220703125,-201.10030918030333,9.506128150620427,35839,WSD
granite_ttm,data/WSD/68.csv,value_0,802.4568911767408,1029.8042463150725,1904994570.229457,14.560749117997215,0.744056813176591,13.433582789576182,4.383416176161541,6835.50146484375,-307.350120449603,9.615352439916643,35882,WSD
granite_ttm,data/WSD/69.csv,value_0,1.5527767786241546,2.2601553419918043,4.426910026981959,4.474375357156876,0.48209649842039115,4.480443466715746,1.3656726388448452,52.239215774536135,-0.49304820895907764,4.016625807698248,35959,WSD
granite_ttm,data/WSD/7.csv,value_0,577.1544410836364,775.470324214791,21.011946208678946,20.219189312117294,0.7838612084720034,15.385482632742958,6.331592213199699,3475.84912109375,-170.07522346142048,10.665249954817646,35959,WSD
granite_ttm,data/WSD/70.csv,value_0,1.4746816236056737,2.1945733549212165,4.141202610297506,4.178227743139458,0.54815428587762,4.192066298556725,1.2866281055052387,46.73097686767578,-0.44616836798211285,3.723402366680042,35959,WSD
granite_ttm,data/WSD/71.csv,value_0,1.9071921004519867,2.7748382780791343,5.049061203583353,5.122492452136691,0.5278703918033004,5.1382650786951904,1.4810508072720148,97.51390472412109,-0.6925007681715472,2.3753109725039674,35959,WSD
granite_ttm,data/WSD/72.csv,value_0,2.20718210917366,3.133678041757929,5.531574482812817,5.596745742865237,0.563017432320204,5.538668211607558,1.4775347743633573,57.04955917358399,-0.6357153356423709,4.451247218406149,35959,WSD
granite_ttm,data/WSD/73.csv,value_0,1.8076135925231016,2.6843795080063826,4.896496421698992,4.959718935050218,0.46603080365819394,4.90224815131826,1.3896351583308448,157.1770735168457,-0.6402285216764917,1.5440779453588627,35959,WSD
granite_ttm,data/WSD/74.csv,value_0,1.892740998146998,2.956827053931649,5.350103697652027,5.444296731751004,0.5157374303320474,5.385813335621191,1.5186805040529077,264.80142044067384,-0.7783879989165314,1.07716832565816,35959,WSD
granite_ttm,data/WSD/75.csv,value_0,541.6919209611023,714.3099292233209,22.47381367915978,21.911575468478556,0.7889279342516433,16.278112628226772,6.748615771022606,4823.8134765625,-177.87436058929424,9.648925154982047,35656,WSD
granite_ttm,data/WSD/76.csv,value_0,513.5151546894673,687.349122901028,21.799199767628284,21.024720725170102,0.7881827797983872,15.573174662360065,6.4736771082023035,2816.947265625,-154.1299290894057,11.799984942506917,35972,WSD
granite_ttm,data/WSD/77.csv,value_0,647.0190957348877,874.121272148346,21.133933718159582,20.52893390636088,0.8140616808391095,15.373144776048623,6.63679374176298,4034.27978515625,-207.92805566955835,10.21289019918619,36249,WSD
granite_ttm,data/WSD/78.csv,value_0,2.666940762833414,3.490780451532448,24549825.309301347,6.35696699153042,0.569766105002151,6.207630106150979,1.75012758423273,46.046757507324216,-0.779305031380547,3.964543386181088,35959,WSD
granite_ttm,data/WSD/79.csv,value_0,2.543899430038366,3.662733067054342,13868050.458286818,5.5044642661334775,0.5419099301566055,5.455166007911314,1.5773017974599914,62.7682911682129,-0.6438467701717498,3.5584698990132537,35959,WSD
granite_ttm,data/WSD/8.csv,value_0,621.7117750424094,820.7829737192644,20.827384920941007,20.18034817033945,0.793973846244794,15.269233107388375,6.380607737033922,3508.3388671875,-195.30507950053575,11.325831015858485,35959,WSD
granite_ttm,data/WSD/80.csv,value_0,4.775700375719096,10.497059278895858,181311344.13124096,8.411166938625163,0.7890477435170715,9.422253851714514,2.1575864294102716,160.87527465820312,-1.5729143811086415,4.8041461230644655,35959,WSD
granite_ttm,data/WSD/81.csv,value_0,767.0760964581624,1023.6365252245093,3945560326.7825894,12.902583721124344,0.7762635365479373,12.011758986111339,3.9873668230593005,7368.2353515625,-268.53208813987806,7.967903208721953,35959,WSD
granite_ttm,data/WSD/82.csv,value_0,786.6455621104132,1043.3869202566602,2274676391.828163,13.157144206284055,0.7843385060903054,11.811663356770929,4.186889903069323,8179.5087890625,-227.21249387187274,8.70795293153614,35959,WSD
granite_ttm,data/WSD/83.csv,value_0,652.8393805570759,962.5237974385013,3958006966.6546693,17.586089971037712,0.8815808675507368,11.72323294254114,4.470350504401041,7516.2998046875,-169.26945247531862,8.657346622040848,35959,WSD
granite_ttm,data/WSD/84.csv,value_0,843.559280674663,1177.7157336233665,2278308199.730151,13.678089620756847,0.7353379255396365,12.40490618396097,4.266869841971625,8219.224609375,-115.67295375696663,7.80150856931218,36076,WSD
granite_ttm,data/WSD/85.csv,value_0,770.3391710532219,1012.348701285458,4108384486.107633,13.327071234019114,0.7111874940623129,12.667260105971703,4.154607671740894,7435.52783203125,-197.29012983430286,8.981888929868317,35874,WSD
granite_ttm,data/WSD/86.csv,value_0,728.7116804548438,962.5725288155995,1634368565.7631423,13.191995329362635,0.7465210163315197,12.56861478950756,3.934547461221145,5871.7958984375,-266.4513342797874,7.966996596719082,35927,WSD
granite_ttm,data/WSD/87.csv,value_0,489.74127692842967,622.785774231014,21.61939571914914,21.183794275772435,0.7841170552998422,15.810618140743419,4.089915860560653,2304.834716796875,-178.70654459236872,11.143062698712006,35938,WSD
granite_ttm,data/WSD/88.csv,value_0,548.9521772463883,699.2467172305019,22.2685013212166,21.814615763955214,0.7702924856112725,17.24647995090551,4.461501172522769,2740.31494140625,-218.35644043592734,10.71971052016713,35996,WSD
granite_ttm,data/WSD/89.csv,value_0,529.6080755402461,667.0015310717281,22.10363911660279,21.861090181753575,0.8118996442946843,16.38226004474336,3.9482231500596376,2560.0107421875,-213.71256068398716,10.607530710428245,35943,WSD
granite_ttm,data/WSD/9.csv,value_0,618.0700817073676,860.8251835056642,19.745631821062346,18.398888687368814,0.8004283595882407,13.96917681171172,5.873438849770086,4170.8818359375,-126.39869312152817,8.745557081231984,35959,WSD
granite_ttm,data/WSD/90.csv,value_0,488.37436534402406,624.677178500247,21.659196911836638,21.240992298101823,0.7836951627979334,15.706990250572892,4.078613846653112,2455.333984375,-178.01405785841547,11.3701707044093,35959,WSD
granite_ttm,data/WSD/91.csv,value_0,550.3683437235524,694.9353162071905,23.207288213546047,22.913993019132135,0.7763896556470811,17.10167175753787,4.495227553297016,3011.84912109375,-215.00351962328733,10.762510704772966,35959,WSD
granite_ttm,data/WSD/92.csv,value_0,556.4998645664186,709.9083235832727,22.578521594607455,22.29201386295364,0.7881056101324917,17.143173895295437,4.150189921818594,2590.0341796875,-218.69886361769275,10.811884306781492,35959,WSD
granite_ttm,data/WSD/93.csv,value_0,202.65511976703434,282.6995125106187,4232257193.542508,17.651967597624065,0.7190044853213899,14.993755419920099,2.9752238515134555,1862.503173828125,-26.91203044551514,12.164350796498223,35942,WSD
granite_ttm,data/WSD/94.csv,value_0,221.67389213661227,296.4146201838853,3803989675.463051,18.764509450881388,0.727575546045995,15.581438892657678,3.038387813630111,1910.2530517578125,-76.26262277346844,10.179073495325731,35988,WSD
granite_ttm,data/WSD/95.csv,value_0,200.86285726391404,270.22770671181894,2152399853.6981754,17.292176079996004,0.7700656547648679,14.62335271234037,2.70527079894095,1724.8802490234375,-65.07220501092809,7.8190887358743915,35947,WSD
granite_ttm,data/WSD/96.csv,value_0,859.1067111249422,1116.780650341467,5230626312.038832,20.57128354737565,0.6306590643955117,17.64273793453538,3.4989581444266684,6469.634765625,-253.80113359355445,11.135513514223423,35959,WSD
granite_ttm,data/WSD/97.csv,value_0,941.3785486446478,1329.616269489293,3464726124.4974046,22.174331243834374,0.5481730680604264,19.09518452236561,2.920455363107771,8829.962646484375,-344.7345708746637,10.75132424589062,35959,WSD
granite_ttm,data/WSD/98.csv,value_0,867.5324122055131,1231.4232759535837,1269408788.1349373,19.50024761306387,0.5846362413092245,17.35936147627148,2.582648613946112,7862.68701171875,-306.47685397643625,10.297903294477202,35959,WSD
granite_ttm,data/WSD/99.csv,value_0,851.2349719356756,1110.6864290627077,3449870201.3874397,20.528831463149995,0.6268661797150057,17.618101030149987,3.462891655997699,6308.27978515625,-245.60487223526818,11.086907856485404,35959,WSD
chronos,data/WSD/0.csv,value_0,2.7306451082516725,3.7871663051238253,6.760578339515767,6.767028088263179,0.9050768644721341,6.604336967723813,1.868949649926062,20.125,0.20965644633353864,4.921973742892626,4544,WSD
chronos,data/WSD/1.csv,value_0,2.3843410355877643,3.3880663629560637,7.698656942387331,7.672183580238981,0.8943016195632165,7.360351077797529,2.0510121455285493,29.5416679382,0.2787889226556778,6.0537221656364375,4544,WSD
chronos,data/WSD/10.csv,value_0,227.10739436619718,331.10301814806905,7.120388832847343,6.956907418218754,0.953544241662504,6.2211646532210825,1.894257264198699,1806.0,77.40933098591549,5.714584365689835,4544,WSD
chronos,data/WSD/100.csv,value_0,527.6369938380282,847.2556664947433,11.641013054650772,11.177203979817453,0.8146473689771611,10.73633570656775,1.4765308804752892,4924.0,78.85772447183099,8.003548710511462,4544,WSD
chronos,data/WSD/101.csv,value_0,515.5257482394367,803.5994679338435,10.957105027648232,10.993080169655492,0.8317256102101642,10.415232054963887,1.350065066356168,4777.0,38.776408450704224,8.780588591934478,4544,WSD
chronos,data/WSD/102.csv,value_0,124.31484375,179.42897974842722,9053571437.486816,8.55790885488071,0.9302115398428078,7.608077726827046,1.6056791767417014,2064.0,32.890959821428574,6.140622167981767,4480,WSD
chronos,data/WSD/103.csv,value_0,139.2590837055078,203.04444468029524,10457746488.226128,8.96909725153362,0.9240771984533989,7.960541371799793,1.4864070349272367,2608.0,49.87331783231337,6.29595177303241,4544,WSD
chronos,data/WSD/104.csv,value_0,130.64084507042253,247.420696284982,212367967.8808555,11.050214805616323,0.7886134361946309,9.58070921024335,1.76328284956573,1919.5,5.456205985915493,9.505213072799922,4544,WSD
chronos,data/WSD/105.csv,value_0,94.7272227112676,149.47816966509208,11426056347.358784,8.493553499137423,0.9096715433626252,7.4446750027997055,1.3322449880574716,1800.0,22.9178036971831,6.816150007528139,4544,WSD
chronos,data/WSD/106.csv,value_0,94.8192931762614,132.60711950733267,8.632699809909084,8.27273069177905,0.9279855117767476,7.416855250035816,1.3171542507669,1414.0,22.995776839297623,4.555380264765808,4499,WSD
chronos,data/WSD/107.csv,value_0,104.2465731891348,146.2804647365545,9.416680213730338,9.19100533347224,0.9236138569500544,7.975091474693054,1.4079166354465495,786.0,7.472491197183099,7.11480859613592,4544,WSD
chronos,data/WSD/108.csv,value_0,134.3122767857143,189.45830492632294,9178571438.276608,9.301576174728712,0.9220942011909605,8.198911270197033,1.7286518922645868,2144.0,27.952455357142856,5.687730559181115,4480,WSD
chronos,data/WSD/109.csv,value_0,143.6179060686001,207.83730259465472,10492957755.750864,9.060241628736813,0.9209085905429224,8.105993554733999,1.5198564769330851,2608.0,42.10650248335058,6.556381785320338,4544,WSD
chronos,data/WSD/11.csv,value_0,264.1177376760563,381.0805375512532,8.355165463606099,8.227851937774199,0.9493677563913377,7.015164233850771,2.0359530299743,2977.0,34.89238556338028,5.618170979673495,4544,WSD
chronos,data/WSD/110.csv,value_0,124.79520505385253,232.32105721998838,726232403.8900199,10.280527912264246,0.8190215860540554,8.988172485142545,1.6567536766221553,1880.0,-5.224342377796187,8.560097907884611,4544,WSD
chronos,data/WSD/111.csv,value_0,91.68265845070422,132.01717081339666,3961267613.8430195,8.070204951780468,0.9288036822881811,7.23292890164539,1.3611801413145617,1800.0,22.77112676056338,5.790226790061257,4544,WSD
chronos,data/WSD/112.csv,value_0,96.20208749722407,133.73675920978178,8.69751425132269,8.286824970135347,0.9274293669680281,7.466709044860098,1.3042838451745395,1146.0,26.422829224961138,6.597768091257119,4503,WSD
chronos,data/WSD/113.csv,value_0,108.24911971830986,150.64042451332503,9.871435628816528,9.679480797636245,0.9191220796324081,8.267441524311002,1.4270335821536027,1487.0,20.927816901408452,4.6913866245196205,4544,WSD
chronos,data/WSD/114.csv,value_0,408.7647447183099,548.8607853905528,7.0603082420869505,6.9097225137966705,0.9380135973306194,6.463751302240429,1.7862213519699528,2346.0,49.273547535211264,5.680024685817581,4544,WSD
chronos,data/WSD/115.csv,value_0,421.71379841549293,594.9556372706121,6.980816610492256,6.849042524065345,0.9282937494134436,6.3082832937000095,1.852908058189076,3246.0,68.53246038732394,6.068498952168626,4544,WSD
chronos,data/WSD/116.csv,value_0,352.6106704926827,531.2412658629947,16830985926.237541,12.709942569688925,0.9642727106015165,6.354513049000129,1.9155297450459985,7648.0,114.92151480661312,5.1752680551679955,4544,WSD
chronos,data/WSD/117.csv,value_0,389.0228873239437,531.3519987118835,6.28370229198936,6.1765832001341705,0.945513580692711,5.696089038044656,1.632253812831782,2381.0,77.24185739436619,5.680478925720371,4544,WSD
chronos,data/WSD/118.csv,value_0,337.37249219794916,474.79702329559854,5.804946699735604,5.740460572846502,0.9376182149928786,5.473549421863479,1.5647896770117615,2284.0,17.758582255907267,6.08402131337261,4486,WSD
chronos,data/WSD/119.csv,value_0,379.8044843380615,535.4130733257367,7.172226339667843,7.050652713488962,0.9234403223346995,6.5600588132683395,1.7185826705609704,3062.0,11.895500886524824,7.033802855041207,4512,WSD
chronos,data/WSD/12.csv,value_0,1.1818749999999998,1.8808506619478333,3.544835512243992,3.525195740273351,0.6628542556113919,3.5380362281866313,1.0819863311190596,30.270000000000003,0.009957589285714295,5.302651993086646,4480,WSD
chronos,data/WSD/120.csv,value_0,0.5234107024277466,0.6654197390138125,10.260223846519386,9.97945574194124,0.8808752207387948,9.254863927985005,0.8587050359394574,2.875,0.08320115304828345,6.015093686000564,4544,WSD
chronos,data/WSD/121.csv,value_0,0.43941118930505063,0.6259591394304923,9.14965200615389,8.956644437606371,0.8667275537944552,8.345703966121587,0.973758099063497,9.09375,0.033575689379623644,5.4431229515694985,4544,WSD
chronos,data/WSD/122.csv,value_0,0.43014631080986615,0.5773728790341709,12.743014804748547,12.426652615578059,0.9472328155012305,9.453168205282905,0.8547053984895345,3.84375,-0.04316680263554098,5.10384865444571,4544,WSD
chronos,data/WSD/123.csv,value_0,0.46881395798754183,0.6009696012695603,8.769732914243477,8.674301320642291,0.8819317231621294,8.069049615937333,0.899223378456502,2.4375,0.04034234709302157,7.070230603171298,4544,WSD
chronos,data/WSD/124.csv,value_0,0.5836670728224297,0.8670292136294416,10.218487059336773,10.143604551591032,0.8258894840988382,9.6283922508964,0.8820555720962542,14.53125,0.020859333798648766,4.153433358703912,4544,WSD
chronos,data/WSD/125.csv,value_0,0.6694094529079775,1.4200890040543053,9.714495729173143,9.782416579165988,0.7234953964350721,10.012822935500893,1.1379116791014758,27.25,-0.0811292595995885,4.131168011794343,4544,WSD
chronos,data/WSD/126.csv,value_0,0.5980875062364283,0.8132249493634985,7.8319847351075484,7.629858771023301,0.9048600696971721,7.720017391469944,1.4377413390911897,4.75,0.11425626332027951,6.2756909275801185,4544,WSD
chronos,data/WSD/127.csv,value_0,0.4077278774747931,0.5599824820919971,6.277424161342407,6.231893862748548,0.9054958176294399,6.0151740373971165,1.1380048401881524,2.5625,0.035828322695057195,5.5443810631650825,4544,WSD
chronos,data/WSD/128.csv,value_0,0.31920798793598437,0.42756344595804346,7.390675288969563,7.4261784949908645,0.96274646085272,6.147288536810258,0.8712619653655982,2.8125,-0.029333094012629218,4.4422176203433095,4544,WSD
chronos,data/WSD/129.csv,value_0,0.3372340815692694,0.44010275048339187,5.757406365461844,5.768596970868778,0.9037761152586542,5.56337545599393,0.9116974796461923,2.125,-0.016532331862504402,6.401494552485699,4544,WSD
chronos,data/WSD/13.csv,value_0,1.2553738033231336,1.9523968068940765,3.6613418076504716,3.6677397862066856,0.7080399658423799,3.7214489183780293,1.09787385346366,27.310000000000002,-0.10258174245151416,5.07511517258663,4544,WSD
chronos,data/WSD/130.csv,value_0,0.399337135619474,0.9502008888537986,6.04197174144421,6.094993251546406,0.748864397026642,6.204332228387923,0.9908067550817224,25.2708320618,-0.03957524669927155,2.8940129715293548,4544,WSD
chronos,data/WSD/131.csv,value_0,0.38817009988116197,0.5331873115696306,5.8865465061419116,5.838827316541419,0.9156757170222714,5.647696689689067,1.162315491180379,3.625,0.051137203038978875,5.764187152104115,4544,WSD
chronos,data/WSD/132.csv,value_0,2.5549302602862856,21.53442931268564,12.926266421557491,13.099534373042399,-0.0064950570608584,20.150762509145643,1.2328944006215496,513.206237793,-1.1842506258207817,4.174451490903279,4480,WSD
chronos,data/WSD/133.csv,value_0,1.824968058025431,14.851646268498992,12.712647480384826,12.495988634816388,0.04058092810256808,16.38529229797872,1.054618354675605,476.0625,-0.5134378549671561,3.0599080625219206,4672,WSD
chronos,data/WSD/134.csv,value_0,1.4933919532871833,2.3705962932858218,28.80943444018425,18.516683172781057,0.7965895328814242,15.363728244495839,0.9174188825220541,37.875,-0.06681629374217618,5.098056544700692,4416,WSD
chronos,data/WSD/135.csv,value_0,1.4969071211914298,1.9008826822443576,12.247459879122657,12.031912579618108,0.7531853144256772,11.581926259418262,0.8471506252945723,7.8125,0.0425806760788151,8.495565060309978,3840,WSD
chronos,data/WSD/136.csv,value_0,1.4893798055802594,3.948338950707509,11.089594539997481,10.011585551231365,-0.23967638668601188,12.037835153934752,1.047397026732362,43.25,0.480736186406194,9.64479743684277,5376,WSD
chronos,data/WSD/137.csv,value_0,1.7518997931896492,2.414392673899403,12.376446680984472,12.15436016687605,0.7727755922647548,11.67194549662243,0.9813476267950152,19.5,-0.0254335261125378,6.416990495413695,4352,WSD
chronos,data/WSD/138.csv,value_0,0.5133805746997095,0.7269093026902343,8.355150663201107,8.068657810643892,0.9145914245184612,8.065005328007555,1.516783163349069,5.1875,0.12275513843900529,6.1213414963388155,4544,WSD
chronos,data/WSD/139.csv,value_0,0.32954498635148993,0.47200661259579385,6.6172876928264275,6.516711973099539,0.9258549698483599,6.276085990602506,1.174526557875209,2.625,0.048023931989676465,4.968490658903093,4544,WSD
chronos,data/WSD/14.csv,value_0,1.3777805897887325,2.027657534784788,3.9787917097141765,3.898728764387123,0.620958685857304,3.909968797117059,1.1386222889770126,26.25,0.2889645686619718,5.918439973102124,4544,WSD
chronos,data/WSD/140.csv,value_0,0.23534874581816226,0.32527582013124223,2613347.899489927,11.402774987854535,0.9757697694551987,6.202776103706566,0.9011727531872528,1.9285712242099997,-0.018209159611999315,3.5404170898638614,4544,WSD
chronos,data/WSD/141.csv,value_0,0.2890236440154049,0.36797198371586615,8.135043516199342,8.08239524491465,0.8666305212292515,7.638921207795264,0.856485055272828,1.375,0.0016295526334110901,7.1799411456754365,4544,WSD
chronos,data/WSD/142.csv,value_0,0.33565989101327026,0.9608763558615815,6.841015149581486,6.9034793826724545,0.7371988444221114,6.903190009762746,1.0171167549940046,27.822116851799997,-0.010397515379405808,2.7495153890272648,4544,WSD
chronos,data/WSD/143.csv,value_0,0.3055335749166967,0.42471945641695813,6.188983417088022,6.214776834238863,0.9431013721319506,5.768580608656527,1.1709198878650728,2.875,0.004275940854504822,5.071277091545769,4544,WSD
chronos,data/WSD/144.csv,value_0,0.2621669803022925,0.49581551263583057,6.6190794698655075,6.804839266691342,0.8837823367674165,6.297881288548719,1.7148094962091305,5.375,-0.031342259954254395,6.666427060649823,4480,WSD
chronos,data/WSD/145.csv,value_0,0.23606951899361558,0.5251799990055005,6.2714977495226645,6.385880159382553,0.8409589498791212,6.233904640871297,1.6170733461918978,6.756250381499999,-0.04103156742303778,4.745602223423882,4672,WSD
chronos,data/WSD/146.csv,value_0,0.27311597860259385,0.9100734527421548,1618986.5297223763,43.6470012977235,0.7680111181344806,8.872284242400173,2.2297399211935693,7.96875,0.10082276815995543,7.84546054148037,4416,WSD
chronos,data/WSD/147.csv,value_0,0.2616286695624271,0.5833610053368934,6.530349799328607,6.727394313662124,0.8147473856116167,6.403708817416459,1.6692595249008533,7.78125,-0.0024606466914166704,6.140642161440983,3840,WSD
chronos,data/WSD/148.csv,value_0,0.17322912385235092,0.39649324081133525,4.4861178880696535,4.590097413064307,0.9032634754708221,4.475843986666448,1.520893459013866,5.53125,-0.017176795099651213,4.664626362486297,5241,WSD
chronos,data/WSD/149.csv,value_0,0.36065863661474296,0.902739830061819,9.704292757929162,8.240561662728311,0.6155079710742237,8.680574882327972,2.6276601870972627,5.625,0.139780859242862,10.243856227651847,4544,WSD
chronos,data/WSD/15.csv,value_0,1.4748602552816903,2.0985878309167316,4.038441143657509,4.01370835568167,0.761118363348623,3.959922664760969,1.0657067460681449,24.784999999999997,0.11943331866197182,6.541732640014749,4544,WSD
chronos,data/WSD/150.csv,value_0,125.50546875,181.64453200056522,4642857214.690649,8.403013328379433,0.9278555456031696,7.389853444157906,1.6217122851293733,2831.0,14.192522321428571,5.269641195258637,4480,WSD
chronos,data/WSD/151.csv,value_0,139.27523673390183,186.4011909744834,9.01331323856018,8.966856971639524,0.9258961450404518,7.8685757615712975,1.7967117406155835,809.0,9.32977763747019,6.702667780456073,4544,WSD
chronos,data/WSD/152.csv,value_0,130.55204665492957,190.8079834290181,9647887372.334179,8.320476792111577,0.9157557799349398,7.447093435003286,1.6984915073794715,2592.0,31.597601232394368,5.712813875120302,4544,WSD
chronos,data/WSD/153.csv,value_0,135.81822183098592,193.537286054924,4471830994.203081,7.522920677753936,0.9247938667959423,6.662071697707896,1.4641328392434456,2807.0,34.44212147887324,5.401543010184874,4544,WSD
chronos,data/WSD/154.csv,value_0,112.25005571651438,152.0977876829645,7.283293446477498,7.12113424448039,0.9299630639372088,6.534672168772772,1.385982428511263,1824.0,25.408959215511477,3.9464916368179686,4487,WSD
chronos,data/WSD/155.csv,value_0,108.72483370288248,160.7166292652838,4789356992.968464,7.642140362857508,0.9266981563862615,6.806782892819915,1.4218930192189139,2160.0,28.868957871396894,5.871999607792612,4510,WSD
chronos,data/WSD/156.csv,value_0,128.81819196428572,188.22565069383361,10821428580.515543,8.56923525629921,0.9224269845006066,7.580578011265937,1.6607707836680503,2752.0,16.798995535714287,5.465320867997492,4480,WSD
chronos,data/WSD/157.csv,value_0,136.09594613407282,184.78201943791225,9.01347583029915,8.897315642245687,0.9270015141822645,7.649993331945659,1.717501781321443,1558.0,17.1310863885389,5.529084962235555,4544,WSD
chronos,data/WSD/158.csv,value_0,149.16494278169014,309.879946272849,8292253530.33469,9.831109369397025,0.7802618001562494,8.537084027564052,1.9528100579143852,2375.0,2.962918133802817,8.922543802846214,4544,WSD
chronos,data/WSD/159.csv,value_0,137.86157570422534,192.92366208582513,8.49778534535784,7.64143442780406,0.9251057694451987,6.779461632547666,1.4792489700475107,2768.0,25.337588028169016,5.3859202145679825,4544,WSD
chronos,data/WSD/16.csv,value_0,1.3673140404929578,1.9803048727063308,3.862638965681406,3.8888850566654303,0.7267827960220032,3.8856025622528496,0.9888561690940059,26.485,-0.176284110915493,5.914889106052361,4544,WSD
chronos,data/WSD/160.csv,value_0,116.00401337792643,153.18406092586503,7.666620493141362,7.506244505910911,0.9272151984697874,6.840916908337567,1.4023638539694003,672.0,28.7438127090301,6.254963696442019,4485,WSD
chronos,data/WSD/161.csv,value_0,110.98435766585311,161.77156198675053,4757044606.366741,8.198618628090113,0.9240398985277444,7.048561661888892,1.471375489925457,2144.0,25.639782560461505,4.426034527681273,4507,WSD
chronos,data/WSD/162.csv,value_0,11.141331426056338,15.883024160515502,913292259.728406,6.1573997682338515,0.8448263013191742,6.025211070446916,1.7838431456699506,213.0,1.6428014964788733,5.410117910114961,4544,WSD
chronos,data/WSD/163.csv,value_0,9.992893926056338,13.95900249350762,336707753.0948635,6.591733401005063,0.7426570104731276,6.591913319270361,1.7340417965604638,153.0,0.238312059859155,5.748703769667911,4544,WSD
chronos,data/WSD/164.csv,value_0,8.49846610915493,12.827874600244003,420334512.7009976,5.5888818987969655,0.886068651979569,5.441374808346577,1.771501623084395,191.0,1.5429093309859154,5.550789528448292,4544,WSD
chronos,data/WSD/165.csv,value_0,9.525836267605632,13.515826446819368,6.1431756591642825,6.028387422415812,0.9092428133873791,5.881497554441973,1.9212076244645426,62.75999999999999,2.3874735915492957,5.888735816843573,4544,WSD
chronos,data/WSD/166.csv,value_0,6.775498459507043,9.547634534457481,4.943201286668788,4.895921800104269,0.837714880868022,4.817307980644658,1.5259352467927243,67.52000000000001,0.8671137764084507,6.244365293955188,4544,WSD
chronos,data/WSD/167.csv,value_0,5.1496875,7.4320340282815724,301496482.78878576,3.930346540745079,0.8232116609056304,3.8277859000370604,1.3194385167545066,137.0,0.7616285211267608,3.380348416392965,4544,WSD
chronos,data/WSD/168.csv,value_0,120.27165178571428,170.77745049978452,8946428580.422234,8.631425995974212,0.9133562728549096,7.710595065145889,1.6458051978925938,2160.0,14.996428571428572,6.201069371814979,4480,WSD
chronos,data/WSD/169.csv,value_0,114.08352059240427,155.01593862382128,4788732402.7956295,8.455078769702155,0.9357412837779947,7.164063733057975,1.5437990463747626,2176.0,6.87720914143005,5.24411159079233,4544,WSD
chronos,data/WSD/17.csv,value_0,1.3929115316901408,1.8993050410833188,4.228976971570124,4.2068466807758025,0.7517673263160978,4.209746875715928,1.1708734165480883,15.049999999999997,0.06025088028169011,5.717354127282718,4544,WSD
chronos,data/WSD/170.csv,value_0,146.2462588028169,266.9883690294157,8.96060293167097,9.70323432850031,0.8432577232973069,8.405858953627453,2.016729528277648,1894.0,6.290052816901408,9.50136544588668,4544,WSD
chronos,data/WSD/171.csv,value_0,137.02585827464787,189.3845696984756,7.726452266510489,7.311345827103217,0.9372021088307327,6.472993522541416,1.4729605373611656,2644.0,34.805567781690144,5.192886473772295,4544,WSD
chronos,data/WSD/172.csv,value_0,124.46266666666666,170.34233896610803,8.467406625378333,8.005174725560222,0.9158499886179665,7.17876217807645,1.5275429717692288,1837.0,35.788,5.112315095021249,4500,WSD
chronos,data/WSD/173.csv,value_0,122.17275528169014,177.90381877153374,8873239445.255098,8.397447242212241,0.9195998532973334,7.395473805324046,1.610526242124727,2112.0,-1.5939700704225352,6.149457959610568,4544,WSD
chronos,data/WSD/174.csv,value_0,10.412917033450704,14.414700623234854,5.72144355460812,5.60038418750822,0.8632500041915722,5.502268121925877,1.7304670686228347,64.27000000000001,1.539690801056338,7.690301228785133,4544,WSD
chronos,data/WSD/175.csv,value_0,9.980256382042255,13.637320877031712,6.537480071728733,6.485642916168764,0.7365546168823067,6.532275862224927,1.7513834346514316,69.06,0.13635893485915498,9.381110873654613,4544,WSD
chronos,data/WSD/176.csv,value_0,8.961991637323944,13.573728788906557,479753526.9958296,5.795798324238737,0.8682765672507209,5.759784375168266,1.8504056738088706,218.0,1.8124933978873239,5.799251811034161,4544,WSD
chronos,data/WSD/177.csv,value_0,9.865111135563382,14.148797679425027,6.3563446425302494,6.243515644163008,0.897333740749626,6.1283569074860536,1.9713680657508796,123.91000000000003,2.278046875,4.902903070006593,4544,WSD
chronos,data/WSD/178.csv,value_0,8.081625220070423,12.13073634385226,860475357.5793434,5.494258653312395,0.8170886018495354,5.431962986230671,1.4757384606175072,215.0,1.2331216989436615,4.610168488523643,4544,WSD
chronos,data/WSD/179.csv,value_0,6.098110695422536,8.904499273504367,647007046.5958848,4.410352406988288,0.8257308102694033,4.3043772710120285,1.2375421194467535,148.0,0.15042363556338031,4.0099519379916995,4544,WSD
chronos,data/WSD/18.csv,value_0,232.25979313380282,321.94065847144043,6.403977102448222,6.354936430550417,0.9720288281433965,5.315780255015676,1.6099472995139843,1609.0,30.281360035211268,4.657706285755793,4544,WSD
chronos,data/WSD/180.csv,value_0,121.59598214285714,168.92820271822913,8.703025025436213,8.47533001321754,0.9213128173043702,7.70369176182264,1.716430049567313,1595.0,10.909598214285714,6.410937484562776,4480,WSD
chronos,data/WSD/181.csv,value_0,118.91550526200332,165.64767263137156,9.734639460550332,8.73153696566982,0.9288021692700568,7.337016722200465,1.5683537701925752,2141.0,12.882490480020701,5.840891136508166,4544,WSD
chronos,data/WSD/182.csv,value_0,134.89623679577466,198.62833023572443,4647887332.435039,8.3285633140626,0.9140390996039137,7.699792402677881,1.8002755603173937,2112.0,30.370048415492956,6.267855166794713,4544,WSD
chronos,data/WSD/183.csv,value_0,134.11927816901408,176.88903152066842,7.1460121286700495,7.088861346803493,0.9459429715943589,6.261751611165156,1.4809813856964091,858.0,19.781690140845072,5.302429002418118,4544,WSD
chronos,data/WSD/184.csv,value_0,118.41931894057423,152.7506212142082,7.762928410417347,7.680527181362179,0.9316146998931475,6.787423713591738,1.4688093304314411,958.0,19.60471845092366,5.484761982556847,4493,WSD
chronos,data/WSD/185.csv,value_0,126.26771566901408,181.51812609081423,8943661980.311678,8.533110029964618,0.9176075528787488,7.547827189689837,1.6111691859371833,2080.0,4.124009683098592,6.074903818300342,4544,WSD
chronos,data/WSD/186.csv,value_0,583.2939040492957,879.0249002324273,32605633813.62455,10.727165771698347,0.8643025731450866,9.99729952825763,1.4243312555777756,8032.0,14.017055457746478,7.880097716113199,4544,WSD
chronos,data/WSD/187.csv,value_0,550.0820862676056,830.946254476863,9.250266468234088,9.046557616794319,0.8830243848536485,8.851228073356213,1.6121449187669188,5916.0,114.59242957746478,7.133810563846694,4544,WSD
chronos,data/WSD/188.csv,value_0,365.1714398607554,598.8740749486368,56.31205516231591,11.881874890840326,0.927114969278753,8.317410986729703,1.562391228635706,4160.090909090909,72.2055507762484,6.133434034202322,4544,WSD
chronos,data/WSD/189.csv,value_0,421.9744718309859,627.8701560758778,9.6698712719164,9.493387885436249,0.87041763636368,8.950126035399137,1.6952985390135136,3485.0,102.64458626760563,8.45616371819364,4544,WSD
chronos,data/WSD/19.csv,value_0,211.72711267605635,308.64648932025506,6.425223762270384,6.41163433445,0.9604893359132363,5.781641949102887,1.7103671412342616,1724.0,37.506602112676056,5.3224088518754105,4544,WSD
chronos,data/WSD/190.csv,value_0,460.02332746478874,665.4562979693274,10.312374828041543,10.186945515635257,0.8654167088786083,9.516515386705379,1.592950676562709,3200.0,-0.19190140845070422,8.418169487278018,4544,WSD
chronos,data/WSD/191.csv,value_0,524.8374779929577,825.08794108893,11.287955554840838,11.578979115535425,0.8302400064744879,10.565159198175245,1.3454963907088122,7216.0,-41.14601672535211,7.536426206511966,4544,WSD
chronos,data/WSD/192.csv,value_0,575.8288952464789,862.5028077077466,33098591560.049885,10.42222662015289,0.8698712781897857,9.859905291167776,1.3933669271807407,8096.0,1.7058758802816902,7.531460074290488,4544,WSD
chronos,data/WSD/193.csv,value_0,517.5325704225352,784.8291940449928,8.674056492435597,8.570834059624358,0.8954056540500777,8.343381455281214,1.5340116223986446,5931.0,75.3243838028169,6.584689940808733,4544,WSD
chronos,data/WSD/194.csv,value_0,368.7343399887964,608.1712483666539,60.59359619375088,11.71987326807372,0.9245163498567989,8.426024368262034,1.5890212850948373,4130.965909090909,84.8366727352753,6.203067031408272,4544,WSD
chronos,data/WSD/195.csv,value_0,428.51947623239437,628.3311812559268,9.89228378323104,9.653894120838228,0.8675653197670857,9.144953209308811,1.720350386506088,3266.0,137.73052376760563,8.396781788800304,4544,WSD
chronos,data/WSD/196.csv,value_0,445.45730633802816,643.1002258809812,10.22101838259426,10.095905445041256,0.8718658424682052,9.284642913168762,1.534697929223739,3119.0,13.048415492957746,8.254398997317177,4544,WSD
chronos,data/WSD/197.csv,value_0,523.5458846830986,831.4740331704338,11.428081965739647,11.809178113345643,0.8237391919413989,10.624680245354517,1.332604012327976,7117.0,-44.31327024647887,7.324471750972814,4544,WSD
chronos,data/WSD/198.csv,value_0,1.2315503961267606,1.8035482395331057,3.7286246056339394,3.7627028642093676,0.7415522565700995,3.801713471958859,0.8174313575371681,27.025,-0.16761113556338028,5.178145964780666,4544,WSD
chronos,data/WSD/199.csv,value_0,1.444816241197183,1.996306166087457,4.183433175049503,4.231312789736021,0.7008417999896708,4.252604615027658,0.8042325415035101,20.659999999999997,-0.27005171654929583,6.498392467732608,4544,WSD
chronos,data/WSD/2.csv,value_0,1.8849032021500574,2.5476899990149615,7.336653295493561,7.366937416372517,0.9037887444744285,7.118117059942381,1.9912291263568038,16.4204559326,-0.01335933009362255,5.629365329852712,4544,WSD
chronos,data/WSD/20.csv,value_0,284.20290492957747,409.9942526924078,9.283288902421802,9.119557953177113,0.9436965743530551,7.546521723733836,2.195779637138793,2221.0,52.495158450704224,6.1774032347808925,4544,WSD
chronos,data/WSD/200.csv,value_0,1.569463028169014,3.132735261024942,4.279984688757156,4.2212488647495,0.8535628581419676,4.510499600046107,0.9069524963807268,59.49,-0.038259242957746534,3.418896934437348,4544,WSD
chronos,data/WSD/201.csv,value_0,1.435506161971831,2.0237809748523903,3.936516011872703,3.957135216441779,0.6579927178782736,3.980107820239397,0.7784630922729135,36.129999999999995,-0.08558538732394366,4.46849409329298,4544,WSD
chronos,data/WSD/202.csv,value_0,1.4695438401775804,1.935247750761062,4.1681629938193225,4.14476222241171,0.6814053600193634,4.152325735062188,0.8138934195934512,20.5,0.10783462819089903,5.312236483011425,4505,WSD
chronos,data/WSD/203.csv,value_0,1.3429167190643863,1.82709840209061,4.03628466424085,4.051319736720082,0.711140923375265,4.047559461740242,0.8395874573501594,27.880000000000003,-0.106990536971831,4.728515533360792,4544,WSD
chronos,data/WSD/204.csv,value_0,1.2184044894366197,2.1005568120564697,3.8460808843389565,3.7760556272143426,0.6698953541012433,3.8571166321403982,0.9118769442352246,28.07,0.050495158450704236,5.52342048923605,4544,WSD
chronos,data/WSD/205.csv,value_0,1.4796555897887325,2.0363607831780333,4.330894174625991,4.355293903543075,0.7028556525983759,4.38421059375328,0.8144090565839801,18.365000000000002,-0.22752970950704224,7.0805312349723,4544,WSD
chronos,data/WSD/206.csv,value_0,1.6690790052816902,3.24222874634378,4.4665182808905,4.426348893383382,0.8448548521576901,4.719243763135659,0.8676398780455248,60.41,-0.1772040052816902,3.5861395269812855,4544,WSD
chronos,data/WSD/207.csv,value_0,1.4481205985915493,2.002930536503231,3.982552317313744,3.9842715247628044,0.6500763759891572,3.9986390580259212,0.7918713662008958,34.84,0.021183978873239452,4.572900768272216,4544,WSD
chronos,data/WSD/208.csv,value_0,1.6478113996478874,2.3633891814924226,4.728493439825037,4.649732785136855,0.5045232161067075,4.676806126398633,0.8642424019358679,30.120000000000005,0.07069432218309864,4.964060452620085,4544,WSD
chronos,data/WSD/209.csv,value_0,1.3769080105633802,1.816350143501771,4.080465191490649,4.095846148640709,0.7283455043053897,4.106146566712568,0.815421378028772,26.07,-0.13031470070422535,4.362032044912994,4544,WSD
chronos,data/WSD/21.csv,value_0,468.9661091549296,635.298250318222,15915492965.325413,7.44526998755871,0.9021287593863593,6.929288147012707,1.7121864932906048,7232.0,39.81778169014085,5.43500941327934,4544,WSD
chronos,data/WSD/22.csv,value_0,403.376650528169,558.4312537362172,7.115134229742827,7.050038794654169,0.9224111103010282,6.423764708855092,1.7343728837559986,2790.0,39.8984375,6.75004537333757,4544,WSD
chronos,data/WSD/23.csv,value_0,377.3831426056338,518.322685955114,6.311503179580373,6.2502712988513425,0.9552286794388704,5.7082717677274655,1.7729904422904998,2476.0,67.20158450704226,4.729221587181697,4544,WSD
chronos,data/WSD/24.csv,value_0,410.34536384976525,563.1188749690778,6.264645924787242,6.135743246996451,0.9473090034317109,5.659160117383532,1.6557323506309438,2833.0,101.6362235915493,5.642473697084947,4544,WSD
chronos,data/WSD/25.csv,value_0,375.37103873239437,531.5568219198937,6.3791416849019305,6.270216852380322,0.9287377372151149,5.938848129068172,1.7360756251139111,2823.0,-2.128080985915493,6.607294243876863,4544,WSD
chronos,data/WSD/26.csv,value_0,415.01144366197184,558.9016840461097,7.452636527735697,7.394230000301684,0.9233619673504407,6.866194529289278,1.8226944758912047,5320.0,-4.334947183098592,6.768822623787207,4544,WSD
chronos,data/WSD/27.csv,value_0,0.20631871262488224,0.4654968037409293,7.695422553056365,7.781413559564807,0.812555709392196,7.372730320591284,1.5369755626858763,6.9318180084200005,-0.02557335604870929,5.632042120128604,4544,WSD
chronos,data/WSD/28.csv,value_0,0.1866297436337764,0.3820950325975406,7.906046922336753,8.121673736652433,0.8354427667565612,7.592377430768724,1.611817031093993,6.359375,-0.032881130364480635,4.956908543771619,4544,WSD
chronos,data/WSD/29.csv,value_0,0.13564751122820115,0.4187105435633815,4342094.93044427,41.84963773761566,0.902728216973962,6.495864392519159,1.301439031941702,11.9114580154,-0.019096655934668662,2.822767769918435,4544,WSD
chronos,data/WSD/3.csv,value_0,1.7748836677680282,2.4139859978740974,8.120628933869792,8.06479824166783,0.8515871349366474,7.663149135295709,2.0342361495873478,17.9166679382,0.093214560982544,7.427649006280202,4544,WSD
chronos,data/WSD/30.csv,value_0,0.28271811198389746,0.8468777923973878,8.691963215126474,9.284513616404903,0.4678885691058835,10.216099451476747,1.8767547486044864,11.1119794846,-0.08892174705235256,7.258952308446504,4544,WSD
chronos,data/WSD/31.csv,value_0,0.20694245675921766,0.600724825355098,6.777170167431695,7.123282745449029,0.6998385230139268,7.462032201810912,1.534316956078807,11.28125,-0.037841444510738335,4.591527334527576,4544,WSD
chronos,data/WSD/32.csv,value_0,0.23949133119440222,0.5096288197583032,4479725.7323290035,11.23846068617538,0.8100510633235474,8.223712081537846,1.8739758439570275,6.294270515439999,0.000870998195938318,5.7154631953931965,4544,WSD
chronos,data/WSD/33.csv,value_0,1.1355886883802817,1.7557473622377708,3.5197824031242275,3.504093366382092,0.5907658389256004,3.5137681143136765,1.0428458771768903,27.805,0.043013864436619705,5.777385199861042,4544,WSD
chronos,data/WSD/34.csv,value_0,1.0775429137323942,1.4212427698950902,3.275855653007738,3.2802619465520966,0.7829658775850525,3.2820561529415753,0.939033867964602,11.935000000000002,-0.013445202464788739,7.51582638759963,4544,WSD
chronos,data/WSD/35.csv,value_0,1.22845400528169,1.8055808587556776,3.5258537796985165,3.5284536589943865,0.6769409052501016,3.530397457043978,0.9877779766783809,35.66,-0.10042363556338023,4.093359462152976,4544,WSD
chronos,data/WSD/36.csv,value_0,1.2960959507042253,1.7336478489143587,3.5085157717199915,3.4874456721568596,0.8298045415255756,3.4672667805710344,0.8907923116913683,10.760000000000002,0.12731294014084504,6.576812780403484,4544,WSD
chronos,data/WSD/37.csv,value_0,1.275398888888889,1.8309708581332838,3.6885203128534916,3.661772992933434,0.7207907739735298,3.664533101566774,0.9850660515795013,20.520000000000003,0.12083666666666666,5.481948677045759,4500,WSD
chronos,data/WSD/38.csv,value_0,1.3668970070422535,3.4596208916735467,3.920371403507703,3.960302544203831,0.4758511460319018,4.068458559699329,0.9344852130183212,168.01,-0.0038600352112676227,1.9645774512626617,4544,WSD
chronos,data/WSD/39.csv,value_0,220.69388204225353,321.33830240058677,7.620535170474174,7.662676282581541,0.9577114851284328,6.715263899244893,1.9597926979128988,1528.0,29.509022887323944,5.467726772172652,4544,WSD
chronos,data/WSD/4.csv,value_0,1.544547311904179,2.07522091947539,6.820464753451676,6.808467436679059,0.907975479220948,6.433322659434403,1.7898730354793446,13.4166679382,0.008948325758650993,5.690734001108575,4544,WSD
chronos,data/WSD/40.csv,value_0,249.42605633802816,348.8745021581029,9.09584000190212,9.242231245241735,0.9474586786080313,7.344701781553134,2.18567315074167,1509.0,27.417033450704224,5.9985299545753605,4544,WSD
chronos,data/WSD/41.csv,value_0,286.42198503521126,419.12647828401134,8.054318492859098,8.172743600177785,0.957875551237524,6.838074554891904,2.074479318444453,2468.0,26.388754401408452,5.402506809538687,4544,WSD
chronos,data/WSD/42.csv,value_0,262.35816461267603,363.7803387994683,6.709571159420985,6.773320747285494,0.9709575655624647,5.447165989206652,1.6262919972102052,1908.0,35.60442341549296,4.501117777771199,4544,WSD
chronos,data/WSD/43.csv,value_0,223.8369278169014,313.50740737059533,6.785546010311104,6.738751655950689,0.9639432029261181,5.761256942605903,1.7547794178274698,1388.0,35.804137323943664,5.369196906501033,4544,WSD
chronos,data/WSD/44.csv,value_0,282.52354753521126,411.592802297573,7.886307656176358,8.018585209058191,0.949976568578013,7.050161711083557,2.0473080050539934,1913.0,29.219410211267604,5.772690074299761,4544,WSD
chronos,data/WSD/45.csv,value_0,0.2544875605756898,0.32580924369624326,6.429988863124743,6.425880262551371,0.9068790577898344,6.107571380087514,1.03379604583064,1.5374999046300006,-0.02197303862829172,6.147343999460643,4480,WSD
chronos,data/WSD/46.csv,value_0,0.24507748078686525,0.3349363682386303,5.625162765133048,5.634606874922674,0.9928522886366129,5.128252006778424,0.9483479092489813,2.2999992371000033,-0.015037796073464789,0.9488282206938167,4672,WSD
chronos,data/WSD/47.csv,value_0,0.22305824493169155,0.28526928854322975,7.806349247334188,7.610175816853255,0.921875888569797,6.9766595029560206,0.9107505275654688,1.3125,0.020738058827767344,5.763015735867636,4416,WSD
chronos,data/WSD/48.csv,value_0,0.2458761557674472,0.3198165810054381,7.1323107761126145,7.121976677570002,0.824426055860325,6.929032172657601,0.9666675786622627,1.5687499046300015,-0.0023013311633892017,7.995414286852618,4544,WSD
chronos,data/WSD/49.csv,value_0,0.20158420226842175,0.325338562486543,5.638237781320442,5.629317227610234,0.8278174627146452,5.589324921792768,0.9828540386149556,3.734375,-0.0036791460168254073,5.658061956287705,4544,WSD
chronos,data/WSD/5.csv,value_0,1.8208774730476236,2.604817873145897,7.474122350197739,7.330400525526147,0.8612948432571146,7.228401831237957,2.0748667758297517,15.681819915799998,0.24594160023692774,5.620071004137606,4544,WSD
chronos,data/WSD/50.csv,value_0,0.24585490366776802,0.3509467361707115,7.6763949520858175,7.831646787422798,0.8416555290466624,7.101826893454552,1.1182493333118246,2.4749999046300006,-0.00980907652650421,6.621636665568522,4544,WSD
chronos,data/WSD/51.csv,value_0,0.11558824465959286,0.1894632357805445,7.106841318997301,7.198321370331249,0.871988785379475,7.135775156792114,0.7832112967257766,3.8968749046300006,-0.016624909753009877,3.508578494600336,4480,WSD
chronos,data/WSD/52.csv,value_0,0.11738658114272935,0.17318422942232684,7.054217084691558,7.105335199563633,0.8957303838953878,6.878028865969292,0.8278803760096907,1.8375000953699998,-0.012968707916265946,5.09365366366204,4672,WSD
chronos,data/WSD/53.csv,value_0,0.11171495319299438,0.19317837658979847,1813377.0820798897,12.301766995612983,0.8750259140251094,9.1117662616127,0.6992562027522123,3.6500000953699994,-0.015584437526694955,3.787811376514395,4416,WSD
chronos,data/WSD/54.csv,value_0,0.10356355581348954,0.14935806462646767,7.228777988087717,7.328683682065952,0.8389139885159368,7.338563430597324,0.7424252854202281,1.2484374046300002,-0.018206422459176523,5.857179114477281,4544,WSD
chronos,data/WSD/55.csv,value_0,0.08470206722952539,0.1546765147891369,5.842176496180877,5.816382895491954,0.7981931805533278,6.088679473892687,0.8010984055798648,2.015625,0.006082623967000047,3.940802912595001,4544,WSD
chronos,data/WSD/56.csv,value_0,0.10266897912291009,0.16915634182542374,3680384.939873984,9.254508267511511,0.8636506481963693,7.839034769313054,0.8439975197924102,3.8234376907300005,-0.01753646533273664,3.349630404686607,4544,WSD
chronos,data/WSD/57.csv,value_0,0.17761405922187415,0.23213549458325314,6.918728517961174,6.852376563707143,0.9460924859673497,6.320738805217389,1.0190007952557303,1.03125,0.0143429423574645,4.421628367850315,4480,WSD
chronos,data/WSD/58.csv,value_0,0.1778428804046016,0.29041498225223433,7.088010941812055,6.990766877737633,0.9160959493245822,6.665876280900103,0.9401524593284213,3.8656249046300006,-0.0030090775440948926,3.821249814428424,4672,WSD
chronos,data/WSD/59.csv,value_0,0.15652330695827887,0.23753983208227641,6217430.68008578,16.521849823284608,0.9212849815749168,10.276022791926197,1.0134973251288322,1.4921875,0.003990096811157062,6.09076477624395,4416,WSD
chronos,data/WSD/6.csv,value_0,230.73426496478874,330.75941222463473,7.391267460738041,7.436479731506254,0.9627351860557345,6.326815959770281,1.8986398409960554,1641.0,19.2734375,5.076890440899995,4544,WSD
chronos,data/WSD/60.csv,value_0,0.16487883039240733,0.5637234443576095,8.15942091703234,8.173881110483446,0.5637944943296491,8.106384780805861,0.9267575828899383,24.9699840546,0.006279134545655593,2.200461270247106,4544,WSD
chronos,data/WSD/61.csv,value_0,0.12364880652557197,0.21157520888372808,6.6413232182837945,6.713277295670944,0.8984753875292031,6.327543972244158,0.9407658386491672,4.640625,0.009646210972964217,3.358336642593345,4544,WSD
chronos,data/WSD/62.csv,value_0,0.15252898904314574,0.21947433773493952,860398.3374552436,12.020066118942417,0.8982823478491331,8.505384911837394,1.023289704983298,2.125,0.0011448434574220323,4.620512373367148,4544,WSD
chronos,data/WSD/63.csv,value_0,457.3331499413146,617.2297529464136,7.418097670707007,7.275012251786765,0.9059473368574508,6.881001604948644,1.7101076440355447,3184.0,57.88413292253521,6.868793155424144,4544,WSD
chronos,data/WSD/64.csv,value_0,386.5061986502347,545.4189286238993,6.872423557799366,6.80719691737586,0.9258942411568828,6.244107136685109,1.6430051346603676,2828.0,26.909661091549296,6.6055338334007425,4544,WSD
chronos,data/WSD/65.csv,value_0,396.44861355633805,543.1122165127581,15492957753.40001,6.69718144206163,0.9505480695474313,6.077782560145869,1.8431959819457784,7040.0,91.31701144366197,4.212131351890477,4544,WSD
chronos,data/WSD/66.csv,value_0,424.5124339788732,584.5283163439001,6.437564801812619,6.311541121555663,0.942866182742435,5.934263186625571,1.6804206694166164,5430.0,109.51925616197182,5.867579967314797,4544,WSD
chronos,data/WSD/67.csv,value_0,346.2866071428571,487.2024778921857,5.901116863725461,5.8459287181191835,0.939170628929461,5.488363543146706,1.5916607711850677,2285.0,-6.497767857142857,6.2970463731702955,4480,WSD
chronos,data/WSD/68.csv,value_0,397.43376824413974,560.5121741953953,7.048788725205787,6.970970381659468,0.9255471681015476,6.644791400556531,1.7820727986961298,3109.0,-34.28405572755418,6.86313424997423,4522,WSD
chronos,data/WSD/69.csv,value_0,1.1451650528169013,1.6149349760949718,3.2694589087286454,3.300699722777873,0.7369391641709846,3.30622625923108,0.9908853207501196,23.935000000000002,-0.1932614436619718,5.603521776873601,4544,WSD
chronos,data/WSD/7.csv,value_0,275.1895906690141,390.410947964503,8.788017443376235,8.765972746458454,0.9438841796927306,7.2732577866460675,2.197237360139145,1803.0,62.928807218309856,6.197982980862089,4544,WSD
chronos,data/WSD/70.csv,value_0,1.1649636883802816,1.5600509572656445,3.317753586501259,3.308851104411331,0.7068422487311616,3.3186639130222853,1.0302228729653913,12.060000000000002,0.06715999119718312,8.284922768272143,4544,WSD
chronos,data/WSD/71.csv,value_0,1.4367627640845069,2.100298522940387,3.9122173578130206,3.8691589833128566,0.6619438194856866,3.8963382393879447,1.1042504279716114,25.58,0.0628895246478873,5.4881069321672,4544,WSD
chronos,data/WSD/72.csv,value_0,1.5797384829812207,2.119301251942197,3.9644133234485706,3.9562347368523607,0.7968472385274794,3.9479358890261462,0.9993263230264726,19.03,0.07514194542253522,6.441645142681448,4544,WSD
chronos,data/WSD/73.csv,value_0,1.349710607394366,1.9698890749607318,3.660882256354345,3.646255714534994,0.6854674831019647,3.657852674018453,0.9997791145071417,32.91,0.045747139084507,4.559928414260954,4544,WSD
chronos,data/WSD/74.csv,value_0,1.2832361355633801,1.7791333759364663,3.682292654680418,3.676920225802823,0.7770569305277536,3.6517380360453364,1.0089095616785044,27.97,0.05252530809859154,4.4724318148226905,4544,WSD
chronos,data/WSD/75.csv,value_0,225.98649553571428,325.44144794863905,7.934223177988697,7.974539503100517,0.9569410114721157,6.822920947126381,1.9902854756688189,1515.0,24.02466517857143,5.5965855193231135,4480,WSD
chronos,data/WSD/76.csv,value_0,226.0787940000225,320.66989731000217,8.864498959626854,9.13143355608132,0.952367532560934,6.957471234965189,2.0742652707420732,1507.0,29.87995439690861,6.011809098425237,4544,WSD
chronos,data/WSD/77.csv,value_0,305.8167913732394,455.9355840911327,8.874908284345691,8.8741297948208,0.9475170583471324,7.236203819182426,2.259940730247847,2548.0,89.74636883802818,5.605305926864183,4544,WSD
chronos,data/WSD/78.csv,value_0,1.919195642605634,2.5225012205532593,4.604023496794211,4.544311503536401,0.7588311938238597,4.487827187036923,1.1885905261205636,14.049999999999997,0.3463875440140845,8.24616286548957,4544,WSD
chronos,data/WSD/79.csv,value_0,1.9317077464788732,2.909550140527996,4.1162089148790715,4.128977490818804,0.6829487526904603,4.138925276472418,1.1177076010695353,40.870000000000005,-0.003534330985915556,5.32397097992314,4544,WSD
chronos,data/WSD/8.csv,value_0,288.15547975352115,414.31607011182285,8.570959772685661,8.437222268375962,0.948977038093241,7.075006922343878,2.099890031296062,2125.0,79.35772447183099,6.179210590780356,4544,WSD
chronos,data/WSD/80.csv,value_0,3.536561399647887,7.182506655346258,104533456.7610089,6.197187258707071,0.8983857606834617,6.941687656960141,1.5823112385216636,82.81,-0.02186289612676057,3.404031590211497,4544,WSD
chronos,data/WSD/81.csv,value_0,426.6180677816901,569.5334788578763,7.420767104218753,7.285375418081008,0.9334530699452265,6.738522831007413,1.8055548244982582,2493.0,47.052046654929576,5.817502337669829,4544,WSD
chronos,data/WSD/82.csv,value_0,418.967099471831,582.0167134584392,6.966114623748195,6.834187683504159,0.9312348798781942,6.2591869170427135,1.798736811322698,3163.0,65.56613116197182,5.9040039912602875,4544,WSD
chronos,data/WSD/83.csv,value_0,358.45903251540494,533.0482250111108,16971830996.750488,12.859302895174308,0.9640565404670385,6.444777070318232,1.9117512082484975,7712.0,121.65980551276408,5.1308906055550185,4544,WSD
chronos,data/WSD/84.csv,value_0,365.9357394366197,481.3305666332537,5.900809278037256,5.788596429933854,0.9550111461951457,5.395789918895321,1.5157875551496172,2096.0,94.95576584507042,5.313872451239277,4544,WSD
chronos,data/WSD/85.csv,value_0,358.0547186530793,494.0661642050761,6.253243541798972,6.143918526659958,0.9297368176790064,5.870214448953463,1.6416602360451311,2812.0,42.71798848028356,6.341498706264614,4514,WSD
chronos,data/WSD/86.csv,value_0,373.42869718309856,510.3347383295353,7.095534514594647,7.0202390543042865,0.9299944942513135,6.455625006277348,1.6855808631184404,2410.0,0.3644366197183099,6.809911106612428,4544,WSD
chronos,data/WSD/87.csv,value_0,178.57482394366198,244.31212629097416,6.659493843012412,6.755598696714646,0.9666940766656351,5.739549761900114,1.2196655589172678,1625.0,7.060299295774648,4.461507054254459,4544,WSD
chronos,data/WSD/88.csv,value_0,239.42638644366198,344.40079704755817,8.481084755932265,8.68496287912147,0.9461433046290113,7.506451391114252,1.5620467525351251,1887.0,6.795884683098592,6.0548663334662125,4544,WSD
chronos,data/WSD/89.csv,value_0,236.22029049295776,332.96068008194874,8.166753921958245,8.359175143805324,0.9535977306705786,7.222263452932072,1.3775112729873307,1733.0,-5.891505281690141,5.330782582163764,4544,WSD
chronos,data/WSD/9.csv,value_0,255.30050616197184,362.8033551151843,7.358085943830189,7.1968750028249096,0.9635919964774501,5.763026753053701,1.7746346157871322,1992.0,26.184969190140844,5.175511485238006,4544,WSD
chronos,data/WSD/90.csv,value_0,178.31536091549296,242.38648742653092,6.910734021551976,7.066867275024766,0.9673680498260887,5.707899184692504,1.22466341934653,1291.0,3.5046214788732395,4.5331304923607805,4544,WSD
chronos,data/WSD/91.csv,value_0,235.0400528169014,332.73842658658043,8.410119762471522,8.531758000666883,0.9499148943336944,7.297767018120707,1.4951460507907555,1428.0,6.021346830985915,5.226805318670758,4544,WSD
chronos,data/WSD/92.csv,value_0,243.44960387323943,342.41174810113637,8.575330881836924,8.739374722824458,0.9514574618136684,7.414409410573102,1.4584875795463708,1782.0,8.80699823943662,5.46721616000537,4544,WSD
chronos,data/WSD/93.csv,value_0,108.03246038732394,155.53316641820786,9.978838889575856,9.431013491119982,0.9141210157640965,7.942328829412953,1.397927759772171,1105.0,32.56679137323944,7.745675618436647,4544,WSD
chronos,data/WSD/94.csv,value_0,111.69476232394366,152.6119257068652,9.237742178045881,9.207825969002588,0.9303405483715314,7.88081077442625,1.3335224752513049,775.0,10.137984154929578,7.1380694904988395,4544,WSD
chronos,data/WSD/95.csv,value_0,109.36487676056338,152.23809621819646,9.45193748108717,9.277259003630189,0.9252981867051036,7.974083914382825,1.285513745645453,1403.0,17.073943661971832,4.767870222931301,4544,WSD
chronos,data/WSD/96.csv,value_0,397.2602332746479,566.2299708568656,8.862994294936854,9.060142711527245,0.9040683698111118,8.12911497913142,1.4366972618352478,3449.0,-26.48382482394366,7.243571329881868,4544,WSD
chronos,data/WSD/97.csv,value_0,500.9653546277666,801.1450063446911,10.870199756773358,10.559895581890935,0.8379588169966306,10.111089259220966,1.3831664593680166,4648.0,53.429137323943664,7.379743978856772,4544,WSD
chronos,data/WSD/98.csv,value_0,518.8858934859155,800.6556836884524,10.938263739220245,10.955987994518859,0.83418361311609,10.435563825969387,1.3739981861712474,4733.0,55.39711707746479,7.877368001657343,4544,WSD
chronos,data/WSD/99.csv,value_0,396.18265845070425,561.4760370922995,9.019194400759847,9.154043578908547,0.903786106656759,8.171910931475484,1.4300657066525153,2754.0,-7.595950704225352,6.959296443880758,4544,WSD
timesfm,data/WSD/0.csv,value_0,3.562745915304731,4.906185383398251,8.985540063454282,9.082198003917096,0.8302978972112753,8.7228075224249,2.8040694200764857,36.59209442135078,-0.40415501457308495,6.30241194686935,35959,WSD
timesfm,data/WSD/1.csv,value_0,2.888002579737257,4.109510048301631,9.425033582935272,9.376607280972294,0.8572166784670658,8.909386073974055,2.86074576921223,31.872499942778592,0.0008771490668511604,5.069296849103671,35959,WSD
timesfm,data/WSD/10.csv,value_0,336.3874082491844,511.4048410977622,11.712727242191669,11.604967765484606,0.8886211126506761,9.091126086399466,3.7525286906543918,4326.6005859375,20.58724679143043,6.447363100072645,35959,WSD
timesfm,data/WSD/100.csv,value_0,653.1757064487362,971.7851744427445,15.0647126832789,15.991618865607865,0.7546074795137141,13.346888590938285,2.031159116193408,6592.13232421875,-113.47007284989502,8.64116285294989,35959,WSD
timesfm,data/WSD/101.csv,value_0,674.9860340957432,983.9782471282797,1851874040.7067218,15.320793059811615,0.73317645443017,13.561146047370345,2.002281999710333,6659.15380859375,-11.839028510823525,8.50309580995748,35959,WSD
timesfm,data/WSD/102.csv,value_0,160.50696053581822,229.4663887765561,2449916017.6621537,11.705257982072624,0.878376421825126,9.742022304167865,2.613478832909095,2418.455078125,-5.850469817618651,6.731193569274159,35644,WSD
timesfm,data/WSD/103.csv,value_0,187.63034173493182,272.92631447636694,4073693225.4786916,12.586024216009239,0.8632402535857209,10.622238175465952,2.3728534532467327,3314.63818359375,17.288421506117725,5.663546679318674,35963,WSD
timesfm,data/WSD/104.csv,value_0,140.86998231444505,210.9626493782799,11351460041.433338,12.239997478240067,0.8494634101388495,10.375068581920827,2.160673738597142,1911.281982421875,17.25466508173831,7.205008517017757,36270,WSD
timesfm,data/WSD/105.csv,value_0,131.87960140464003,182.34206175297263,3798986781.9134974,12.125599632161217,0.861396643766208,10.340039064476594,2.2241830474388724,1938.780517578125,19.15892655634898,6.716098038783522,36103,WSD
timesfm,data/WSD/106.csv,value_0,129.89748897939182,179.16987468598987,5166154732.420103,12.228898355719409,0.8696891916394718,10.229950511863874,2.0533155355717234,1939.2205810546875,17.327094704299196,5.6449235880904185,35859,WSD
timesfm,data/WSD/107.csv,value_0,138.04614583189286,192.430602190427,4994699174.687743,12.690449072158128,0.8582349158818214,10.526330005903647,2.115919269599802,2073.8613891601562,23.277699154239503,6.151873471560966,35915,WSD
timesfm,data/WSD/108.csv,value_0,159.28640721756716,229.5729833025144,1701670921.7287216,11.81709903656119,0.8780786107426519,9.643958441627088,2.617120468691226,2291.54296875,-5.030064162854845,6.892013908811599,35645,WSD
timesfm,data/WSD/109.csv,value_0,184.70076550420077,258.93966893609036,3302677727.883842,12.340483645850348,0.8777441411332312,10.323463041854712,2.3477632805423956,2769.18994140625,16.138595503831517,6.298702722843356,35962,WSD
timesfm,data/WSD/11.csv,value_0,407.6421915322344,572.2141241127035,14.104253941332862,13.633021317068462,0.8865860649388178,10.826630324013783,4.231855943398582,3309.4873046875,6.416232231146714,8.22974434219335,35959,WSD
timesfm,data/WSD/110.csv,value_0,145.43830832064276,217.2865229661221,10881043459.443356,12.415683658348788,0.8454530777658479,10.520558837465595,2.2395586881340215,1944.7742919921875,18.53825866009271,7.348208419550968,36270,WSD
timesfm,data/WSD/111.csv,value_0,121.30533526852439,174.8208701751044,3740417831.7902336,11.191857740949098,0.8720373516568775,9.55046604895812,2.07448502758375,1995.1842041015625,12.711894175941458,5.509639778603984,36098,WSD
timesfm,data/WSD/112.csv,value_0,123.74675665446075,172.73948301218476,3394756545.7109375,11.570201978474227,0.878437482786528,9.711172593585575,1.9338084779906475,1995.521728515625,10.230527269751489,5.586658570898602,35863,WSD
timesfm,data/WSD/113.csv,value_0,141.8287450941438,198.19361292131757,3838463398.863361,12.6166476697232,0.849866952968895,10.825264289721343,2.1677363452255496,1826.3782958984375,-0.5512119271545716,5.68868004940636,35916,WSD
timesfm,data/WSD/114.csv,value_0,535.5117785262854,751.4455624407672,4263401420.9522114,9.100169507590877,0.8791197246276793,8.393874762377221,2.861110195511591,7974.3134765625,-59.45042302273727,5.95629012714622,35959,WSD
timesfm,data/WSD/115.csv,value_0,554.4574254752374,784.5558206540267,2642812396.434272,9.218323486990348,0.8777117442250492,8.337634639757695,3.0394303883030607,9503.2890625,-19.627372867091253,6.427624288497678,35959,WSD
timesfm,data/WSD/116.csv,value_0,476.25226703625805,721.6145560839169,4082726932.554224,13.368206435472485,0.9333570056411642,8.572894894223346,3.339441936116579,8145.00146484375,15.545620981845142,6.695254741917952,35959,WSD
timesfm,data/WSD/117.csv,value_0,494.95525248061665,679.4471815077558,2416454882.59273,8.303322338295258,0.9129229929827261,7.263184643978563,2.5566271493784765,8737.6591796875,26.779490180846228,4.013747527810466,36159,WSD
timesfm,data/WSD/118.csv,value_0,513.6957567152498,700.5572650017816,3772133264.495851,9.084160553888676,0.8654568882663073,8.350777731698267,2.858515869335339,6859.6328125,-67.54007575919384,6.234379861188765,35846,WSD
timesfm,data/WSD/119.csv,value_0,568.0994544118563,779.0060889976319,1719593668.0195868,10.8382244102496,0.8341270229927857,9.823366872061653,3.1737538087386605,6168.5263671875,-83.32483554673344,7.812717771513708,35872,WSD
timesfm,data/WSD/12.csv,value_0,1.304707858117942,2.0073899574474,3.8796862392913267,3.8825007235579,0.6195099490931875,3.9007439329563036,1.2028646435713273,49.80164123535157,-0.10674990176405641,3.79253723303873,35656,WSD
timesfm,data/WSD/120.csv,value_0,0.6349399514576757,0.8446816224824757,12.347021514716163,11.978641552999692,0.8125416009862647,11.278094649469649,1.0932597053433768,8.565897464752197,0.08478448067999358,4.950515003560297,35959,WSD
timesfm,data/WSD/121.csv,value_0,0.5038083898754534,0.7067538999157372,10.391336120630925,10.097297207448372,0.842175983999842,9.577507692277166,1.2099874811708797,7.228157043457031,0.06267520633081596,5.688160182115509,35959,WSD
timesfm,data/WSD/122.csv,value_0,0.5249962699933663,0.8035810449879137,431299.797541956,14.787655833885136,0.8938911899846119,11.534212881891373,1.0846413366804808,9.492110252410644,0.032804583044228286,6.21125445401286,35959,WSD
timesfm,data/WSD/123.csv,value_0,0.5715520641220534,0.7864845011239464,10.412172374937729,10.267344093339648,0.8126522578533475,9.74418306489864,1.1421508506769626,9.459085464477539,0.04913942657862317,4.526529502871634,35959,WSD
timesfm,data/WSD/124.csv,value_0,0.6896941326398016,0.9462258639479227,12.209556918950343,12.000031629322134,0.7909058421733276,11.293779332997842,1.103397251714524,16.527021408081055,0.04638369268709218,4.015812685190124,35959,WSD
timesfm,data/WSD/125.csv,value_0,0.795491008597509,1.3473854770874798,31968854.70553975,12.43865112847944,0.7190628114544229,12.022698509354651,1.4212989458564758,27.07484722137451,0.028189025528170437,3.6914670605136433,35959,WSD
timesfm,data/WSD/126.csv,value_0,0.7597215350272326,1.1047141506233429,10.034699582179352,9.714806530793174,0.8174299962490625,9.890285117019227,2.02770390466013,15.799427509307861,0.11146496455414301,5.435247769534256,35959,WSD
timesfm,data/WSD/127.csv,value_0,0.511404228939166,0.7337031890040115,7.721703418666653,7.561803963025107,0.855271162799933,7.513122744352506,1.5586898321409444,5.206313610076904,0.07221751984305584,5.782882277864131,35959,WSD
timesfm,data/WSD/128.csv,value_0,0.41550705916560143,0.6710523523897547,8.96594520802212,8.918589741183778,0.9054652495047272,7.95225176719645,1.2139423192643293,18.911174774169922,0.014942886415998351,2.767226195421669,35959,WSD
timesfm,data/WSD/129.csv,value_0,0.4109456832875862,0.541598864216066,7.101962424887471,7.059233928116402,0.8600267685051913,6.762376122820863,1.1959817088621427,2.662740707397461,0.020413821589385976,6.769985802700824,35959,WSD
timesfm,data/WSD/13.csv,value_0,1.3312555940212114,2.0334271611746293,3.9415218709831508,3.9279781276942685,0.6753741927668282,3.9526655543090023,1.2071832884240559,56.054059753417974,-0.06192074636032833,3.056406374830346,35972,WSD
timesfm,data/WSD/130.csv,value_0,0.5000480749980781,0.8677678472538497,7.917353837510908,7.89545746630312,0.7551022986424751,7.752768164685079,1.356777818134982,33.872530937194824,0.013345190277913591,2.279849845001904,35959,WSD
timesfm,data/WSD/131.csv,value_0,0.47999202649160366,0.8003678672939888,7.58128563601921,7.307514342469469,0.8198270659271448,6.978205947417658,1.5174437941639958,31.89973211288452,0.04369534271965481,2.0522253007538174,35959,WSD
timesfm,data/WSD/132.csv,value_0,1.8193207958675004,10.879543215120803,14.031650370708428,13.951662373073873,0.06218161999447136,15.520218728434882,1.0841407527090399,513.3500232696846,-0.31373745778424983,2.1090006489261213,35603,WSD
timesfm,data/WSD/133.csv,value_0,1.7748361702434563,9.907593036549828,14.439804824405675,14.484020946746645,0.07305903320295781,16.299159246492916,1.0896120063642882,497.53270149230957,-0.4551449366631429,1.943665717644193,37290,WSD
timesfm,data/WSD/134.csv,value_0,1.5065814951488699,2.689310042127683,20.55884752304763,18.681575062063178,0.7493026904285213,15.57439861948962,0.9531395988410465,174.60675144195557,-0.12770974853932185,1.4252719666791298,34984,WSD
timesfm,data/WSD/135.csv,value_0,1.6522435218280522,2.522650237915143,13.093595831986995,12.94350534064169,0.6240140879497263,12.673212889209628,0.9540566173379955,88.42061805725098,-0.057898310513705684,2.6107635062511183,30499,WSD
timesfm,data/WSD/136.csv,value_0,2.004175804517543,13.53793384769164,10.76243340526914,10.72509295717816,0.3748949608300072,15.141180703344439,1.420002835861847,441.4876365661621,-0.6918617426729373,2.397155174447391,42815,WSD
timesfm,data/WSD/137.csv,value_0,2.5243174750732886,8.324898601376901,14.980264369817784,14.647592613830316,0.1433820160035395,16.553394930092722,1.4170257353005973,294.2104864119546,-0.3547292659730342,2.7787613308337544,34563,WSD
timesfm,data/WSD/138.csv,value_0,0.6753084939091916,1.0116257866925333,10.897951707649536,10.563671607843292,0.829789731704311,10.695960407385286,2.2036822421831763,16.957566261314746,0.09048807217548056,5.304570470280502,35959,WSD
timesfm,data/WSD/139.csv,value_0,0.4280059292232092,0.650732183034254,8.50902096891595,8.275129492561419,0.8764476955774331,8.12069565322893,1.717662870958479,5.558104515075684,0.07390883158593721,5.394670947434229,35959,WSD
timesfm,data/WSD/14.csv,value_0,1.4704887980229664,2.207128450987361,4.168250157566914,4.157818895176544,0.5628610835953073,4.173941520937666,1.2396146695902142,55.179353332519526,-0.07776075102226689,3.2868629203088036,36249,WSD
timesfm,data/WSD/140.csv,value_0,0.32082125165700787,0.5797395907567175,2905590.652271202,13.212695097159305,0.9216706794341081,8.427959328139092,1.348782181104373,19.15458393096924,0.03806237454187862,2.466976981943479,35959,WSD
timesfm,data/WSD/141.csv,value_0,0.3343840276113059,0.43479362885120965,9.360983630243881,9.231395872668777,0.8204297968319807,8.769917837400712,1.041102312410763,2.209526538848877,0.03142882343884733,7.378316061987684,35959,WSD
timesfm,data/WSD/142.csv,value_0,0.4180681155270276,0.822721654350785,8.958741973452117,8.796516418831322,0.764288788022082,8.587970720221557,1.400735910243212,34.49375104904175,0.04702582231747237,2.1579584376414034,35959,WSD
timesfm,data/WSD/143.csv,value_0,0.4124349123632966,0.7371630299944137,15537194.786705613,8.300168170483515,0.8372301725301922,7.779811842680941,1.7747311724265373,31.990946292877197,0.04931178024391534,1.914709168816659,35959,WSD
timesfm,data/WSD/144.csv,value_0,0.3377654849958356,0.5719536028036805,8.962789258825678,8.860020374527835,0.8421145591323044,8.17460782949163,2.83051944784547,7.501765489578247,0.008739353195142142,5.7919352182651185,35558,WSD
timesfm,data/WSD/145.csv,value_0,0.2889277948355568,0.5054896565909651,8.347242564942302,8.38299142724138,0.8498018806424226,7.723278688736203,2.6545961910733027,8.642003536224365,0.003564405336963649,4.288353257526172,37254,WSD
timesfm,data/WSD/146.csv,value_0,0.2797439100833722,0.561025758677906,106545193.80528536,44.30239014370729,0.9139017555699015,9.012209272025746,2.6377512030247527,12.01037073135376,-0.020881798570449167,3.7401717245193735,35065,WSD
timesfm,data/WSD/147.csv,value_0,0.3041453629586897,0.5134521760809959,8.026791867646372,8.162266162222174,0.8532406337811058,7.461744197068546,2.4616899969982287,8.4263334274292,-0.004573406610912621,5.199515707149326,30294,WSD
timesfm,data/WSD/148.csv,value_0,0.2425108166309091,0.49355165166988185,6.461346531897311,6.590465941449364,0.8356807571315287,6.278563623975095,2.586186057374364,12.227131605148315,-0.01698351480760494,3.3461128926771653,41529,WSD
timesfm,data/WSD/149.csv,value_0,0.32391400856941505,0.5466855614529305,8.391067610922978,8.500068809104675,0.8589432841521419,7.7401739260486195,3.05673441340791,7.217938184738159,-0.0018113731460457389,6.1598373121456955,36054,WSD
timesfm,data/WSD/15.csv,value_0,1.7367714371062342,2.6479005197384,4.700736477362674,4.649231627854543,0.6320750123649834,4.644573256274046,1.2665606921042085,53.05934524536133,0.02914244238674355,3.580179177580313,35959,WSD
timesfm,data/WSD/150.csv,value_0,166.08807968933507,235.93311153158308,1679210021.39346,10.970947109261902,0.873215465532443,9.709891434207405,2.677174744891008,2405.615234375,0.27220315019807884,6.483460058576067,35655,WSD
timesfm,data/WSD/151.csv,value_0,188.41146305317196,269.2327266555351,3495489842.1527452,12.422279636154187,0.8439661599633178,10.538049992731885,2.822691254371734,2615.3583984375,-2.450345878667885,6.737555722110487,35971,WSD
timesfm,data/WSD/152.csv,value_0,178.9561830059564,263.50506771147815,3887203026.660919,11.999839611106866,0.8419974508156519,10.252499208086867,2.8904849557575316,2627.58154296875,11.886682094559138,7.5589520284417135,36251,WSD
timesfm,data/WSD/153.csv,value_0,174.43389790965392,246.1761185315781,7273232900.76676,9.89071479638212,0.8817786889141238,8.551022829229499,2.248444790730376,3294.583984375,19.509253533962553,5.273695769742462,36160,WSD
timesfm,data/WSD/154.csv,value_0,155.58814523526473,223.09049913246676,4897070971.882034,10.353170624042434,0.8545777566827341,9.065508247354705,2.1388929854514416,2569.251953125,16.556896406692964,5.107383221897132,35847,WSD
timesfm,data/WSD/155.csv,value_0,157.18768444081957,218.61388855834338,3703294351.6184716,11.48810553488449,0.8560793393313852,9.795056056713221,2.517923739783351,2048.9765625,9.483426150898099,5.99928344013017,35870,WSD
timesfm,data/WSD/156.csv,value_0,164.9270275385001,232.52249313094492,2876924625.274327,10.969573748042658,0.8765719193555768,9.636391531351522,2.6224693498517273,2396.59814453125,6.86491821987468,6.375719581325607,35656,WSD
timesfm,data/WSD/157.csv,value_0,181.84405071169385,255.4803108069975,2465801525.3561907,11.830666571287955,0.8604367695586966,10.115004983727157,2.6982197715633593,2693.36083984375,1.62862296665533,6.336317232316406,35973,WSD
timesfm,data/WSD/158.csv,value_0,177.8078566830232,275.4073764427245,4291541777.1831603,11.62724452604086,0.8286193974089496,10.218997798578664,2.8283850347040103,2645.323486328125,12.441035940641337,6.419752364632273,36248,WSD
timesfm,data/WSD/159.csv,value_0,174.29205337961102,245.009650610792,5273881102.463632,9.950989869535135,0.8834607966443002,8.580974894671492,2.2378248730996724,3364.2587890625,21.50520730384501,4.435366593243882,36165,WSD
timesfm,data/WSD/16.csv,value_0,1.6073322413047841,2.4075445890847496,4.581319541745134,4.562553785560417,0.5642142982398872,4.55259327863514,1.2077906175414859,62.79966186523437,-0.088146285204499,3.6318367613286315,35959,WSD
timesfm,data/WSD/160.csv,value_0,151.88736261853882,213.46227962235776,4877826279.973934,9.964414521983905,0.8636014251468725,8.97345756850534,2.0803689411466513,2706.9404296875,19.180503074080896,5.273277658655083,35845,WSD
timesfm,data/WSD/161.csv,value_0,148.81311734047674,208.2200948525932,3487738273.9242754,11.131376649673319,0.8667759986077954,9.40702357464578,2.405413564632988,2358.85693359375,9.629522321002659,4.046251357415336,35867,WSD
timesfm,data/WSD/162.csv,value_0,14.771873399471461,20.563483117608158,182357559.1158939,8.07106221684354,0.7266938575498736,7.9295691411351195,2.733426575270591,249.96759033203125,0.3836462081458957,7.004388281765841,35959,WSD
timesfm,data/WSD/163.csv,value_0,11.340350711990538,15.62889318924562,134829772.05605897,7.397970183411178,0.6870643111067021,7.470323341837442,2.133029524985543,163.51010131835938,0.014866481874254316,6.312918846890018,35959,WSD
timesfm,data/WSD/164.csv,value_0,11.087664828956653,17.17765818110241,277202094.43338066,7.121630778748651,0.7944680167239668,7.092264049405279,2.6065873277114355,209.08285522460938,1.1535281947473353,6.44661794682219,35959,WSD
timesfm,data/WSD/165.csv,value_0,14.321348080410305,20.905350250546373,566576164.1965799,8.898197143241868,0.7770662567704112,8.8140439143867,3.249274382856373,240.29006958007812,1.8196858541181589,6.859610923528801,35959,WSD
timesfm,data/WSD/166.csv,value_0,8.585714288862878,12.087960419054516,178964805.10218626,6.141299320029908,0.7071065403124197,6.123450839988385,2.1638753361474135,169.9715118408203,1.349102767595954,5.269610889338907,35959,WSD
timesfm,data/WSD/167.csv,value_0,6.7388700576106135,9.614075195529047,392893926.1543342,5.062121092247872,0.6802967880482341,5.005148351044049,1.8982632922694365,155.71865844726562,0.5627324959186782,3.628500602177328,35959,WSD
timesfm,data/WSD/168.csv,value_0,159.87361676241937,220.4173207138944,1624521419.561377,11.464696947803864,0.8497062537990172,10.170900787421889,2.697663798556121,2030.502197265625,-0.7958891046246144,6.775816806452334,35655,WSD
timesfm,data/WSD/169.csv,value_0,167.21357291286498,230.0760816504618,1747808814.1788762,12.24237454518252,0.8579067791785966,10.389923861751488,2.6794435196734034,2197.275146484375,3.1083992552835467,7.134142066680986,35974,WSD
timesfm,data/WSD/17.csv,value_0,1.606757904549635,2.412894078491094,4.878541285110119,4.857248751515307,0.6432178351084947,4.857297759697893,1.3243211382516127,124.83370407104493,-0.07811053405564823,1.7649726270873338,35959,WSD
timesfm,data/WSD/170.csv,value_0,179.18968368953475,276.894122176815,3252974509.4133735,11.89096774986508,0.8375707263257164,10.324176027812829,2.9432263959152314,2494.044677734375,2.7442435536314074,5.43249209685727,36248,WSD
timesfm,data/WSD/171.csv,value_0,193.88625692126382,271.1291973938713,7613269964.51197,10.219913598254006,0.8729334426645774,9.144704512450625,2.426121036981281,3561.3662109375,33.21247873155652,5.303779291742397,36090,WSD
timesfm,data/WSD/172.csv,value_0,150.6623936616437,211.86896316303745,2526198970.231677,9.482405500444475,0.8724643948407413,8.73216550852424,2.123948473582508,2562.8046875,29.554724490436442,4.826172281618165,35860,WSD
timesfm,data/WSD/173.csv,value_0,169.01143132566884,248.70151065390934,5532986341.673737,11.989682158873642,0.8314074868968333,10.19702607350157,2.7006672077304605,2313.2109375,2.1473720766186903,7.5023080136925895,35927,WSD
timesfm,data/WSD/174.csv,value_0,14.595568096322454,20.294403933890152,301446829.554805,7.854661625873359,0.7220095018157192,7.659848899362965,2.722160132799836,267.1412048339844,0.3107550411043492,6.929492243620087,35959,WSD
timesfm,data/WSD/175.csv,value_0,11.419910989760908,17.38190994191275,26883985.312521838,7.280907570741256,0.5949935340412165,7.465852205716805,2.1730637265497195,222.66359619140624,-0.003623265621510307,6.839232713717392,35959,WSD
timesfm,data/WSD/176.csv,value_0,11.185542879394491,17.183692527760027,206185791.7065497,7.192835003013366,0.788373172215253,7.185837322521631,2.6073120875433218,212.59616088867188,0.9828343414168306,6.565427168364354,35959,WSD
timesfm,data/WSD/177.csv,value_0,14.116184065830005,21.027412579595776,590604282.2382952,8.790297026904483,0.7704541529820403,8.739236079853404,3.215186034758252,251.32977294921875,1.8355925670850697,5.810122013648635,35959,WSD
timesfm,data/WSD/178.csv,value_0,9.491311656090815,13.378887478678399,476197508.30535024,6.4697404912297936,0.7510186524825355,6.397324302645421,1.9486206098313883,215.83160400390625,1.0067998501137878,5.084516200615057,35959,WSD
timesfm,data/WSD/179.csv,value_0,8.107231883994881,11.64688585631069,380321501.9537201,5.773545882733036,0.6851183041914788,5.712952746670795,1.8597309913802258,165.2979278564453,0.07605880058787381,4.104050832062684,35959,WSD
timesfm,data/WSD/18.csv,value_0,351.69626727299953,502.74850834199754,11.370305787170834,10.704553089134274,0.931329801542383,8.022084938261054,3.366005408640344,4081.046875,41.45454822462735,5.129040076943456,35959,WSD
timesfm,data/WSD/180.csv,value_0,151.7206616668135,215.96346375926828,1998769514.7203286,10.714403991385808,0.8657452252695768,9.55956292804271,2.5636997758873816,2380.83349609375,0.24828391457240626,6.659372918879688,35653,WSD
timesfm,data/WSD/181.csv,value_0,165.0761734613239,229.5047471014155,550736371.6690638,11.80118809438001,0.8624900424414857,10.083647893718032,2.639260789281656,2500.92724609375,4.6447937291657615,5.956520817581508,35975,WSD
timesfm,data/WSD/182.csv,value_0,172.34176500731502,248.5828319490317,2920461098.836864,11.30120190860939,0.8700110662888466,9.867519660888412,2.797472529473631,2373.363525390625,11.93200708345241,6.010223209599412,36249,WSD
timesfm,data/WSD/183.csv,value_0,187.21332629916233,264.2027423584113,7555662192.966074,9.831500505124787,0.8812557959590983,8.732554653084986,2.3408337439186555,3286.8935546875,23.507818538246426,5.244198935260248,36096,WSD
timesfm,data/WSD/184.csv,value_0,149.72911230651243,208.16290020305757,5728102427.385196,9.394719960716987,0.875854498640768,8.645004418210565,2.0993228287101475,2613.05126953125,31.661768890313617,6.236156387149718,35853,WSD
timesfm,data/WSD/185.csv,value_0,168.3804415369639,235.4184355684645,4827698894.596157,11.953515207423033,0.8531414554664201,10.036227124820526,2.6266297555250424,2228.17431640625,12.603758620621234,5.446979073772894,35928,WSD
timesfm,data/WSD/186.csv,value_0,762.6595637987339,1153.4196867577596,8476215846.479288,14.388069034132458,0.7626301088046775,12.934603081452908,2.004646069980079,8651.77734375,-60.12122500978762,8.955817119013584,35959,WSD
timesfm,data/WSD/187.csv,value_0,702.9477330961392,1036.18937742993,1834752488.0163715,13.222677284040977,0.8245616776280396,11.323071834704857,2.3685337800174304,7043.314453125,5.229964289570674,7.855275395572208,35959,WSD
timesfm,data/WSD/188.csv,value_0,490.34741999886296,782.7824036816825,15981920249.298073,14.239164534051394,0.8778509098670322,11.070885147894648,2.4979811514711927,9370.583984375,30.23073251522099,5.675626476810343,35959,WSD
timesfm,data/WSD/189.csv,value_0,549.1845180769933,764.4892625862722,3394784943.235127,14.010975914970594,0.8124338924830012,11.771892851822475,2.5614215936322284,7068.77783203125,-10.89620391099716,8.068488259485722,35959,WSD
timesfm,data/WSD/19.csv,value_0,318.56036883952794,482.16590193907564,11.31353008072852,11.11318757811974,0.9007036767472468,8.634086283298467,3.4787892510406175,4559.822265625,26.389407491295426,6.019549337566488,35959,WSD
timesfm,data/WSD/190.csv,value_0,628.630669006553,891.5692574944702,7104428517.07395,14.998021247210175,0.7614419066294373,12.999385980148356,2.4854870337396333,6920.8212890625,-64.87921813542202,8.96049505019568,35959,WSD
timesfm,data/WSD/191.csv,value_0,756.9460731092688,1172.5721326147516,7513427580.93334,17.151993402498857,0.6574718115377187,15.285625163613478,2.141280562343246,7628.69677734375,-74.44802961087193,9.106649057275176,35959,WSD
timesfm,data/WSD/192.csv,value_0,766.5598773819626,1149.607892933715,8601047007.377214,14.40646926905805,0.7652388018510743,12.988821280640641,2.0126924576716676,8819.7177734375,-68.67794937544973,8.657337848736464,35959,WSD
timesfm,data/WSD/193.csv,value_0,703.5200950097418,1031.857658003892,2076324405.314437,13.427479101134676,0.8251083207225686,11.36843373262349,2.3731221115490326,7466.2548828125,-26.27978618145188,7.8635700198437135,35959,WSD
timesfm,data/WSD/194.csv,value_0,485.9061676495287,776.7848607808259,11378395319.708538,14.330986153870981,0.8790668972744557,11.003113203094175,2.4793178406731076,11228.8486328125,40.61692996003736,5.626429529051324,35959,WSD
timesfm,data/WSD/195.csv,value_0,543.4747867756616,766.7827631078349,1910623130.8039386,13.879371881924179,0.8083446029332667,11.727834231001879,2.569679195912454,6870.40966796875,-4.389861387545973,8.156395735643388,35959,WSD
timesfm,data/WSD/196.csv,value_0,617.6939667290352,883.7629499362704,3416931477.2939844,14.891683371923877,0.7601511201807373,12.873356370947509,2.4273824398240222,7355.3955078125,-52.28691974659942,6.657348022118797,35959,WSD
timesfm,data/WSD/197.csv,value_0,757.7369572730619,1164.8883529837954,4420445925.969277,17.533534292409573,0.653161707133274,15.41375116157715,2.133159333357976,7893.984375,-84.25228622734834,8.881429955655653,35959,WSD
timesfm,data/WSD/198.csv,value_0,1.3193733550771636,1.8989649245255298,4.051151893622029,4.055901242351948,0.7172979613649972,4.086008500840557,0.9245511052213594,41.990957794189455,-0.1293716955995158,4.103208566390514,35959,WSD
timesfm,data/WSD/199.csv,value_0,1.5269577049278755,2.2162141817499124,4.45483766960209,4.454961382349224,0.66402808836509,4.49533055837104,0.875466943921048,76.91106567382812,-0.1300893983464607,2.588430485575698,35959,WSD
timesfm,data/WSD/2.csv,value_0,2.507315477685915,3.370316167774112,10.043398514564329,10.02463007414618,0.8267669129095345,9.448514656783049,2.932825442513383,30.9764022827543,0.030619833949905306,7.089587080480282,35959,WSD
timesfm,data/WSD/20.csv,value_0,396.4519221064842,568.7755973551123,13.537667142352234,13.15968328794617,0.8884877608651157,10.51272447403621,4.015431832474311,3878.673828125,26.915546116486396,8.19561379474225,35959,WSD
timesfm,data/WSD/200.csv,value_0,2.1404267872854983,5.835321945887716,5.568352517900584,5.397469684782953,0.4557973355089884,6.153378552225002,1.274279988854351,73.05015625,-0.17493534110094291,6.020761396912626,35959,WSD
timesfm,data/WSD/201.csv,value_0,1.6176571753949927,2.241893513456459,4.507665999507769,4.480320689105505,0.5693889490668893,4.495090959744851,0.9260230492970216,55.994565582275385,-0.01512528108682706,3.304677938467658,36102,WSD
timesfm,data/WSD/202.csv,value_0,1.624175857061059,2.1869854562769744,4.635109318105446,4.615367317847951,0.6029904533613801,4.607793000807189,0.9181234565154891,43.303816375732424,-0.03653038259963851,3.6340735398420976,35865,WSD
timesfm,data/WSD/203.csv,value_0,1.5457630924346715,2.0876157541186258,4.708698449990903,4.680626114111752,0.6325020988839513,4.667929182286906,1.0041108664077032,29.855871582031256,0.003105109072169763,4.470269280767935,35910,WSD
timesfm,data/WSD/204.csv,value_0,1.2986718739992682,1.9974720604900948,4.072542713065131,4.052723565853798,0.704684569469354,4.090806854961781,0.9787149818282164,50.12348770141601,-0.0974266012973563,3.3935984717806575,35959,WSD
timesfm,data/WSD/205.csv,value_0,1.511646767277571,2.2166177126056854,4.457525137942528,4.462440237549884,0.6646771531505146,4.503071432030549,0.8600301011320318,92.01884918212892,-0.18478499873978246,2.0891778629648305,35959,WSD
timesfm,data/WSD/206.csv,value_0,2.231802264689113,6.026541489036849,5.782437414945106,5.587120629546384,0.41973616233396405,6.322559405190123,1.2331411018068468,73.97220306396484,-0.15085634344494472,6.214851489158347,35959,WSD
timesfm,data/WSD/207.csv,value_0,1.5904100892405817,2.178238616210318,4.4129657953654835,4.394764050804436,0.6202897119046302,4.402689790957496,0.8809006730898584,54.1432958984375,-0.041574606656093326,3.1637452668268957,35959,WSD
timesfm,data/WSD/208.csv,value_0,1.626578377222152,2.1958871120861656,4.628052388639876,4.596249959111556,0.563797975273425,4.605776599906787,0.8755911070388329,43.817559509277345,0.024225620136214827,4.185033566011369,35959,WSD
timesfm,data/WSD/209.csv,value_0,1.580046413331848,2.142017426428606,4.729745059085209,4.714369515065824,0.6025116918141168,4.7011597956065,0.9410429632776868,32.179887542724614,-0.07685955698436636,4.358122942886277,35959,WSD
timesfm,data/WSD/21.csv,value_0,573.9169361137098,778.329399740073,4326978059.444413,9.215034967808071,0.8461853791914058,8.39808236872467,2.4150586024820995,8019.8427734375,-83.92252453667936,6.145999682091543,35959,WSD
timesfm,data/WSD/22.csv,value_0,534.1974572167132,750.7049721326041,11.644900060614493,9.55660393827471,0.8620280318788748,8.56659974834776,2.7969406207625935,7535.05078125,-32.52289352516712,6.543231692953927,35959,WSD
timesfm,data/WSD/23.csv,value_0,598.2751090543222,918.1882883178557,3417459282.1036763,9.507516758355488,0.8626832322697942,9.00763799752066,3.6110094165145883,18340.052734375,36.000319482779,5.095950096114196,35959,WSD
timesfm,data/WSD/24.csv,value_0,501.3633236770632,693.7368997408672,2801204320.1234784,7.938098732749231,0.9225167416625718,6.9305527206841,2.4870872341563013,10072.8505859375,21.20429453808287,4.161838741021461,35959,WSD
timesfm,data/WSD/25.csv,value_0,491.2633090282183,676.9054360965748,4194161593.8026347,8.574705869765992,0.8820212145631603,7.719877200029885,2.7074789244780257,8140.01416015625,-74.24659161111657,6.3079436780968665,35959,WSD
timesfm,data/WSD/26.csv,value_0,567.4624720935263,810.1208294453332,3723588094.163891,10.537336105216276,0.8420414940895784,9.38351415615582,3.073169903106395,7102.767578125,-77.05918184585548,7.586821777910968,35959,WSD
timesfm,data/WSD/27.csv,value_0,0.27154665532402333,0.5033579505665086,10.262551159008995,10.338115340736232,0.771700514181501,9.754646934290285,2.362594717638521,10.374567508739405,-0.014210870228570727,4.377025543653281,35959,WSD
timesfm,data/WSD/28.csv,value_0,0.24706783287900597,0.5058895035224111,792510.7754560928,10.779525412749342,0.7398482417868593,10.135227636355868,2.3148518574516013,15.878736019173974,-0.019323925443020033,2.9758206089553596,35959,WSD
timesfm,data/WSD/29.csv,value_0,0.250935800292,0.6433363798584231,98599079.51068877,46.068247618305556,0.7796302541624897,11.906156200395255,2.468778135512029,17.81597399711609,-0.032826107099487495,3.342007168095704,35959,WSD
timesfm,data/WSD/3.csv,value_0,2.136082743563819,2.904995325767572,9.638204668453437,9.638055022541486,0.7910121871415823,9.17419170390293,2.7475573010005148,33.74518012997246,-0.03292870573917794,6.247301583658436,35959,WSD
timesfm,data/WSD/30.csv,value_0,0.2963881230681557,0.653014608615362,10.651322916930418,10.98186986833894,0.627201367009133,10.742757237996575,2.512878267510275,11.239538669628077,-0.04016731947759558,5.557570996171812,35959,WSD
timesfm,data/WSD/31.csv,value_0,0.2904251555363275,0.5637364254298995,10.955330582295677,11.217039042120664,0.7072592492179107,10.505352872054017,2.613871451751795,12.656571388244629,-0.027510073697227994,3.6566687007786833,35959,WSD
timesfm,data/WSD/32.csv,value_0,0.29783917379741565,0.5662923578383044,44339962.92751826,14.681813384136671,0.7652393810013568,10.309264468955469,2.8543020320549117,11.327604293781347,-0.007996386129962023,4.328349337066776,35959,WSD
timesfm,data/WSD/33.csv,value_0,1.270868083020631,1.9744179496261252,3.8922992068472237,3.903790808636619,0.5714355913202853,3.9279313738309805,1.1456679085563022,45.65017814636231,-0.16426685534494498,3.913613378842666,35959,WSD
timesfm,data/WSD/34.csv,value_0,1.2479558415096654,1.9792881021288837,3.766481663454071,3.76364632486135,0.6083714940154279,3.790914813082396,1.1083849660611613,62.29755218505859,-0.08131981347916624,2.6496494004402726,35959,WSD
timesfm,data/WSD/35.csv,value_0,1.500025110464965,2.2494935986621964,4.2756415630250695,4.273534881453267,0.5247333148493873,4.299820332020326,1.2135398633668202,50.252798614501955,-0.08196889525065316,3.7535351220794198,35959,WSD
timesfm,data/WSD/36.csv,value_0,1.6592970788084804,2.488073285019654,4.425826016576097,4.4229326855283,0.6854140761457923,4.4399620661962995,1.1679206127659494,59.431274871826176,-0.09523261914212675,3.2434797093203684,36091,WSD
timesfm,data/WSD/37.csv,value_0,1.500935930550996,2.2472224589055214,4.315525445096438,4.303697171688623,0.6082973327172685,4.286232006597041,1.1543974602861982,114.83382904052735,-0.12245597045992047,1.7238588975955211,35860,WSD
timesfm,data/WSD/38.csv,value_0,1.542156077781531,2.436215622696602,4.61545320688487,4.608266726993163,0.6180584767416559,4.598307440089864,1.2183017889558356,168.1177709197998,-0.09604148558941715,1.3630703422461827,35926,WSD
timesfm,data/WSD/39.csv,value_0,322.2000309441232,466.3384710154375,12.89754562485034,12.922856535569593,0.9093926232981595,9.705393384333203,4.030043120081668,3978.3154296875,-37.7682061358346,6.800911054622101,35959,WSD
timesfm,data/WSD/4.csv,value_0,2.08868267259296,2.842737947189875,9.124123289769216,9.228230293448874,0.8289727725062075,8.708526884272173,2.727534887063248,33.49577140804863,-0.20676059267281005,6.768423914311489,35959,WSD
timesfm,data/WSD/40.csv,value_0,364.05438879544903,525.2847108071413,14.607453372849278,14.260312484325516,0.8808486332981563,10.841305336616125,4.4855555388326005,2615.361328125,-30.839774542083735,9.03171786119569,35959,WSD
timesfm,data/WSD/41.csv,value_0,451.16855457253257,653.7301345283354,14.775337263384216,14.271913738409925,0.8956305033925146,10.75076014333249,4.659116697143013,3293.31982421875,-9.468463588468378,7.123571259979681,35959,WSD
timesfm,data/WSD/42.csv,value_0,372.7633038750513,539.5630770503093,11.662781891275396,10.371037862548773,0.9366147218182211,7.724729759738806,3.1320394722427616,3394.845703125,110.44649767410888,6.179854278436712,35959,WSD
timesfm,data/WSD/43.csv,value_0,304.58450936662456,451.4649557562685,10.494773067041349,9.939799971447853,0.9225782888568487,7.786809630370106,3.2647625001468352,4585.423828125,75.7258911557151,6.181910937371882,35959,WSD
timesfm,data/WSD/44.csv,value_0,405.0911087744354,595.3417983449865,12.915871323993052,12.711689624100442,0.8943504608899729,10.059828449582163,3.9250799537360868,3934.0693359375,-8.601362354793393,7.722685151705623,35959,WSD
timesfm,data/WSD/45.csv,value_0,0.32882638928007696,0.46353464421784407,8.398680848672607,8.307903037422278,0.8116426756820039,7.9050075823334485,1.3825893574428398,18.55625915530371,0.024451980461559907,2.3529676887326136,35519,WSD
timesfm,data/WSD/46.csv,value_0,0.45531305690567303,1.5860826222236022,11480057.674597424,8.232727694144518,0.8283247652618476,9.521660003649753,1.9001490346270709,37.50762176513672,0.0359561502707274,4.146621234571509,37282,WSD
timesfm,data/WSD/47.csv,value_0,0.2658726468273668,0.38620144071812734,8.960206834375123,8.806040519360796,0.863677965408445,8.330317944898878,1.0978247844688318,15.89527893063379,0.01493555225490115,1.9907291150142212,35076,WSD
timesfm,data/WSD/48.csv,value_0,0.283049526176449,0.4085254313184542,8.234898520432605,8.2263956122775,0.7355014602192287,7.984779618449123,1.1565851836368146,25.962720871011133,-0.00796996626855181,1.4936944915028993,35959,WSD
timesfm,data/WSD/49.csv,value_0,0.23115492309488123,0.4049507385360382,887781.7458585389,6.528030214739439,0.6996113186758982,6.4623173951075445,1.1675470493157034,4.776783227920532,-0.012444563839837098,5.0618842317004775,35959,WSD
timesfm,data/WSD/5.csv,value_0,2.416871731665644,3.7034984688380037,148727941.4582667,10.011946671717087,0.732162342286957,9.582542651660633,3.0471768007693734,80.38006019638769,0.16087663721188228,3.5898208983345876,35959,WSD
timesfm,data/WSD/50.csv,value_0,0.29417970646875374,0.4513001161234193,9.351969495731318,9.015128215459805,0.7521296538410664,8.436229110024193,1.3769652437313127,16.420294761627442,-0.0023032485016234263,2.103963281581472,35959,WSD
timesfm,data/WSD/51.csv,value_0,0.1467127066497336,0.24867717473291673,9.223751364257579,9.010128280417737,0.7979761890870084,9.052260963666772,1.035989696985168,11.31946766373009,0.021919086754269866,2.1345679841491147,35494,WSD
timesfm,data/WSD/52.csv,value_0,0.14522489648688652,0.2141369999821156,8.934983451020877,8.708273611292496,0.8444457397378902,8.563827366484448,1.0703712753875472,2.2215576171923637,0.020468895913505043,4.078800074911262,37325,WSD
timesfm,data/WSD/53.csv,value_0,0.13969851695464536,0.2533194233356591,2514423.339784567,14.773089885886472,0.8048260689008522,11.31186227819791,0.895924557555197,9.707531332999938,-0.0018823240755152205,2.183788060383687,35058,WSD
timesfm,data/WSD/54.csv,value_0,0.12628637289445963,0.21691456539661463,8.798226535947073,8.711789309853176,0.7012950228984751,8.847051433904625,0.9008144202412419,16.692042708427184,0.002326958582286941,1.2574757153574039,35959,WSD
timesfm,data/WSD/55.csv,value_0,0.09635892514370838,0.18480303594384062,820505.7533452888,6.685154003964609,0.7099113685232228,6.897237942366262,0.9267647967298731,13.333436608314514,-0.002926550376037326,1.2320202396256041,35959,WSD
timesfm,data/WSD/56.csv,value_0,0.1262914913524559,0.22130945528407622,3485919.6327730147,11.510852572110828,0.7833334959821061,9.76794905407775,1.1142000234233467,9.187394857406616,-0.0011867233798676573,2.0119041389461474,35959,WSD
timesfm,data/WSD/57.csv,value_0,0.23652748526138342,0.3663213505053703,9.257106176140601,8.958786115241375,0.8703651761928565,8.411235598472262,1.4892544498696905,18.638145923653955,0.052379594382346684,1.9129052983960833,35658,WSD
timesfm,data/WSD/58.csv,value_0,0.22065115956422265,0.32412339252965544,9.170894206761652,8.837214726314723,0.8824822246242876,8.308622929657501,1.4057635692689343,4.493649959561641,0.05100986709153662,4.264781534170757,37240,WSD
timesfm,data/WSD/59.csv,value_0,0.17242714788038516,0.30396090115669666,4380736.675135943,16.990500793846746,0.8741361619029835,11.339803464133043,1.1508727446482823,16.256695270499073,0.01941311303727807,1.6500734364490244,34979,WSD
timesfm,data/WSD/6.csv,value_0,353.2857057333127,508.41302562122667,12.695316988652355,12.708863764269001,0.9100514161596718,9.596227949797745,4.087830197957688,2520.90771484375,-35.99122554153472,7.683436989893104,35959,WSD
timesfm,data/WSD/60.csv,value_0,0.18566375648234643,0.30980695173003386,9.965398675049254,9.756523147369114,0.8116585278297107,9.108364761049922,1.2402117966510169,25.09025800231576,0.026750747705420543,1.202273687428772,35959,WSD
timesfm,data/WSD/61.csv,value_0,0.15582495156779025,0.2574381578367235,739294.549561406,8.244480135840476,0.8400693131526694,8.015525406464109,1.333556787958837,3.960183620452881,0.017205878903226907,3.6776879690960502,35959,WSD
timesfm,data/WSD/62.csv,value_0,0.18517418964534776,0.26447162346145836,5495768.289180777,14.346473000616278,0.8578664511163515,10.34259648185344,1.3512932174065992,3.395403861996944,0.018925965912187117,4.335600452398696,35959,WSD
timesfm,data/WSD/63.csv,value_0,574.3610662934191,793.9194296797771,4133941100.3925138,9.344753770660958,0.8378349199487295,8.562213637398708,2.467616914022723,7456.92724609375,-82.47661961257091,6.239542829925944,35959,WSD
timesfm,data/WSD/64.csv,value_0,533.4335146998918,745.4808949702779,2141968961.2878718,9.697882589290417,0.8633226415980574,8.67845994398892,2.8015435744284924,7702.30615234375,-37.026617730544686,6.877764507521706,35959,WSD
timesfm,data/WSD/65.csv,value_0,579.2135313897534,891.3260524229637,4186582297.919909,9.307087187384806,0.8699570193825724,8.827165380999286,3.4406587345349386,10198.947265625,35.31989808081122,4.903862524334087,35959,WSD
timesfm,data/WSD/66.csv,value_0,512.437102309264,704.4654227857525,2490768094.8771615,8.217927395398025,0.9193745968361484,7.184995736517226,2.5467325400448666,10380.595703125,37.44115018459505,3.227643282258556,36156,WSD
timesfm,data/WSD/67.csv,value_0,511.67888426583124,689.571856427433,4258234044.836709,9.083516784266692,0.8782088403214561,8.13731330079106,2.833030735436462,7823.345703125,-91.2999303307849,6.42538069723661,35839,WSD
timesfm,data/WSD/68.csv,value_0,528.9464542490045,753.0449332676651,2171063212.580441,9.707753780132741,0.8631401693666081,8.854863186465872,2.8893669795499433,7790.208984375,-65.55955034280115,7.0312318699128395,35882,WSD
timesfm,data/WSD/69.csv,value_0,1.3777428345110165,2.1017171401215435,3.941493222017704,3.950759181163184,0.5521621456521331,3.975393608841088,1.2117296692982422,53.3318824005127,-0.1352994061606377,3.735058006258297,35959,WSD
timesfm,data/WSD/7.csv,value_0,402.4488291430915,590.3463645715391,14.028497942526114,13.508609103709482,0.8747389235581811,10.72827137866812,4.415008689926166,3912.05859375,-9.474261811194694,8.119190820678574,35959,WSD
timesfm,data/WSD/70.csv,value_0,1.309168399673143,2.017622752110757,3.691844042931553,3.6925406404657344,0.6180822029453918,3.7215631086433976,1.142221365544858,43.05063446044922,-0.10911899538325792,3.4231807806426144,35959,WSD
timesfm,data/WSD/71.csv,value_0,1.6856035665680928,2.5603599174101968,4.5064612879190244,4.486517192884072,0.5980352936711485,4.541271925658826,1.3089738167511402,95.07089630126953,-0.08787494989240946,2.191713676947609,35959,WSD
timesfm,data/WSD/72.csv,value_0,1.937343489864217,2.799728955284221,4.882945031787546,4.880041324625626,0.6511912738819772,4.861539407046513,1.2968990480049356,57.200151977539065,-0.10624434558093249,3.9768877205741773,35959,WSD
timesfm,data/WSD/73.csv,value_0,1.551415710385568,2.3917692106841524,4.23277330873175,4.220617010017126,0.5760965840655783,4.207439482432725,1.1926784713592244,156.69313339233398,-0.0752056467258949,1.375766011322492,35959,WSD
timesfm,data/WSD/74.csv,value_0,1.600643507462541,2.6417048947611126,4.5662703882277995,4.571947905675276,0.6134571382609415,4.554647020647304,1.2843099457887024,263.96444915771485,-0.1762539056393769,0.9623697248674363,35959,WSD
timesfm,data/WSD/75.csv,value_0,325.87377982296147,475.00772828839627,13.085109823440028,13.080943353677672,0.9066619469549281,9.792669754299425,4.059866586110494,4259.152099609375,-40.69339502448856,6.4164221030446615,35656,WSD
timesfm,data/WSD/76.csv,value_0,332.0115899927945,481.12792117033746,14.593096064007923,13.731843391422801,0.8962166654401627,10.068786546352955,4.185535344315102,2284.33642578125,-10.140464264360562,8.25970680120751,35972,WSD
timesfm,data/WSD/77.csv,value_0,436.52758103990624,644.6632932269512,14.36947593244674,13.532407167889366,0.8988673453363701,10.371875801351136,4.477678536924773,3119.91796875,-2.6004939057316667,7.5319931443737715,36249,WSD
timesfm,data/WSD/78.csv,value_0,2.395691284534293,3.2370245357034624,24825010.382323213,5.720898832571337,0.6300427570249564,5.576263841390585,1.5721254325555118,44.853065490722656,-0.25625650367746367,3.6763481382208543,35959,WSD
timesfm,data/WSD/79.csv,value_0,2.3335418066315294,3.4368535820932467,13662720.044469528,5.058492540751689,0.5966682597970496,5.004072799129598,1.4468731124297773,62.21840637207032,-0.36394836634980143,3.3390202876646713,35959,WSD
timesfm,data/WSD/8.csv,value_0,440.94860707142993,633.7711079633431,14.28411389751679,13.69590352210147,0.8771626182606767,10.829692053512392,4.525441220286322,3141.6513671875,3.8114403757795334,8.745289195023362,35959,WSD
timesfm,data/WSD/80.csv,value_0,4.271905000581563,10.040609401398767,203608632.36925834,7.405829477630174,0.8069947952219405,8.428286990225462,1.929979590814848,168.44715881347656,-0.6193743417491047,4.595244577299207,35959,WSD
timesfm,data/WSD/81.csv,value_0,541.3622091083589,755.1560053909291,3930651579.2781634,9.245429603959145,0.8782360909188414,8.477271564090621,2.814075059598075,7075.47216796875,-64.41581940407609,5.8780727437606375,35959,WSD
timesfm,data/WSD/82.csv,value_0,563.4113555646267,801.1984850803757,2438948219.140004,9.258769228097623,0.8728366173894131,8.459750596517406,2.9987346646430786,8770.2138671875,-3.6883685089376965,6.686684068439122,35959,WSD
timesfm,data/WSD/83.csv,value_0,480.79282230287816,730.9591565621557,4235509094.883348,12.865478820755182,0.9317055919605319,8.633741193965323,3.292253040648431,7944.64111328125,17.030650058840646,6.574556184225182,35959,WSD
timesfm,data/WSD/84.csv,value_0,467.1948440652705,666.0658163251476,2336977737.6003036,7.3592535686608755,0.9153464745819638,6.870303419132341,2.363152935585519,8430.880859375,18.5529747529521,4.412200691078084,36076,WSD
timesfm,data/WSD/85.csv,value_0,501.7111270672941,703.7302922135764,4175332803.4355946,8.917085646598379,0.8604376652666583,8.250009325025683,2.70583786445872,7597.2021484375,-90.5431046899282,6.24372542111238,35874,WSD
timesfm,data/WSD/86.csv,value_0,521.9447801841451,733.5931998962321,1905901837.4903479,9.980844588027427,0.8527736229933625,9.002357255250873,2.8181468265876295,6847.33349609375,-131.39769929518536,6.07178612726562,35927,WSD
timesfm,data/WSD/87.csv,value_0,273.98523232842524,381.09145281575644,12.294779240990554,11.906215979925031,0.919165011168028,8.845233368353911,2.2880990434122257,1978.60888671875,41.28927337002811,6.81859818958233,35938,WSD
timesfm,data/WSD/88.csv,value_0,315.2312103359171,458.1154475603332,12.138004231318462,12.056828784107806,0.9014028860532374,9.903647301717378,2.561979846011657,2739.6328125,-12.537891844482287,7.023079067305431,35996,WSD
timesfm,data/WSD/89.csv,value_0,298.2539010435957,435.83661568421377,11.70648973010154,11.431247753323394,0.9196874561162688,9.22582791297342,2.223479986581954,2533.51708984375,25.888367088085868,6.931243888107725,35943,WSD
timesfm,data/WSD/9.csv,value_0,345.6945708580975,496.25723012554965,10.668242360320363,10.092978112006481,0.9336741852144337,7.813140817018138,3.285090126064169,4087.82421875,34.68061991092503,5.041727421777402,35959,WSD
timesfm,data/WSD/90.csv,value_0,264.1422233983604,372.26560836586935,11.821167810418071,11.546025100752587,0.9231823913425814,8.495284810373105,2.205959620913741,2042.904296875,36.299860693396035,6.7758574511443275,35959,WSD
timesfm,data/WSD/91.csv,value_0,337.6675675871468,494.0422831086033,13.14535818011191,12.801788873565057,0.8869862294413585,10.492391086617827,2.7579575950955415,2370.9521484375,45.87261565540029,7.65126658058856,35959,WSD
timesfm,data/WSD/92.csv,value_0,327.6099505184616,491.42355384417937,12.35141002521271,11.637465889085151,0.8984624082792916,10.092139655672483,2.443205473173899,2392.353515625,66.78231791409792,7.484367253185796,35959,WSD
timesfm,data/WSD/93.csv,value_0,143.86265938493355,197.01704495739844,4636876936.050994,12.612600509768319,0.8635238161836627,10.643903452114262,2.1120789646777847,2075.4150390625,19.515868335698617,8.477497631557592,35942,WSD
timesfm,data/WSD/94.csv,value_0,151.56646222602902,211.07431053221737,4069379815.512754,12.78644082291838,0.861860586973731,10.653593648708833,2.0774557046113,1980.398681640625,5.455633358702575,7.248430993551421,35988,WSD
timesfm,data/WSD/95.csv,value_0,143.70280312856428,203.15816008036683,2448080618.8047166,12.019093290241019,0.8700391218418732,10.461948040199138,1.935425007515846,2072.29150390625,10.005041364337167,5.8784189838069105,35947,WSD
timesfm,data/WSD/96.csv,value_0,561.597328110715,799.4244081201434,5820029801.29688,13.252025054720626,0.8107453792440197,11.533042817950541,2.2872659701472946,7567.90966796875,-82.71504532098406,7.971127810550836,35959,WSD
timesfm,data/WSD/97.csv,value_0,663.8865308470811,993.9096723653653,3049962977.5182347,16.058421456106686,0.747527949608115,13.466459190821778,2.0595869560644187,6290.2685546875,-105.70246264490244,8.03678881188134,35959,WSD
timesfm,data/WSD/98.csv,value_0,658.2465143145805,965.2377947649729,2495723225.105964,14.805557185834045,0.7447989118223381,13.171541514434606,1.9596033807053732,8974.37109375,-9.791342338507484,8.071899939496346,35959,WSD
timesfm,data/WSD/99.csv,value_0,567.299293987597,812.857218360415,3624503625.063059,13.54165193824272,0.8001472092552455,11.741454011315577,2.3078187061979456,6756.49609375,-75.53225520025845,8.11396704292688,35959,WSD
patch_tst,data/WSD/0.csv,value_0,9.109360303418258,10.602991942178873,24.746160043626613,23.08774323679624,0.20739614938567952,22.302796345312544,7.169548227827807,41.35500907894355,0.009183627870304065,13.620443963465137,35959,WSD
patch_tst,data/WSD/1.csv,value_0,6.771577300204377,8.370567228584143,23.202346140557598,21.494402563271958,0.40761075544705605,20.890077079767856,6.707667523695784,37.2568950652914,0.05837408022198706,10.325535058518378,35959,WSD
patch_tst,data/WSD/10.csv,value_0,1473.2740763569273,1780.0892967622358,71.00963165385814,46.86387602619128,-0.3494499548815784,39.81635477289604,16.434929207074813,4061.40625,-1.190383492310687,22.44187212256979,35959,WSD
patch_tst,data/WSD/100.csv,value_0,1791.570595591507,2275.857213454884,59.24889144929697,42.51864250481496,-0.34589383930687534,36.608668855992576,5.571188443802515,8496.662109375,-0.7262830476202063,20.237037288412626,35959,WSD
patch_tst,data/WSD/101.csv,value_0,1725.928025179284,2186.0585801644793,1059494458.4850845,39.65668414154177,-0.31697262277444116,34.67562413800373,5.119801659662039,8666.0390625,-8.788483172675825,18.890931387525743,35959,WSD
patch_tst,data/WSD/102.csv,value_0,637.3807720860278,764.3280395421881,1736469512.6162176,45.00230902723396,-0.3493953162479828,38.68603378433642,10.378248711390679,1921.5869140625,-2.719744425779935,22.420887050225524,35644,WSD
patch_tst,data/WSD/103.csv,value_0,696.828214583174,846.8119432690295,3277056576.788934,46.34057723542561,-0.31656229970430805,39.4492446916923,8.812387271720281,2299.9853515625,-3.066185401271793,17.572358233430784,35963,WSD
patch_tst,data/WSD/104.csv,value_0,492.48722671327886,607.6406509569995,7958206048.396137,42.23868778121013,-0.24889110504065526,36.27166461528201,7.553803868439923,1872.3369140625,2.1684351413875103,20.75275447257512,36270,WSD
patch_tst,data/WSD/105.csv,value_0,461.61012356357156,556.6968173597425,3511200324.8474293,42.36255076520797,-0.291925592246719,36.19260794973302,7.785172236046321,1726.75,1.2559516673649005,20.5044868272465,36103,WSD
patch_tst,data/WSD/106.csv,value_0,467.9804475079478,566.3512360467867,4447092043.9101305,43.05755643501079,-0.30203351805861045,36.85534536611201,7.397460341703178,1840.388671875,4.335975299959564,17.843454191770217,35859,WSD
patch_tst,data/WSD/107.csv,value_0,485.37030795004995,591.5558332565035,4474937903.125062,43.250876289894734,-0.339715199226051,37.01058081528076,7.439573059386577,1934.931640625,-0.32875697175623,18.911631497970063,35915,WSD
patch_tst,data/WSD/108.csv,value_0,637.0710767365251,763.2989299463356,1588520270.2393558,44.78323489246544,-0.34780683347287744,38.57132002492729,10.46725696224027,2038.615234375,-2.8787178415187964,22.91500840427306,35645,WSD
patch_tst,data/WSD/109.csv,value_0,700.2710653164856,850.6460998598841,2779381612.7575107,45.87491015446087,-0.3193813305780635,39.140186789916406,8.901266267567031,2321.021484375,-2.984796288877843,20.691950860128536,35962,WSD
patch_tst,data/WSD/11.csv,value_0,1611.7533319740016,1938.55340796664,79.81418659338279,49.18493132955823,-0.30168174230880074,42.80679934819781,16.732095104211748,4423.052734375,7.19787737857699,27.880819904597153,35959,WSD
patch_tst,data/WSD/110.csv,value_0,500.77475880764064,618.0899017206442,7793906067.51357,42.160460543739774,-0.25054140681409987,36.22450216306354,7.711272737120312,1887.677734375,1.929099893162393,20.902600666913905,36270,WSD
patch_tst,data/WSD/111.csv,value_0,458.47956598833383,555.7028330371404,3292283119.025692,42.16898912169048,-0.29295046378413847,36.09646285894891,7.84061964785388,1664.173828125,0.6968973783173583,17.513483549862606,36098,WSD
patch_tst,data/WSD/112.csv,value_0,468.9609701219746,565.6525709542223,2993179778.7546864,43.0525878415465,-0.30351485355671604,36.802264912901514,7.328520959954408,1737.7763671875,3.408382137404846,18.29406762465143,35863,WSD
patch_tst,data/WSD/113.csv,value_0,487.638698031953,592.3051285323249,3246073582.0142336,43.548912036617516,-0.34087401872200584,37.21966079998458,7.453158584747137,1759.876953125,-0.1611437973326651,17.000721255233206,35916,WSD
patch_tst,data/WSD/114.csv,value_0,2025.9924158144954,2465.4444874781334,3203264633.4236193,34.9768031436715,-0.30122035707947115,31.75640068024801,10.824388537014201,6887.78125,-2.526596832720946,19.542204244436697,35959,WSD
patch_tst,data/WSD/115.csv,value_0,2095.308243778215,2539.869972780934,2081121022.9943507,35.25854950667133,-0.28162219670613786,31.508126308023137,11.48608217040796,7483.5029296875,2.198020716736422,20.80837270834781,35959,WSD
patch_tst,data/WSD/116.csv,value_0,1820.164905025841,2354.4020263461384,3559904155.8331475,40.028334109793,0.29057714132574897,32.76432156017975,12.762847413444833,8418.3798828125,-5.219752959751036,21.844516852348658,35959,WSD
patch_tst,data/WSD/117.csv,value_0,2141.869635023438,2597.3310156332686,2364054784.818865,34.98568647689306,-0.27246748443214863,31.43070927025961,11.0635497489639,10838.95703125,16.848564510650874,15.343401557379895,36159,WSD
patch_tst,data/WSD/118.csv,value_0,1764.3774857855478,2135.6218140591322,3962580414.737936,31.548849233358116,-0.25032490530006024,28.68219958214486,9.818070281261194,7285.435546875,12.945459940614015,19.005266655327333,35846,WSD
patch_tst,data/WSD/119.csv,value_0,1808.472498353521,2194.529780003872,1565586645.9020317,34.52566917040741,-0.3163667135873236,31.271441455180852,10.103242372571483,5616.072265625,7.783224032671722,22.00912426039386,35872,WSD
patch_tst,data/WSD/12.csv,value_0,2.519515598529065,3.151247058350954,7.6457490563301835,7.5516638856215454,0.06234145110348244,7.532709429011961,2.322846615462863,48.758115539550786,-0.037314157603646696,5.953612428397796,35656,WSD
patch_tst,data/WSD/120.csv,value_0,1.817291868565868,2.0694964848126816,36.16599933663868,32.41678197701669,-0.12524786818090972,32.27957171752112,3.1290706596585482,10.8165283203125,0.015393663823179249,12.128917127107291,35959,WSD
patch_tst,data/WSD/121.csv,value_0,1.5717163447453755,1.7984396300088592,33.526079682336835,30.397066039075472,-0.021947042187483667,29.878671503660097,3.7747626663456173,7.574528217315674,-0.01470716841519536,14.474363274931473,35959,WSD
patch_tst,data/WSD/122.csv,value_0,1.5006954558773655,1.8872250691552057,2688041.5398840867,34.61712212090658,0.4147526310952845,32.9704073120277,3.1004340759101328,9.780131697684997,0.002281646164294468,14.587246911344584,35959,WSD
patch_tst,data/WSD/123.csv,value_0,1.747794080083581,1.9672816442622596,33.22458486192153,30.25780234221451,-0.17219862020158216,29.797504978380484,3.492673057601501,11.52845048904419,0.008677897913049737,11.322484283523798,35959,WSD
patch_tst,data/WSD/124.csv,value_0,1.9619889888857336,2.2360857616587246,36.15046862845906,32.562595422293725,-0.16769435719547432,32.12767753937,3.138859902932201,18.019638061523438,-0.007184566221412262,9.490019147623235,35959,WSD
patch_tst,data/WSD/125.csv,value_0,2.234604578464668,2.7113124519919487,48862607.889596626,33.75855088528195,-0.13758706502714113,33.77282312954149,3.992554406588968,29.450066566467285,-0.008680488890961747,7.428253293128627,35959,WSD
patch_tst,data/WSD/126.csv,value_0,2.466987666777686,2.80953782411226,35.07691331415609,31.898367184523295,-0.18086256998186379,32.11599287326604,6.584413227794296,15.318663120230323,0.012070475691053136,13.823063806426106,35959,WSD
patch_tst,data/WSD/127.csv,value_0,1.6799488197514174,1.9611646966629375,26.193435041860447,24.45312394668103,-0.034052033615183275,24.6804014765469,5.120253208103994,7.485359191894531,0.006021128344174784,15.457455737244826,35959,WSD
patch_tst,data/WSD/128.csv,value_0,1.2680771467238898,1.582372303413531,26.55515958471452,23.761599732909826,0.47435078328241487,24.269307845760213,3.704804716414147,17.636696815490723,0.005968125931131833,6.525246612014561,35959,WSD
patch_tst,data/WSD/129.csv,value_0,1.4099819334109123,1.5720173953108436,24.840718660405088,23.40344936367743,-0.17924540899705965,23.202161618605277,4.103492677414068,4.035864353179932,0.00633078657243699,19.650217441385546,35959,WSD
patch_tst,data/WSD/13.csv,value_0,2.794739895139129,3.5254742490193243,8.502381731305379,8.340947479832657,0.024199815987636875,8.2979347965794,2.5342716395377636,57.51450134277344,-0.0036490417738373336,5.299074476205207,35972,WSD
patch_tst,data/WSD/130.csv,value_0,1.6138911997624947,1.8839597823170684,26.7653415717835,25.095884250868504,-0.15430573864090746,25.021842779481084,4.378962524212141,35.374287605285645,-0.007620122107894811,4.949648032360114,35959,WSD
patch_tst,data/WSD/131.csv,value_0,1.6599625337902215,1.9190856506809095,26.504151840599665,24.621867401570764,-0.0358550276289602,24.132818435449646,5.247795184966007,33.63427734375,-0.006854741375987712,4.920732437643357,35959,WSD
patch_tst,data/WSD/132.csv,value_0,3.6588590400088203,11.32104096315625,33.36571218632362,29.480530411456265,-0.015477115023619259,31.212907985461108,2.1803291660831046,510.0064249039009,-0.0034737343353528124,2.1945850359445096,35603,WSD
patch_tst,data/WSD/133.csv,value_0,3.3456639843798546,10.28351137823545,32.010763290563446,28.154075835321223,0.0013837613369790391,30.724813355129616,2.053978675756207,497.3830966949463,0.023660428986249548,2.017413154652611,37290,WSD
patch_tst,data/WSD/134.csv,value_0,2.8359678153056866,4.029108775580832,45.80092093051204,31.328203754026497,0.4372883444433625,29.317028896103263,1.7941765742579245,174.12714862823486,0.05360490506797947,2.1353342301852707,34984,WSD
patch_tst,data/WSD/135.csv,value_0,3.3671791648789804,4.167938727441606,28.003935523200006,25.89394472185191,-0.02636100522824969,25.827293512646833,1.9443136084813393,84.03886795043945,-0.028451679081156762,4.31352002840011,30499,WSD
patch_tst,data/WSD/136.csv,value_0,4.036404796443391,17.80103872398127,26.591204276700964,21.378039352502228,-0.08078401949183789,30.494298093528684,2.8598819747830193,515.1503067016602,0.008182629288259562,3.1520210223959753,42815,WSD
patch_tst,data/WSD/137.csv,value_0,4.657812081423642,9.163765368268018,32.137790909774615,29.092023275452423,-0.03795184368646831,30.543940552376124,2.614663034561339,286.8152980803506,-0.03743747346815438,3.0587660065871662,34563,WSD
patch_tst,data/WSD/138.csv,value_0,2.346981680692747,2.6697959029232434,42.03469226340683,37.098563688023994,-0.18550147462046995,37.172971108703116,7.658724714881654,14.807167053245898,0.012378679167455263,13.999366855430745,35959,WSD
patch_tst,data/WSD/139.csv,value_0,1.6102256450349655,1.8707289670597542,33.79278181997256,30.58432124535723,-0.021099397939628117,30.551334697828107,6.462117964957732,7.328686714172363,0.00524690690321986,15.508633923811436,35959,WSD
patch_tst,data/WSD/14.csv,value_0,2.316486837386085,3.027897496968774,6.639702087559303,6.558822489371583,0.17729035045274288,6.575283406627045,1.9527867668200922,56.74311981201171,-0.024800402907464353,4.509154872626619,36249,WSD
patch_tst,data/WSD/140.csv,value_0,1.2271535363192563,1.530402586091116,21198519.640820388,36.52550095675294,0.45415438972562117,32.23726620372979,5.159143338285384,17.762890815734863,0.005669699840944119,6.512351430174962,35959,WSD
patch_tst,data/WSD/141.csv,value_0,0.9884346271039256,1.10988909015555,28.445855268567545,26.32998453798142,-0.170111090431025,25.92375757080015,3.0774842425816074,2.8046875,0.004786164597021565,18.8344813666117,35959,WSD
patch_tst,data/WSD/142.csv,value_0,1.5157915901296148,1.7856867277695556,34.50236782175683,31.389333104202983,-0.11041399271513908,31.137447010473196,5.078654970046258,35.55008840560913,-0.009611957837484697,4.683768466280801,35959,WSD
patch_tst,data/WSD/143.csv,value_0,1.623930809020114,1.8695458726315088,20886367.156177722,31.606019248317207,-0.04693341598121514,30.63241195396299,6.98786776346706,34.0203857421875,-0.007168627325062044,4.855963305536386,35959,WSD
patch_tst,data/WSD/144.csv,value_0,1.3556895180712258,1.5219888483890913,37.13847554831033,33.14993029747016,-0.11800417373562899,32.81042806644797,11.360857507948655,5.216764211654663,0.020413660732902232,15.412545300142696,35558,WSD
patch_tst,data/WSD/145.csv,value_0,1.171618051003375,1.3247443905750627,35.62333089948033,31.991167154819962,-0.031582881123623396,31.31831857784086,10.764533115813382,7.075057029724121,0.0034321613688552397,11.238552260445267,37254,WSD
patch_tst,data/WSD/146.csv,value_0,1.113757542330661,1.424619682138811,409731513.94315815,56.31832701903742,0.44482925459586553,35.8807312258899,10.501802510321081,9.768818855285645,0.026204679037846092,9.497464547592074,35065,WSD
patch_tst,data/WSD/147.csv,value_0,1.3047602292593687,1.447908485590134,36.389988177026865,32.70337354310414,-0.16704622100165922,32.01030906581428,10.560460871748221,6.569580078125,0.0004673250407647454,14.662364411039333,30294,WSD
patch_tst,data/WSD/148.csv,value_0,0.9797540166358925,1.2565414834423407,28.068020181824053,25.136382613384654,-0.06506685071372198,25.365664157800598,10.44830169920482,10.23302412033081,0.005978846900764238,8.518925311473497,41529,WSD
patch_tst,data/WSD/149.csv,value_0,1.3297254428532503,1.501906781055718,36.475175810975635,32.609082911062494,-0.06464425934232243,31.774810379559526,12.548446235793326,6.5466389656066895,-0.018732326406011357,16.922893307670062,36054,WSD
patch_tst,data/WSD/15.csv,value_0,3.3597823620119236,4.285647804867804,9.244525588536924,9.062283963017302,0.03619558845973403,8.984921661022986,2.4501602126987554,54.66357421875,0.028005151061493996,5.794548140708225,35959,WSD
patch_tst,data/WSD/150.csv,value_0,610.4367064157229,738.6525794006011,1450418731.151366,40.23632599264947,-0.24270752229667591,35.68753493832112,9.83963290338144,2345.7294921875,-3.9497978949744077,20.298229716971726,35655,WSD
patch_tst,data/WSD/151.csv,value_0,647.2455578093725,780.3264019647846,2929466837.568759,41.37097376646589,-0.3107374262380833,36.201120331218476,9.696726228084522,2237.4677734375,-0.8632519566543188,19.52768773685647,35971,WSD
patch_tst,data/WSD/152.csv,value_0,614.7519916745831,747.996558587882,3331804427.4561305,40.38099546067611,-0.273166929902257,35.21948335031099,9.929421569067653,2173.763671875,-3.0378081434391464,21.457158880891622,36251,WSD
patch_tst,data/WSD/153.csv,value_0,647.8317978580441,782.0836065255818,5740128281.401326,35.69036917974906,-0.19319190114852391,31.757729199252953,8.3505215936747,2661.08984375,4.698462562223451,16.754147526254965,36160,WSD
patch_tst,data/WSD/154.csv,value_0,534.0217427975144,647.3648566338953,4044819649.9439263,35.19107289392062,-0.22452294713759602,31.115343050572758,7.341274992519606,2976.494140625,6.44706637323207,14.820624007186249,35847,WSD
patch_tst,data/WSD/155.csv,value_0,539.9049328521397,654.4599829560909,2943463424.183681,37.872204946725184,-0.28983405383326244,33.64385130677177,8.648511188968888,2080.705078125,2.281677977766936,17.959933670584274,35870,WSD
patch_tst,data/WSD/156.csv,value_0,612.0834175984581,739.0028257234497,2560793917.2629704,40.325014926458564,-0.2467409715259259,35.7629404340632,9.732607360729553,2336.279296875,-4.072093406439309,20.263307532861248,35656,WSD
patch_tst,data/WSD/157.csv,value_0,650.1282507277051,783.5584317106851,2083856784.8764327,41.31046647516099,-0.31280105908714195,36.16313247772185,9.646666433682716,2700.0234375,-0.8073834781468046,19.433492849967386,35973,WSD
patch_tst,data/WSD/158.csv,value_0,616.8765152236848,749.6159624310386,3263771988.296397,40.62394168598052,-0.2696621737274414,35.45321263448757,9.812638971456753,2217.4130859375,-3.068985702659457,17.47356555783307,36248,WSD
patch_tst,data/WSD/159.csv,value_0,649.3495205622235,783.8425402396146,3815866774.2575474,35.95418117358694,-0.1927881671264191,31.969626989679135,8.337330820726221,3858.984375,4.708848361027582,14.18976358145573,36165,WSD
patch_tst,data/WSD/16.csv,value_0,2.6709914767940734,3.5038985932144993,7.788580303309292,7.636010249672919,0.0769454747818572,7.565292061007481,2.0070514124611787,56.002458801269526,-0.02049117674090684,5.285712163545783,35959,WSD
patch_tst,data/WSD/160.csv,value_0,527.1986858566397,637.6585883477729,3921665270.504266,35.21831811159376,-0.21714963533631937,31.146732395292176,7.220928410113932,2539.12890625,6.588992373849212,15.752435482899529,35845,WSD
patch_tst,data/WSD/161.csv,value_0,535.2773701060515,649.1433898707185,2887130150.5483494,38.16912255777889,-0.29484705038850323,33.836848051784045,8.652217424814037,2967.888671875,2.3510632597513035,12.614523705221888,35867,WSD
patch_tst,data/WSD/162.csv,value_0,33.14480428812955,40.48563610962473,165911359.41602895,18.560818667799957,-0.05939512256824431,17.792192646432976,6.133202365284121,216.343994140625,0.21401314791876208,13.79032499135661,35959,WSD
patch_tst,data/WSD/163.csv,value_0,24.179881669428195,29.599949236479365,129931535.86624044,16.335808902715662,-0.12248509140369479,15.92821412895184,4.548042897563439,161.56790161132812,0.16542199273187577,11.956193899292874,35959,WSD
patch_tst,data/WSD/164.csv,value_0,27.767084762347068,36.35749791589711,255284261.82647446,18.114304834601118,0.0792547737356567,17.761314041751607,6.527734413471971,181.0604248046875,-0.022596251553690327,13.644636311602913,35959,WSD
patch_tst,data/WSD/165.csv,value_0,37.219328158611006,46.140802455002614,529925331.6820776,23.55549535132109,-0.08600343373282238,22.906558168410097,8.444443138584395,234.22850036621094,0.5907557392770123,15.140045430831675,35959,WSD
patch_tst,data/WSD/166.csv,value_0,19.238553233987787,24.42547560322723,175390249.30435094,14.229116120129067,-0.19588570121243132,13.72120373416554,4.848732376313309,163.87567138671875,-0.07664826801579816,10.64801238206863,35959,WSD
patch_tst,data/WSD/167.csv,value_0,15.002059825072083,19.092256159984807,389598473.1738455,11.5030877966327,-0.2608007996710602,11.14245182854102,4.225910164598382,152.370361328125,0.038366012588094245,7.205712620767213,35959,WSD
patch_tst,data/WSD/168.csv,value_0,537.9930110115604,648.2770884976072,1512061164.911567,38.55578138713396,-0.30008221634963017,34.22624476843134,9.077947312837962,2366.3359375,-3.0805283215450148,19.92859171526613,35655,WSD
patch_tst,data/WSD/169.csv,value_0,581.0926180626981,702.1359420459248,1562545661.2442842,41.303158672138395,-0.32334421603295094,36.106566907959184,9.311474078778904,2041.443359375,-0.6599439656071051,21.771657117703093,35974,WSD
patch_tst,data/WSD/17.csv,value_0,2.725756670835866,3.6124916031673835,8.48926380131965,8.288676147615053,0.20027566079416625,8.240078815385496,2.2466217011890666,125.04957015991212,0.053935235185622384,2.6424486893185453,35959,WSD
patch_tst,data/WSD/170.csv,value_0,611.781897557279,749.263290132975,2922242099.234028,40.222854038937285,-0.18933921526221487,35.24836849399264,10.048640035290454,2573.87109375,-6.878125819010704,14.70008416976604,36248,WSD
patch_tst,data/WSD/171.csv,value_0,676.7049405024765,821.879540408483,6947870169.038953,35.85164845166933,-0.16760252489410066,31.91699515620466,8.467686766726006,3047.751953125,4.816968646093101,16.077455798288007,36090,WSD
patch_tst,data/WSD/172.csv,value_0,542.5202302574247,656.8527012717562,2260055971.020528,35.68082683789141,-0.22583705513182006,31.443655760372902,7.648126297068394,2756.359375,5.676486684327942,14.962476110973947,35860,WSD
patch_tst,data/WSD/173.csv,value_0,573.2128620840524,693.0127149197612,4960383585.319657,38.92238734705506,-0.3090729339577949,34.583853023968885,9.159482098561519,2112.427734375,0.7211945729360927,20.90536093272281,35927,WSD
patch_tst,data/WSD/174.csv,value_0,31.478496219065654,38.58425451197418,306471012.18857795,17.182782587014035,-0.00484153605559845,16.520119191384186,5.870926495120221,251.31979370117188,0.23481565948548308,13.174532902644238,35959,WSD
patch_tst,data/WSD/175.csv,value_0,23.574594798657618,29.05417960235636,42306236.41166543,15.7608336917824,-0.13157722939684668,15.412067636450363,4.4859453695394444,152.12893676757812,0.14717642511242457,11.431902263370592,35959,WSD
patch_tst,data/WSD/176.csv,value_0,27.588060369491313,36.045632413503675,199008333.69341,18.072917876575392,0.0687998551881126,17.72317320639533,6.430683253269457,215.07565307617188,0.01415683710799546,13.772067555688562,35959,WSD
patch_tst,data/WSD/177.csv,value_0,36.897409406981154,45.751708968363566,546836269.9692441,23.473533987647354,-0.08670686236037484,22.84294183462479,8.403973403212223,236.65436950683596,0.5521509288254346,12.641736610860038,35959,WSD
patch_tst,data/WSD/178.csv,value_0,22.31807043067658,27.951329785754957,467858709.9397975,15.691584788360633,-0.08675528102169716,15.042803305557511,4.5820276046858694,192.47959899902344,-0.09020581572719988,10.62263131750654,35959,WSD
patch_tst,data/WSD/179.csv,value_0,18.158706901031092,23.017690304877714,373219597.77730286,13.218821842933199,-0.22984749855587294,12.795962413636694,4.165455049325295,160.986572265625,0.11808489973770035,8.11081796570623,35959,WSD
patch_tst,data/WSD/18.csv,value_0,1745.404728138731,2137.3098532224594,71.9981479287664,47.302076055392355,-0.2410854864192684,39.81215123304861,16.704873784233186,5023.57421875,8.823974982792903,21.80483425038216,35959,WSD
patch_tst,data/WSD/180.csv,value_0,557.2128209155348,673.7182576055358,2165368603.089171,39.511459006718866,-0.3065493104937216,35.10867252577625,9.415503257162502,2351.60546875,-3.1129369208499287,20.77453769983151,35653,WSD
patch_tst,data/WSD/181.csv,value_0,588.8333010662786,710.9587436965219,508777581.97701776,41.11393059166885,-0.31959178002790156,35.96877460598001,9.414348602474846,2652.458984375,-0.756715058200139,18.452082629029896,35975,WSD
patch_tst,data/WSD/182.csv,value_0,613.9817575517169,751.7916843183267,2672441232.375542,40.065335838126984,-0.188937851888217,35.153852949174784,9.966226702366454,2432.1171875,-6.345948147923046,18.176781535742908,36249,WSD
patch_tst,data/WSD/183.csv,value_0,680.0471007976126,826.8638480395739,7125865898.412676,35.65031148287806,-0.16306982064815867,31.72075723336858,8.503012218571032,2975.212890625,5.104701698249113,16.412541644294837,36096,WSD
patch_tst,data/WSD/184.csv,value_0,541.1559389969982,655.0922153347296,5099750899.153565,35.42457804444454,-0.22950189913494756,31.245062576694743,7.587442409348083,2424.107421875,5.915984355824477,19.625291052568294,35853,WSD
patch_tst,data/WSD/185.csv,value_0,581.6972175610522,702.3772444917141,4538156225.166468,39.00920721733274,-0.3072514941512441,34.671754866715055,9.074113397051338,2256.71484375,0.6404345148630595,16.251208803602825,35928,WSD
patch_tst,data/WSD/186.csv,value_0,2233.360615725114,2716.9710651908886,5551497839.6072,43.866517669993435,-0.31710663619905755,37.87749406598549,5.870374927001043,9922.4091796875,-8.564525635967351,21.096133746338136,35959,WSD
patch_tst,data/WSD/187.csv,value_0,2298.549353598673,2861.2592666733317,974270456.0399055,43.63684091754253,-0.3377058263916395,37.024999471550515,7.744803109409995,9521.265625,-0.7132891637437776,21.69099588108052,35959,WSD
patch_tst,data/WSD/188.csv,value_0,1721.1272113228288,2208.469479387531,28955262011.078133,45.69055569815293,0.02772094351324339,38.858982232465756,8.767953409805996,8642.4365234375,12.211600303199043,16.012684740338827,35959,WSD
patch_tst,data/WSD/189.csv,value_0,1637.907601202498,2021.4630033317383,2898228113.284249,40.755271883893116,-0.31142416014029695,35.10891539706192,7.6392756168451745,6367.001953125,-4.1939015506375315,21.334701882129163,35959,WSD
patch_tst,data/WSD/19.csv,value_0,1467.1651611905224,1774.5602903058898,71.08899562002976,46.794943776367475,-0.3449981803814277,39.76524336569212,16.021950284788687,3991.849609375,2.4804864024826885,22.154310740398124,35959,WSD
patch_tst,data/WSD/190.csv,value_0,1698.7774400510825,2100.649260482951,7316394679.094548,40.435174493308175,-0.3243143229851495,35.12883593874125,6.716645414594557,6895.6796875,2.4622137473407215,21.112052869175386,35959,WSD
patch_tst,data/WSD/191.csv,value_0,1801.1833997627941,2325.622952727732,8050529393.775612,42.14510892280812,-0.3473976661500926,36.37275530950886,5.095262582293153,9792.8671875,0.2803374209603298,18.06168804541575,35959,WSD
patch_tst,data/WSD/192.csv,value_0,2242.1923285243265,2725.424381706465,5556947840.250311,43.95060622388314,-0.31945662229252636,37.992381666897884,5.887137745433447,9290.646484375,-8.017289656275203,20.5243194646168,35959,WSD
patch_tst,data/WSD/193.csv,value_0,2296.6082190611182,2857.307209518675,972980738.6940426,43.70870270818503,-0.341045269276949,37.11171654284195,7.746945374948693,9520.0546875,-0.8490250506653411,21.774936819986852,35959,WSD
patch_tst,data/WSD/194.csv,value_0,1720.3497837985026,2203.9768084224697,27414597559.17601,45.762027701453015,0.026451189284762422,38.95649958842804,8.778019698334422,8681.6845703125,12.746966468375875,15.963905609318193,35959,WSD
patch_tst,data/WSD/195.csv,value_0,1625.8382349298854,2006.8621561300854,1645610657.5184028,40.73829346733211,-0.31283896269340494,35.0845370744921,7.687353286442191,6453.498046875,-4.182869455056453,21.34732641346756,35959,WSD
patch_tst,data/WSD/196.csv,value_0,1676.3266593007836,2077.0705519304074,3534455634.614036,40.221711599334476,-0.3248557963886327,34.93631416472197,6.587543533480198,10506.08984375,2.571876564281543,15.646482500417383,35959,WSD
patch_tst,data/WSD/197.csv,value_0,1776.4377909129148,2297.163407882592,4789989285.889254,41.77599192856169,-0.3487834029565706,36.13598333872228,5.000976681212782,10041.18359375,-0.26600227429155426,17.514207135426897,35959,WSD
patch_tst,data/WSD/198.csv,value_0,2.6159782943698007,3.315387134469494,8.38712473557986,8.229361852040434,0.1382852041957744,8.10150478458332,1.833147239170397,39.05253845214844,-0.01767258150412651,7.16375785321844,35959,WSD
patch_tst,data/WSD/199.csv,value_0,2.785375637467253,3.603701335892224,8.4212022909875,8.270971915234265,0.11166434702022299,8.200085817203552,1.5969691165223054,78.367333984375,-0.0014181149846941828,4.208948068082486,35959,WSD
patch_tst,data/WSD/2.csv,value_0,5.811146754365076,6.810796692566826,24.431008765842794,22.689097325130916,0.29256687703754625,21.898602617015268,6.797341301107665,22.429035186746482,0.10693558670881523,14.32676753032621,35959,WSD
patch_tst,data/WSD/20.csv,value_0,1615.1516890329958,1943.2435146483408,79.73403032778748,49.14447150874021,-0.3016525691411849,42.82901341569858,16.35893571144239,4493.15234375,1.706584560714981,28.000627012223934,35959,WSD
patch_tst,data/WSD/200.csv,value_0,3.2888772283806715,7.201041594462625,8.736318015609669,8.33357822118205,0.17125359215945413,9.454986602781405,1.957997565167477,72.23789901733399,0.024172551254730303,7.429881958793465,35959,WSD
patch_tst,data/WSD/201.csv,value_0,2.3109240046995616,3.020802955410708,6.530985114543345,6.450276331199464,0.2181921887368058,6.421517340128581,1.3228815883087492,57.729219055175776,0.015901905702465514,4.452834545121917,36102,WSD
patch_tst,data/WSD/202.csv,value_0,2.3530859496295995,3.0833842784777508,6.837466128106866,6.73290962001344,0.2108410839328584,6.675713668482018,1.3301659399501475,43.43492370605469,-0.024840336375101572,5.123602988497425,35865,WSD
patch_tst,data/WSD/203.csv,value_0,2.3399761960711403,3.081006505536995,7.307950091952765,7.15689314341878,0.199541238601617,7.066311276906628,1.52002304694029,31.311052703857428,0.009495071440877067,6.597444337338318,35910,WSD
patch_tst,data/WSD/204.csv,value_0,2.726299582594656,3.5481831093970255,8.9427980553831,8.701562969022984,0.06816984300765172,8.587823640788224,2.0546146412029755,46.188632659912116,0.041822512697804216,6.028173818207655,35959,WSD
patch_tst,data/WSD/205.csv,value_0,2.8672030693977915,3.7137006017935215,8.816859021671918,8.642022663629158,0.058770951356376666,8.541162202124909,1.6312547343194665,93.77903442382814,-0.0015902636974711195,3.500189068608408,35959,WSD
patch_tst,data/WSD/206.csv,value_0,3.4037103410851293,7.33878561973984,9.029390730323877,8.584239619472553,0.13952628774783116,9.64250335706528,1.8806572547419411,70.40717880249024,-0.028273118753024004,7.568099020047272,35959,WSD
patch_tst,data/WSD/207.csv,value_0,2.330253579479631,3.09868215479251,6.5941213984855365,6.480553070569814,0.23158555486446064,6.450778773426904,1.2906872010688955,56.56546844482422,0.0370852332822095,4.500627675806116,35959,WSD
patch_tst,data/WSD/208.csv,value_0,2.273174901158318,2.9734052042310557,6.546249299805485,6.464331528217322,0.20021021685554385,6.436662329872155,1.2236555926663863,44.3295719909668,-0.013754490146601432,5.666867170251678,35959,WSD
patch_tst,data/WSD/209.csv,value_0,2.246496895430712,3.0000273021344865,6.883665839344864,6.7527171504357675,0.22029777512779103,6.6840700353120495,1.3379670860505533,32.13545013427735,0.012923939597033429,6.103819536387561,35959,WSD
patch_tst,data/WSD/21.csv,value_0,1860.6681472301789,2279.9237814692774,3519137063.591932,29.578168875825988,-0.31980997335470507,27.227013837774926,7.8297438750654935,7621.541015625,-5.49024567258892,18.003188419687913,35959,WSD
patch_tst,data/WSD/22.csv,value_0,1906.9981290540964,2325.9625054551434,43.52185108789638,34.10559107183519,-0.3245174793769916,30.58136925168306,9.984623585929702,6902.087890625,10.642598982087234,20.27335923869209,35959,WSD
patch_tst,data/WSD/23.csv,value_0,2092.3222160351024,2568.5698116603617,3189251820.864401,34.97595351041984,-0.07459006789771294,31.5020311074034,12.62863039117245,9493.13671875,-14.137980549462583,14.255576710291717,35959,WSD
patch_tst,data/WSD/24.csv,value_0,2305.766960016529,2800.4545265633105,2452389938.819793,35.62541149409722,-0.2626277651247315,31.873570968065497,11.438099478713116,12500.6484375,12.501346422748824,16.8003751068649,35959,WSD
patch_tst,data/WSD/25.csv,value_0,1837.2656047946966,2224.2417419490157,4066985396.557975,31.81494856057972,-0.2738312263043341,28.871410895534627,10.125645071051473,7612.82421875,1.543294859249423,20.727255073609317,35959,WSD
patch_tst,data/WSD/26.csv,value_0,1927.1692484463642,2338.8157900650467,3264292796.801766,35.21832733006202,-0.31654423073442395,31.867516908015336,10.436846177100884,5869.03515625,7.120783718088656,21.903125960526754,35959,WSD
patch_tst,data/WSD/27.csv,value_0,0.9704504777285435,1.1156660899251936,40.442046306635106,35.197788078564926,-0.12155231003733591,34.86105091649715,8.44341525648833,8.846224308055811,0.0075607155546115684,9.701444008770299,35959,WSD
patch_tst,data/WSD/28.csv,value_0,0.8056897647658,0.9698777810215089,1097364.3357826967,33.98028765273838,0.04379843824314722,33.05104138822626,7.548746539624237,15.09765625,-0.004145081568229399,5.705163417773582,35959,WSD
patch_tst,data/WSD/29.csv,value_0,0.7902843671384627,1.081091830204324,294722545.537579,58.753137326027485,0.3776983968768023,37.49663900859116,7.7750435137516645,16.966471195220947,0.001398341133742075,5.616061455606878,35959,WSD
patch_tst,data/WSD/3.csv,value_0,4.739298070251912,5.522367256181078,22.46122116142303,21.10832371249182,0.24476752612577213,20.3546558153866,6.0959684514904895,27.67464256283379,0.06048956607976257,11.876058250099872,35959,WSD
patch_tst,data/WSD/30.csv,value_0,0.9307072933349751,1.1323876406635485,38.51027776953822,33.95014718151209,-0.12103393264225892,33.73401878735654,7.890849696082333,11.122292518657618,0.0011571140889829565,9.637341378195803,35959,WSD
patch_tst,data/WSD/31.csv,value_0,0.9435039190266422,1.1121332083546482,39.31713608228519,34.38928736600492,-0.13931707337059174,34.12872961103036,8.491681631384013,12.301432371139526,-0.0016883061646886255,7.213837017868404,35959,WSD
patch_tst,data/WSD/32.csv,value_0,1.0083242059140283,1.167352699796384,196221952.8376022,38.06216911393405,0.0024193227631079672,34.90165775267615,9.66314065814649,11.348144292789526,-0.004511265692638442,8.922441234372984,35959,WSD
patch_tst,data/WSD/33.csv,value_0,2.1491971208401286,2.834392329714753,6.728818547283702,6.643775508666449,0.11680246562196817,6.642623976699642,1.937467942900699,44.91496200561524,-0.008446675157940823,5.6182206733691835,35959,WSD
patch_tst,data/WSD/34.csv,value_0,2.2424084678672607,2.975376379745226,6.931520963032332,6.830948375771488,0.11500648201138797,6.811763040858813,1.9916184137939024,63.55516632080078,0.005448366686726278,3.9831009099668355,35959,WSD
patch_tst,data/WSD/35.csv,value_0,2.2622135847780465,3.0291654081313037,6.521571003718034,6.460287633356769,0.13818544070015437,6.484632756705057,1.8301602722684787,51.36861282348633,-0.023765064140737167,5.0545059371455086,35959,WSD
patch_tst,data/WSD/36.csv,value_0,3.374594102367497,4.273369951821396,9.24272762052073,9.088078818256564,0.0719872697173215,9.02976928886091,2.375257608904833,59.17064300537109,0.05564940949217742,5.570812086848385,36091,WSD
patch_tst,data/WSD/37.csv,value_0,2.576960172662772,3.421404169161051,7.576755176074997,7.4361372376198425,0.09202653603179589,7.359041080279962,1.9819875172743184,115.06775390625,-0.005111280093429721,2.624581289629526,35860,WSD
patch_tst,data/WSD/38.csv,value_0,2.52317787992138,3.410008194737074,7.704403150525439,7.580797139640301,0.2516990899021917,7.523458737460096,1.9933080504951886,169.2231061553955,-0.01295379709176772,1.9079103646489532,35926,WSD
patch_tst,data/WSD/39.csv,value_0,1517.090100607202,1811.3249161826195,96.92084273126477,53.40191292747345,-0.3669536540899707,45.69818377337151,18.97559880606081,5767.349609375,-3.781527605658528,26.415705354858094,35959,WSD
patch_tst,data/WSD/4.csv,value_0,5.049421657922377,5.885270419868827,23.2943620220974,21.938584045219983,0.2669654452577851,21.05299423174398,6.593856458998831,31.637134552034375,-0.07986092011176658,14.01254909598938,35959,WSD
patch_tst,data/WSD/40.csv,value_0,1476.017649522503,1778.9778029189151,93.47193646075038,51.718009570588464,-0.3666287923612348,43.95485540952759,18.186181370142307,3983.22900390625,0.47862107821581523,30.587651356927704,35959,WSD
patch_tst,data/WSD/41.csv,value_0,1833.3239400580349,2228.642499389651,89.5575410920818,51.444024513540334,-0.2129904884781766,43.68572619886469,18.93232605381676,5394.0107421875,-14.009202918167219,24.285087712647393,35959,WSD
patch_tst,data/WSD/42.csv,value_0,1921.0924179164986,2363.5650430684277,72.54476398005293,47.397715042203416,-0.21629542051836026,39.81057045481718,16.141442089904896,5321.994140625,11.508894189823828,27.070954564980276,35959,WSD
patch_tst,data/WSD/43.csv,value_0,1557.8800523034915,1889.1394157156503,72.3492004322494,47.066271811272145,-0.35563475779007914,39.82774901935831,16.6985129515078,3998.87890625,1.7029138219917128,25.867991451672605,35959,WSD
patch_tst,data/WSD/44.csv,value_0,1729.4992216613018,2089.242164417733,80.87123532133688,49.281191339070574,-0.3011052249537902,42.94951208935682,16.75776776607778,4967.087890625,1.263705441874774,27.101338233463913,35959,WSD
patch_tst,data/WSD/45.csv,value_0,1.0228358140322176,1.1557030971362214,26.367298443704307,24.61721781962083,-0.17087536797176317,24.58903886366633,4.300633881570312,17.074630260497802,0.013682579399501777,5.866513062725367,35519,WSD
patch_tst,data/WSD/46.csv,value_0,1.3845428067000722,3.391152454460472,10275241.543146584,23.20990084148178,0.21521505088943027,28.954025512666544,5.778085292414592,33.518402099609375,0.006848647243317701,8.865758050877051,37282,WSD
patch_tst,data/WSD/47.csv,value_0,0.6599784564271448,0.8297650862248974,21.565513823647215,20.15269279600339,0.3707132398591584,20.678435500706065,2.7251419629927276,16.834785938232667,0.01577728296152682,4.277139703825697,35076,WSD
patch_tst,data/WSD/48.csv,value_0,0.7222149130459363,0.8389929020773952,21.61011751745456,20.514663664346173,-0.11558240968459899,20.373561460174653,2.951084494343101,24.766420841256494,0.0008167994328724103,3.067615820632086,35959,WSD
patch_tst,data/WSD/49.csv,value_0,0.5530005368453386,0.7398929855557415,858326.3985464291,15.396307503551407,-0.002806161763118764,15.460042732001753,2.793166316422151,5.24486517906189,-0.0022809326011280742,9.248662319446769,35959,WSD
patch_tst,data/WSD/5.csv,value_0,5.468695022183393,6.617097691301675,139193439.4604748,22.287695830870323,0.14496795368271387,21.682575294503156,6.894896565568147,82.27469253586523,0.08361776104880778,6.4139882271935535,35959,WSD
patch_tst,data/WSD/50.csv,value_0,0.7464432522744812,0.8830902062938042,23.968748927791548,22.120306488062464,0.050917819345516424,21.405848722226402,3.493872596235305,16.816035747497803,-0.005372003014771297,4.116970729646916,35959,WSD
patch_tst,data/WSD/51.csv,value_0,0.5081272662700572,0.6005582048377921,34.19490819543821,30.895777810061247,-0.17825941675293144,31.35175351929548,3.588064214981711,10.661191821063465,0.006835848386825813,5.1550059551771605,35494,WSD
patch_tst,data/WSD/52.csv,value_0,0.46740272542667866,0.5564781259561676,30.36058412911744,27.533987505756613,-0.05049666360396188,27.562465858186012,3.4449633873882295,2.914370536809063,0.0027801909967879847,10.599583547103315,37325,WSD
patch_tst,data/WSD/53.csv,value_0,0.327010318636801,0.4490727301720638,8281353.167134497,28.102461068025185,0.3866361235187843,26.47913355565586,2.0972060507684414,10.258563280135863,0.0062906324286517955,3.871316512094753,35058,WSD
patch_tst,data/WSD/54.csv,value_0,0.3398591820814758,0.4220613374255414,24.990832234480614,23.348447294117992,-0.13087908087389333,23.80899534324566,2.424252475175954,16.075178504020446,0.001549285502122456,2.446732340142652,35959,WSD
patch_tst,data/WSD/55.csv,value_0,0.2471022041698361,0.3568763374097564,1035811.2452913586,16.874210108505274,-0.08180257887716769,17.687232352381734,2.376589648311518,13.814049363136292,-0.0017372735468009696,2.379175582731709,35959,WSD
patch_tst,data/WSD/56.csv,value_0,0.3433689743453988,0.4322162532963061,29752088.25532467,28.160762875971347,0.17359292605955956,26.557692939078297,3.0293546711771735,9.208755254745483,0.003561713392334745,3.9292386663300554,35959,WSD
patch_tst,data/WSD/57.csv,value_0,0.966640038700264,1.0921593529700737,39.12476650355273,34.66914220870003,-0.15230975143196956,34.37502028755434,6.086282012704463,17.12711071972024,0.013933609949039758,5.703182219947249,35658,WSD
patch_tst,data/WSD/58.csv,value_0,0.8275264022588416,0.9425154170234873,35.91598987287341,32.002622507676044,0.006289828055935587,31.160519864404236,5.272152075706982,5.101074218747432,0.005771397622488707,12.401518800668628,37240,WSD
patch_tst,data/WSD/59.csv,value_0,0.5161476302155119,0.6635514094973166,13656413.373918356,37.644249970500645,0.4001886544552067,33.94484428393045,3.4450505452999316,16.947476625403247,0.010867209954318589,3.6021361641028573,34979,WSD
patch_tst,data/WSD/6.csv,value_0,1657.5895803206429,1979.2722013913813,92.73287016409796,52.496647018953446,-0.36323912830933724,45.02476947644749,19.179787441979723,4479.8486328125,-2.1076817195451762,29.911926876097645,35959,WSD
patch_tst,data/WSD/60.csv,value_0,0.6550801260627752,0.7565489873576478,36.80262498736397,32.866207648739504,-0.12314997585509069,32.13717555295537,4.37585727816478,23.816728830372096,0.0004990873156437879,2.935953940580361,35959,WSD
patch_tst,data/WSD/61.csv,value_0,0.5035392481292685,0.6544885589567282,827847.0954823124,25.36667464254477,-0.03368944678215935,25.901703134982874,4.3093110287561744,5.20139217376709,0.0010749936014877335,9.34983655652469,35959,WSD
patch_tst,data/WSD/62.csv,value_0,0.5786470642455139,0.6710734775236766,89847044.14802663,35.75630732103797,0.08487886179181026,32.31936968301365,4.222628729655944,4.2111327648137165,-0.010870597834504009,11.001204721565992,35959,WSD
patch_tst,data/WSD/63.csv,value_0,1850.4985373152845,2265.903540711951,3449517845.1515718,30.035950191487164,-0.32095284831690796,27.586068663109923,7.9502629234982765,7551.56640625,-5.452042957126519,17.80810704740609,35959,WSD
patch_tst,data/WSD/64.csv,value_0,1903.496597470383,2320.3890527414255,1902991448.6031141,34.60331532046313,-0.32417430508067824,30.968093528880903,9.99698840555571,6842.966796875,9.949948693738007,21.407777956835737,35959,WSD
patch_tst,data/WSD/65.csv,value_0,2093.7943545785215,2570.159519769499,3442802849.507349,35.48736035362266,-0.08126929910681913,31.909249421920936,12.437609696574809,10984.5380859375,-13.740212513079133,14.140402287464235,35959,WSD
patch_tst,data/WSD/66.csv,value_0,2293.983207370924,2786.511863891669,2519638251.4924717,35.98037738092773,-0.2614624551731717,32.164453920931926,11.400739045242249,12971.013671875,20.668799352113066,12.766937890092866,36156,WSD
patch_tst,data/WSD/67.csv,value_0,1838.4599659784906,2227.0726508623834,4044707792.85632,32.303686572680995,-0.2703561037616202,29.23733066607544,10.179066890672436,7519.3125,12.641439569585508,20.75170192752873,35839,WSD
patch_tst,data/WSD/68.csv,value_0,1925.7696144763565,2337.3364048747158,1752854887.7867732,35.717225947426066,-0.3184894632413606,32.23847390952306,10.519505499264023,6289.59375,8.453519740050721,21.823869326561304,35882,WSD
patch_tst,data/WSD/69.csv,value_0,2.346309720508819,2.9953814125098113,6.851024293854168,6.781826335584161,0.0903453806342901,6.770134769441906,2.0635876525625068,51.04548065185547,-0.0007978173217756274,5.323229807197105,35959,WSD
patch_tst,data/WSD/7.csv,value_0,1618.2559196921754,1945.960982546419,87.93336105122495,50.57390121027164,-0.36103912456578446,43.1386238681814,17.752850624955187,4497.982421875,0.3675982596933313,26.763319798465396,35959,WSD
patch_tst,data/WSD/70.csv,value_0,2.4231487654992536,3.189722181358547,7.000480719747132,6.9025527928541095,0.045456597515839636,6.8882666696570825,2.1141453555844443,47.03933410644531,-0.030285134480584945,5.411812319916097,35959,WSD
patch_tst,data/WSD/71.csv,value_0,2.7071326778811486,3.688649917350231,7.354229225709787,7.219366186623794,0.1657028474168738,7.293426445534651,2.102253379205029,99.63915649414062,0.008671568296600075,3.157550006291929,35959,WSD
patch_tst,data/WSD/72.csv,value_0,3.713129259446475,4.716802072985546,9.588696633062415,9.404121561352644,0.009964725042117761,9.317668401446797,2.485647912664632,57.065393981933596,0.06596141807865695,6.700002944581741,35959,WSD
patch_tst,data/WSD/73.csv,value_0,2.6520517868219793,3.545731910243117,7.365875014626322,7.249999025829415,0.06837707659589687,7.192364575551388,2.0388120668742213,157.6490621948242,-0.02842810911683924,2.0395351798925034,35959,WSD
patch_tst,data/WSD/74.csv,value_0,2.682256368344814,3.725108874697458,7.810080021175712,7.661026990179696,0.23138828989859883,7.632387174119012,2.1521647480901978,264.78268646240235,0.037925784323908265,1.357052413368837,35959,WSD
patch_tst,data/WSD/75.csv,value_0,1516.2906281880153,1814.0684113378006,96.5834579301245,53.28511281822361,-0.3613340532871485,45.56529028340747,18.890558361453234,6021.216796875,-8.191198097795603,24.504503732781313,35656,WSD
patch_tst,data/WSD/76.csv,value_0,1452.8247136553257,1746.6046144659786,93.70588740884936,51.9502002275044,-0.36771529947966064,44.05925085741524,18.315171431909363,3941.2041015625,-3.2315541210872345,29.984628574523235,35972,WSD
patch_tst,data/WSD/77.csv,value_0,1829.114220877214,2227.5139693524857,88.85981429616831,51.12530909179569,-0.207442324363577,43.45967207897752,18.762126023961482,5368.1923828125,-19.491994121820603,26.025399805496967,36249,WSD
patch_tst,data/WSD/78.csv,value_0,4.6416098994111294,5.837948254300147,23840136.104608174,11.239543111610098,-0.20331695005663541,10.80391351549218,3.0459654872786315,46.232548522949216,-0.01694896649941709,6.630264911186994,35959,WSD
patch_tst,data/WSD/79.csv,value_0,4.519864028081901,5.902817126463847,13683493.42926242,9.935047410325277,-0.18975899348418412,9.692446295332374,2.802465212101888,60.05305450439454,0.011014624859554107,5.734787842673513,35959,WSD
patch_tst,data/WSD/8.csv,value_0,1748.2698390549829,2100.6203342169315,85.64559470227972,50.41248064551828,-0.34946245953552535,42.93748450449718,17.94243652653409,4762.7939453125,-4.621701538557802,28.986067810361966,35959,WSD
patch_tst,data/WSD/80.csv,value_0,8.547450113830516,14.978698043151455,193031457.4911463,15.678618740040909,0.5704665329391546,16.863755768021893,3.8616037273664046,161.5821533203125,-0.01483472985716626,6.855239379016684,35959,WSD
patch_tst,data/WSD/81.csv,value_0,2026.5132913417885,2465.171294970822,3213645379.510348,34.94291162623811,-0.29759578250380425,31.733473836746583,10.53409420746521,6904.728515625,-2.946860269682138,19.188692262557968,35959,WSD
patch_tst,data/WSD/82.csv,value_0,2097.923557363073,2541.2260479537217,2088744722.8467565,35.23496646963433,-0.27928830446585207,31.50080290459177,11.166115189373993,7510.9169921875,1.9943389302747574,21.208696778114852,35959,WSD
patch_tst,data/WSD/83.csv,value_0,1817.1439581938334,2350.954818388792,4019365424.264238,39.92677085757541,0.2935401431791881,32.63100013032242,12.44298467894112,8530.3662109375,-4.939644253861603,21.145483165936245,35959,WSD
patch_tst,data/WSD/84.csv,value_0,2120.428572232925,2571.455772611643,2380118575.247113,34.71631785935425,-0.26173710946996764,31.18182457467899,10.725497228457403,8586.515625,-8.195704251094911,17.034020751269495,36076,WSD
patch_tst,data/WSD/85.csv,value_0,1751.2832439035758,2110.500277198463,4016276513.4442477,31.65989565478304,-0.2552393974923075,28.79765329786639,9.445053651582247,7316.92578125,12.022665048154652,18.72504903911333,35874,WSD
patch_tst,data/WSD/86.csv,value_0,1816.3174567199635,2191.3555350849188,1646132629.3945944,34.6293916622683,-0.3137136767785129,31.32733433711704,9.806878947855731,5914.060546875,-8.001377141495254,18.137357516014887,35927,WSD
patch_tst,data/WSD/87.csv,value_0,1291.8291228665514,1564.5344014967422,81.73961672296277,49.87159565913572,-0.3624205941733658,41.70491221984417,10.788293059313004,3306.54296875,5.211765858040236,27.99310076036397,35938,WSD
patch_tst,data/WSD/88.csv,value_0,1414.8212437558166,1691.4258926738412,90.60895527852398,52.26364959242497,-0.3440650223821069,44.44956633007038,11.498682215980278,3887.931640625,-4.251262293032559,25.93018385212082,35996,WSD
patch_tst,data/WSD/89.csv,value_0,1463.9485120646752,1756.077643128144,93.71547524572999,53.800085393543085,-0.30383724534782885,45.2840247805778,10.913722189626766,3928.794921875,5.566292680424561,27.927443433971753,35943,WSD
patch_tst,data/WSD/9.csv,value_0,1766.010871756723,2157.437375308263,72.3536346368421,47.48879443878123,-0.25356049074807796,39.914111439962845,16.782169482526868,5043.21484375,11.31146165381059,21.918494110619356,35959,WSD
patch_tst,data/WSD/90.csv,value_0,1292.8172557417822,1567.494660160198,81.40599647029568,49.72574623912019,-0.36196858911257546,41.57930774561497,10.796845073443066,3306.951171875,4.544921549108012,28.531027669461196,35959,WSD
patch_tst,data/WSD/91.csv,value_0,1411.3380084349537,1700.1476250312141,89.18619852469331,51.52529325536336,-0.3383706094558476,43.85470137307774,11.527344504608442,3815.638671875,-7.406964844075892,26.330302385491933,35959,WSD
patch_tst,data/WSD/92.csv,value_0,1473.4154115298848,1761.1657506073348,93.73169318664458,53.982531970383484,-0.3041134806201058,45.38907954549991,10.988239496424352,3936.67578125,4.411947352366584,26.822506101238723,35959,WSD
patch_tst,data/WSD/93.csv,value_0,505.2435294515295,609.6418709341556,4004472543.4121876,43.759622066870804,-0.3067690589420984,37.38123130963567,7.41759004842846,1843.6875,2.827996211778699,26.23243850835437,35942,WSD
patch_tst,data/WSD/94.csv,value_0,537.6012987944766,653.8394660132061,3679670630.696293,44.14999460156523,-0.32552862268679195,37.787949248517016,7.368667636521704,1877.359375,-0.5312784382988774,22.453278365838123,35988,WSD
patch_tst,data/WSD/95.csv,value_0,529.179343297511,635.5065462732716,2149849690.7441998,45.238101256725066,-0.2716984806171394,38.525670153923414,7.127118693450417,1828.76953125,-1.7549491808252426,18.388499602814573,35947,WSD
patch_tst,data/WSD/96.csv,value_0,1713.9394331912733,2111.1240730100653,5250210687.541578,40.51275380109149,-0.31983365899381866,35.197704620261156,6.980509244266017,6699.76953125,8.88862195921049,21.05019516412469,35959,WSD
patch_tst,data/WSD/97.csv,value_0,1807.4968956615521,2294.8665967575457,3186103720.7439637,42.5898680812486,-0.345966845220826,36.663770165522344,5.607429668262007,9317.8359375,-0.30575045103451154,18.556372578293406,35959,WSD
patch_tst,data/WSD/98.csv,value_0,1733.7763067073786,2193.2665732971022,848766723.9594787,39.64871903677714,-0.31763985895640334,34.69293965698939,5.161461303822355,9138.810546875,-9.103085121683723,18.341416401547935,35959,WSD
patch_tst,data/WSD/99.csv,value_0,1694.2847038032899,2089.89669805145,3407782505.3214045,40.36793577092137,-0.3210867090149656,35.06679127334979,6.892485103547062,6718.50390625,8.791851049111488,20.86141643093881,35959,WSD
autoreg,data/Yahoo/A3Benchmark-TS1.csv,value_0,464.4171245599364,588.4531086266772,37.1974914165671,28.984014979493544,0.6784179765598021,21.03389033398614,1.1705771905508242,2777.3644125843384,279.8006994805055,8.958651663682387,1168,Yahoo
autoreg,data/Yahoo/A3Benchmark-TS10.csv,value_0,504.2384501755277,637.9413527363644,16.40113963539962,19.228154939230517,0.6293503323171168,15.30426679408898,6.009673106553914,1719.5284641024655,479.41909000452,13.22956667206044,1168,Yahoo
autoreg,data/Yahoo/A3Benchmark-TS100.csv,value_0,52.716109273788774,68.32312140035074,258.58796186496585,78.01262335796902,0.6895749627726564,52.221860338297944,1.077614793603933,466.67565932042595,4.5092792713852905,10.584996756310797,1168,Yahoo
autoreg,data/Yahoo/A3Benchmark-TS11.csv,value_0,254.4513498530455,325.9126674887691,18.101865131055852,13.80778959492906,0.8404547930678523,11.646805129712726,1.160067762996281,2034.8289310716955,-94.20849254797098,8.200834165657414,1168,Yahoo
autoreg,data/Yahoo/A3Benchmark-TS12.csv,value_0,292.2106073029563,374.7261730502805,265.90046281590054,95.81044571599341,0.5376223592434852,65.52410438169622,1.4042313388811907,2345.407148049746,18.29666196863045,10.75739312849854,1168,Yahoo
autoreg,data/Yahoo/A3Benchmark-TS13.csv,value_0,507.4692014365358,619.6347891125738,141.5752665921359,65.74769215294131,0.5121925096221369,42.92006410001023,1.7084695744118303,2597.5109583493077,-41.08755311666971,12.15578227206962,1168,Yahoo
autoreg,data/Yahoo/A3Benchmark-TS14.csv,value_0,432.8117505880918,604.2824846271069,14.30657908442301,16.99299847521471,0.6512743490944283,13.152372533645561,7.211074751624187,1216.981175614372,421.01024141250326,15.449212857470956,1168,Yahoo
autoreg,data/Yahoo/A3Benchmark-TS15.csv,value_0,799.160468927742,985.4884140122149,78.56525545851011,31.262689845646165,0.5601719321033707,24.20960029457356,2.3958483632673535,3213.0040304874883,490.3311968158105,12.777393666305503,1168,Yahoo
autoreg,data/Yahoo/A3Benchmark-TS16.csv,value_0,531.7835451758369,663.8189209968052,19.953628238471858,19.24114086968082,0.7180780636694362,16.223159428325484,1.4039547080008559,2350.696944219819,-137.20347252467081,9.143544936409903,1168,Yahoo
autoreg,data/Yahoo/A3Benchmark-TS17.csv,value_0,489.92047171150324,691.0361576304831,16.351322074146733,19.9659816472143,0.62231044312427,14.89200865042091,2.589435504231119,1941.524431722214,-449.76851539593747,14.000019952709225,1168,Yahoo
autoreg,data/Yahoo/A3Benchmark-TS18.csv,value_0,250.35712109238884,390.56828102371196,8.422837291733519,9.242956526418562,0.8878008410200154,7.591885115900323,1.1089142801826628,2927.0639903786387,165.695861958032,6.768807296980166,1168,Yahoo
autoreg,data/Yahoo/A3Benchmark-TS19.csv,value_0,327.65528747285475,402.97550191206756,266.14673588699907,44.396761061818715,0.6520393122687986,29.091176437869787,1.5833905264797752,1721.4970977730345,48.08077174537842,8.848725158122013,1168,Yahoo
autoreg,data/Yahoo/A3Benchmark-TS2.csv,value_0,198.59061385676097,285.8947571111085,6.76611239073357,6.679526874668111,0.92966851527791,6.033589170040959,1.0018599855048065,1847.324019825503,-76.28257535417782,5.105137850915788,1168,Yahoo
autoreg,data/Yahoo/A3Benchmark-TS20.csv,value_0,584.4358874916933,734.9884541503623,18.998342941074434,21.969399907426673,0.610976565640333,17.747972232692756,3.2216706426898924,2645.617632284822,498.5426908853332,12.902351532111279,1168,Yahoo
autoreg,data/Yahoo/A3Benchmark-TS21.csv,value_0,539.5379348281393,695.9975504968068,18.383151962806004,22.39389469276626,0.5277627372301832,16.404398176975107,17.129742346931394,1168.8608209957301,-536.0869255980906,19.218770744867474,1168,Yahoo
autoreg,data/Yahoo/A3Benchmark-TS22.csv,value_0,661.4267586175827,838.351963343792,27.81488637635714,26.23755924476804,0.6359363289897715,20.167026295871928,1.8119180091092502,3699.424267726824,-331.7393454489781,11.241753979853128,1168,Yahoo
autoreg,data/Yahoo/A3Benchmark-TS23.csv,value_0,70.35166835450133,91.89315679614532,860.6850037114334,78.99913001053099,0.7327729019842768,48.8289800915325,0.9066709330026977,513.7230224351495,0.003712194092854557,7.746498881202442,1168,Yahoo
autoreg,data/Yahoo/A3Benchmark-TS24.csv,value_0,27.577176846030223,33.926484309252245,394.4576526872355,99.17460948627689,0.5528742035037194,66.65342730246569,1.4664424553222508,166.7023068106696,0.8902333006787553,13.186812492488443,1168,Yahoo
autoreg,data/Yahoo/A3Benchmark-TS25.csv,value_0,334.3728845103517,449.0913674830307,15.25207375013167,17.58095173113939,0.6308651024592525,15.27301888433715,2.6713421245642666,1258.4316087364539,-322.8003756960499,13.88315396594097,1168,Yahoo
autoreg,data/Yahoo/A3Benchmark-TS26.csv,value_0,513.1375204598813,650.17291296273,16.419291554164246,18.126480839290053,0.641881725022057,15.61055206985514,2.9820995127999286,1781.1555114223793,-432.50549309959666,11.912314643194664,1168,Yahoo
autoreg,data/Yahoo/A3Benchmark-TS27.csv,value_0,177.78560857954562,238.42530941807735,16.119331621514295,18.62507413518383,0.610803076706361,16.213857225675234,2.5241583965155434,711.2567854765452,-169.02623714790863,13.732067861437166,1168,Yahoo
autoreg,data/Yahoo/A3Benchmark-TS28.csv,value_0,326.3573415214544,417.13605033297665,91.52052863446285,46.247468064763126,0.6388303453103463,28.92046234268112,1.6399172796421773,1503.5954374439907,196.2049201329152,11.565089735033524,1168,Yahoo
autoreg,data/Yahoo/A3Benchmark-TS29.csv,value_0,241.6555628843862,346.6294028067901,12.186375242070442,13.759411370152646,0.7930971596041648,11.039298351525566,1.498495637807877,1443.6654823158528,-165.52657878967207,9.968243777354648,1168,Yahoo
autoreg,data/Yahoo/A3Benchmark-TS3.csv,value_0,356.9446877187742,460.3230346233999,16.436887583176485,18.891211428782302,0.6056770956504696,16.30277560927355,2.7918610114342988,1262.6533321415877,-338.91836524991817,14.293279237134621,1168,Yahoo
autoreg,data/Yahoo/A3Benchmark-TS30.csv,value_0,599.4398723544773,720.894009270535,20.153535876399296,24.33295343878163,0.5042124290495618,18.217594083276296,7.697681276961349,1449.2973193049597,-589.5831651200062,17.58494986122146,1168,Yahoo
autoreg,data/Yahoo/A3Benchmark-TS31.csv,value_0,194.41504796434805,250.93272380817092,202.80681441435888,67.63378140227132,0.8688266646225045,35.2065642402554,0.7811746580307226,1826.7707069615208,12.075270560421822,5.495960963787817,1168,Yahoo
autoreg,data/Yahoo/A3Benchmark-TS32.csv,value_0,126.62638310853207,166.58797710170123,218.23180081260057,81.97854967178534,0.6873566200442379,52.64994253061519,0.9060806397980828,961.9531636786267,-3.226104095959,7.831184984044345,1168,Yahoo
autoreg,data/Yahoo/A3Benchmark-TS33.csv,value_0,563.5301826948643,703.8213558323973,325.18133253351704,107.53262913874329,0.4310691264856834,74.70020222794744,1.4546524718743012,3406.3077450628716,-14.709398878942734,10.920760338668588,1168,Yahoo
autoreg,data/Yahoo/A3Benchmark-TS34.csv,value_0,457.7461834902916,564.6587263414254,38.19389761812853,28.896693688519896,0.6811094726420056,20.964864410968058,1.2704336891831596,1715.3448883609835,-145.3910778813723,10.129974848223437,1168,Yahoo
autoreg,data/Yahoo/A3Benchmark-TS35.csv,value_0,177.73267162362743,230.25383155613932,78.02530717433389,27.515163512620212,0.871829289801483,15.96426292856001,0.8070658156600062,1496.7897047943065,-94.44296347177439,6.176112637337281,1168,Yahoo
autoreg,data/Yahoo/A3Benchmark-TS36.csv,value_0,462.2540993664349,584.1284150634708,25.678661744831192,26.023990286479055,0.5520466150543202,21.088388093891965,2.1205597116516914,1899.255298408638,-335.86128686122447,12.536183376660517,1168,Yahoo
autoreg,data/Yahoo/A3Benchmark-TS37.csv,value_0,272.26986687359135,353.51055873504725,193.26031604946763,84.49461055330775,0.6581550307105657,55.674129713458164,0.952794605508054,1947.4570634617467,-4.977751454508485,8.159789797847122,1168,Yahoo
autoreg,data/Yahoo/A3Benchmark-TS38.csv,value_0,178.38895038401063,220.8689416810257,16.58916322212207,18.977467746759622,0.6094502962162021,16.286543661294825,4.359358302039607,555.5586822383457,-169.78332996191816,14.567721617541698,1168,Yahoo
autoreg,data/Yahoo/A3Benchmark-TS39.csv,value_0,142.00070876153654,188.70955335747632,13.376859976464633,15.243648437109632,0.6974286552564675,12.953177855784121,3.878471728632262,613.3047554594746,-128.25420014055854,13.067373110292642,1168,Yahoo
autoreg,data/Yahoo/A3Benchmark-TS4.csv,value_0,468.1185077985672,579.3380300355959,23.30415265426737,25.627742172629404,0.5225007610615743,21.36986984525481,2.534618481427428,1712.505601915768,-342.7705923717969,13.496430150521313,1168,Yahoo
autoreg,data/Yahoo/A3Benchmark-TS40.csv,value_0,140.83573755675096,220.0043129177392,7.061143651324355,7.531992072602069,0.9030401407375868,6.426177072498936,1.6793781719954237,1113.0653223645816,89.45595605333112,7.188511719353071,1168,Yahoo
autoreg,data/Yahoo/A3Benchmark-TS41.csv,value_0,80.37589284910281,100.3063847954926,437.01416191343264,92.29332213950265,0.5868387554861392,63.233263291024244,1.3566739878621041,495.4064919686469,4.3156981830581636,9.75233460374721,1168,Yahoo
autoreg,data/Yahoo/A3Benchmark-TS42.csv,value_0,576.083842553774,711.8912028353097,18.91657394369127,21.802910886066947,0.5876477759780454,17.52058676253227,3.765461297204224,1764.189476471096,527.3949667518435,13.244207697718192,1168,Yahoo
autoreg,data/Yahoo/A3Benchmark-TS43.csv,value_0,114.2030440731874,166.32153823697615,10.114555271655108,11.089695463816449,0.7702746100294461,10.427673967113162,2.4775794747619155,654.8284637403631,-95.74298614195715,10.237278873373143,1168,Yahoo
autoreg,data/Yahoo/A3Benchmark-TS44.csv,value_0,89.5768236077616,113.46184206366361,291.7438254733279,95.49831352345637,0.5412287547082899,65.84740630232818,1.3693919611695704,521.1815760695179,5.600624151077126,9.606316636761179,1168,Yahoo
autoreg,data/Yahoo/A3Benchmark-TS45.csv,value_0,262.4651050466265,330.6770119014767,193.01976096208313,85.936832532456,0.6866546691893389,55.09388180407866,0.9779439402894006,1662.4996182166365,-2.8417731102099797,9.24974819131715,1168,Yahoo
autoreg,data/Yahoo/A3Benchmark-TS46.csv,value_0,591.4841281533284,748.7186340074238,18.757829772288602,21.914965269836486,0.5772968604183817,17.961075545082675,3.2753277521580664,2049.6667170746614,535.5605886513619,13.574493873159232,1168,Yahoo
autoreg,data/Yahoo/A3Benchmark-TS47.csv,value_0,334.45394119876516,443.3442578981646,24.511353052753552,19.01550857453857,0.7475354747780489,15.279203314325526,1.1446806855581642,2341.7552348478966,-206.83457250224234,7.201047792367852,1168,Yahoo
autoreg,data/Yahoo/A3Benchmark-TS48.csv,value_0,374.4455479107952,468.5079432148321,17.689080418121396,19.918983148445683,0.6010284021861463,17.10264667851043,2.500667399072711,1673.4213587113982,-312.901947246305,12.07528451785725,1168,Yahoo
autoreg,data/Yahoo/A3Benchmark-TS49.csv,value_0,127.92049499461592,165.5401491059693,1606.445667523974,98.62475813194122,0.5400805951789887,64.68106112968101,1.1730027326015642,848.6690267132985,2.5111066029257474,10.551731731354664,1168,Yahoo
autoreg,data/Yahoo/A3Benchmark-TS5.csv,value_0,330.8251112460908,459.78761808131503,15.318844967477077,17.520305951107492,0.667410638055595,15.125215932994754,1.7312618922791252,1471.05961232023,-280.12373637199784,12.609869912210343,1168,Yahoo
autoreg,data/Yahoo/A3Benchmark-TS50.csv,value_0,404.6735244532964,584.9419086075226,12.515743853770472,14.56624770536575,0.6646639653251515,12.311004583628488,10.298720281662103,1168.6449461748039,-395.01584783006336,16.20501136720081,1168,Yahoo
autoreg,data/Yahoo/A3Benchmark-TS51.csv,value_0,559.439897989373,715.0528988861465,19.250210397889997,20.99225569589368,0.6642421028242063,17.031532556149926,1.9368202997727706,2742.8590335982362,-308.92524208757203,10.993413637420813,1168,Yahoo
autoreg,data/Yahoo/A3Benchmark-TS52.csv,value_0,190.1522250050667,246.25860985142018,237.1534488455481,69.75032452595997,0.7302298768276891,47.601415842933,0.8640377011331076,1814.253118417207,4.820324400706281,8.165038959476329,1168,Yahoo
autoreg,data/Yahoo/A3Benchmark-TS53.csv,value_0,209.7761234007023,273.62732467016014,25.024942602457674,26.2611917542,0.6647817651561533,19.116161495161315,1.4981001208702758,1074.1271188661708,-125.29250513107058,10.639079390623792,1168,Yahoo
autoreg,data/Yahoo/A3Benchmark-TS54.csv,value_0,337.6966172608265,445.98867783093635,76.22579848707305,49.267740584677824,0.7090979280673116,28.918139195819638,1.084895905363648,2931.2584831181007,147.2366201532695,7.840845512203878,1168,Yahoo
autoreg,data/Yahoo/A3Benchmark-TS55.csv,value_0,220.44838808685984,318.08556091429546,22.795643203250403,12.455363414096254,0.8728372628674816,10.041790929087133,0.9756842111723975,1960.3178297499926,140.0009311552084,6.841290227265039,1168,Yahoo
autoreg,data/Yahoo/A3Benchmark-TS56.csv,value_0,312.6590100808088,428.86343014706006,14.42677775491172,16.506688464402473,0.6758093897346303,14.262834026577895,2.3056644225507523,1338.7773312932031,-277.82725748083465,12.617848898025585,1168,Yahoo
autoreg,data/Yahoo/A3Benchmark-TS57.csv,value_0,257.0323196937229,352.6754354148089,12.04894497267064,12.663317763064313,0.8050514958678555,11.700292450946003,1.4271191305722166,1502.2214950594398,174.57477047398507,8.838966962338764,1168,Yahoo
autoreg,data/Yahoo/A3Benchmark-TS58.csv,value_0,439.546320927162,536.0307316351862,451.2565852864615,89.90770730745778,0.5915344151054869,63.73090975045079,1.2928812292884524,1966.049842180052,28.813787271805236,13.729542339437254,1168,Yahoo
autoreg,data/Yahoo/A3Benchmark-TS59.csv,value_0,161.44039165333336,208.56540336275344,16.373325962983483,16.535926979089847,0.7206954892495498,14.744362511953804,1.642000404704574,921.6638174772706,-72.2713588148895,8.853017014642822,1168,Yahoo
autoreg,data/Yahoo/A3Benchmark-TS6.csv,value_0,28.73838514801781,35.92330833493315,470.263035425556,77.5152558622439,0.7064995934980938,52.28699292740924,1.0720779673472869,202.74273814452386,0.4733180072137856,8.070793779061265,1168,Yahoo
autoreg,data/Yahoo/A3Benchmark-TS60.csv,value_0,553.1952813259725,684.8613764632706,17.84911142111618,20.83017616132544,0.6015800857974181,16.813658358154132,4.735626891975463,1612.1627146939136,511.8465079595209,14.262368594981591,1168,Yahoo
autoreg,data/Yahoo/A3Benchmark-TS61.csv,value_0,489.5215949860498,628.0843572519523,36.02917240381198,28.69192193398149,0.605135177859512,22.168920499254753,1.5180885188275293,2452.373289412154,263.7055981925091,10.147815019426233,1168,Yahoo
autoreg,data/Yahoo/A3Benchmark-TS62.csv,value_0,545.0153336616863,696.2787759359455,18.547337538149186,22.550588393666573,0.526858140662912,16.571338778527394,16.223560549146583,1316.5729263391186,-541.530608471096,19.06178236909683,1168,Yahoo
autoreg,data/Yahoo/A3Benchmark-TS63.csv,value_0,347.2424829349324,462.562799065699,16.025665751676964,18.1679233094034,0.631777166397691,15.866369606652395,2.153161533403873,1886.2532134326061,-296.3124100536454,11.737297756257451,1168,Yahoo
autoreg,data/Yahoo/A3Benchmark-TS64.csv,value_0,48.61858869503004,66.02163793067055,127.20131133464565,64.07620383681089,0.7445955039652454,44.266861941308406,0.8572958436954564,556.5965363486049,0.5253211355588981,5.10267399543791,1168,Yahoo
autoreg,data/Yahoo/A3Benchmark-TS65.csv,value_0,373.95991208612634,459.04100687640295,415.61085526887905,99.14829523144802,0.5161816837308576,69.55080656917528,1.5969019804545592,2147.3689034012095,6.016736855012711,11.598525038160021,1168,Yahoo
autoreg,data/Yahoo/A3Benchmark-TS66.csv,value_0,206.1359740713554,266.86251026404585,212.2374985890826,74.08422362976603,0.7638839200832206,45.95550792342849,1.2083596945211241,1523.0003509424155,-1.113220040822912,10.526330389595532,1168,Yahoo
autoreg,data/Yahoo/A3Benchmark-TS67.csv,value_0,409.0446213654074,537.5926709928611,13.985032642982038,14.172900007773382,0.7988184292913996,12.427158957395651,1.5332400263506667,2264.4485225904555,175.561042274828,9.023073366494646,1168,Yahoo
autoreg,data/Yahoo/A3Benchmark-TS68.csv,value_0,243.36603587758782,324.04578001167675,36.83826832413959,30.240894915397693,0.6678392479012132,22.006852268182094,1.2122965992896841,1818.6350118594125,145.24756514773722,9.02752210096032,1168,Yahoo
autoreg,data/Yahoo/A3Benchmark-TS69.csv,value_0,30.40630093693859,39.5955076690005,243.39160188775145,82.03188787695996,0.6902421594210748,52.55561960332711,0.8702092084974606,224.06663359675932,-0.3298422079150334,8.421019072526132,1168,Yahoo
autoreg,data/Yahoo/A3Benchmark-TS7.csv,value_0,105.84665375686757,128.6076145032712,233.54685658117847,100.67284730918769,0.5270073222220844,69.70785939939479,1.6446429854229525,624.5615635633233,4.156456025796129,9.660706656400905,1168,Yahoo
autoreg,data/Yahoo/A3Benchmark-TS70.csv,value_0,325.539742637983,452.01121800072724,11.529852030217016,12.232706781056923,0.8279989705360034,9.905491158023821,1.460742297538945,1856.8322185954767,-183.99638152395354,8.353310207541426,1168,Yahoo
autoreg,data/Yahoo/A3Benchmark-TS71.csv,value_0,164.8621943635348,208.96915343043645,15.373753360639444,17.606091892085168,0.6346823213890644,15.046456863469887,4.409473196583763,597.819250548565,-159.4987046471485,14.75869668652458,1168,Yahoo
autoreg,data/Yahoo/A3Benchmark-TS72.csv,value_0,410.3779642102537,597.0138019149817,13.670983680083653,16.33543169138192,0.6547894212246155,12.472377292104545,13.260471410262106,1136.2090981617923,403.4447785044987,16.120403594328437,1168,Yahoo
autoreg,data/Yahoo/A3Benchmark-TS73.csv,value_0,49.53031335351949,62.557895320307495,222.42587400109545,107.1415590804147,0.48378806472517477,70.24910268515404,1.2680832863824585,247.8648319097005,2.002904871308981,11.727427813257634,1168,Yahoo
autoreg,data/Yahoo/A3Benchmark-TS74.csv,value_0,448.3108304566937,622.7523471659819,14.735757830071524,17.462508664260106,0.6469535657318433,13.628142388963917,5.001058381026474,1421.3174908519086,435.2326334750984,14.394175216897223,1168,Yahoo
autoreg,data/Yahoo/A3Benchmark-TS75.csv,value_0,400.250149819953,505.21315388349217,85.59921436019953,54.9549887600167,0.6589259318861775,33.90462340515775,1.2714888897900734,2625.432428899604,88.57953744649815,9.119543884981612,1168,Yahoo
autoreg,data/Yahoo/A3Benchmark-TS76.csv,value_0,317.85741876416637,388.7887111853865,245.54226331466774,98.46258870334225,0.5707718383779111,65.90639863811074,1.4870970606741876,1671.996645808141,18.38011560551898,11.730604866231964,1168,Yahoo
autoreg,data/Yahoo/A3Benchmark-TS77.csv,value_0,79.57251519307991,115.66412697516127,158.69363947780474,67.62851709581406,0.7211793161371058,44.639405574867055,0.8425537687215274,819.7013375233455,3.5458460692886473,6.694080509982159,1168,Yahoo
autoreg,data/Yahoo/A3Benchmark-TS78.csv,value_0,221.85820117377477,302.9412072561436,11.54253262546451,11.654646451458394,0.859844971601837,10.076329490527531,1.0725592648692603,1752.9792458484958,122.26973924778895,6.502351646170459,1168,Yahoo
autoreg,data/Yahoo/A3Benchmark-TS79.csv,value_0,368.51014167087015,471.96398023940304,27.10174451484236,21.39649540303898,0.7427071609195572,16.733938198447813,1.3444982798351452,2069.6797367451754,134.8375113264446,9.633134203263076,1168,Yahoo
autoreg,data/Yahoo/A3Benchmark-TS8.csv,value_0,549.4378951829382,711.8683616558103,16.99080770084045,19.997009799179647,0.5634900516528609,16.69220822019846,3.9982497430263146,2080.701108717548,528.4116017529792,14.852139045941351,1168,Yahoo
autoreg,data/Yahoo/A3Benchmark-TS80.csv,value_0,478.40874325723684,621.4399699285583,15.722418898680314,18.47751647491915,0.6423129175789668,14.548362189822248,6.647921442831089,1314.4319434470622,455.6232969889085,14.726336419391629,1168,Yahoo
autoreg,data/Yahoo/A3Benchmark-TS81.csv,value_0,204.03993641731412,255.87629700559413,29.3663754138796,22.942409812846506,0.6763592234001407,18.72551402001637,1.483177406229784,1307.6270793987446,-56.21390530143845,8.896797834303063,1168,Yahoo
autoreg,data/Yahoo/A3Benchmark-TS82.csv,value_0,352.95060053939363,473.6833772414383,11.295714961192616,11.553906732483476,0.8399421097961706,10.72407395501907,1.3474237202911432,1970.6809503293298,201.1131919010949,7.58982573275353,1168,Yahoo
autoreg,data/Yahoo/A3Benchmark-TS83.csv,value_0,554.4645342314506,717.2779996975618,288.6963689913255,65.80259777566151,0.47327851092777584,45.23232695165639,1.4342111331842204,3598.1872622362066,-21.50423403218314,9.966395591535202,1168,Yahoo
autoreg,data/Yahoo/A3Benchmark-TS84.csv,value_0,415.29748052589537,517.9504756033375,19.381606196503093,21.19718321187597,0.5825762199417521,18.920456918852143,2.66716648730761,1447.6305140163583,332.490928722545,13.327580757777632,1168,Yahoo
autoreg,data/Yahoo/A3Benchmark-TS85.csv,value_0,231.830808432038,288.48182045559395,374.20626743020165,87.87054685987606,0.6532284029003275,58.02140843996918,1.213151669266161,1342.1333738368967,5.995257748085917,10.21617510968429,1168,Yahoo
autoreg,data/Yahoo/A3Benchmark-TS86.csv,value_0,55.711518883875186,76.8282206095977,94.91115117462768,62.96314861570347,0.8008348577270542,39.04797406413896,0.7425607791743036,524.0377278774679,-0.7984574284912179,6.86725739684719,1168,Yahoo
autoreg,data/Yahoo/A3Benchmark-TS87.csv,value_0,208.19138494603644,258.3580735882208,286.43990183902986,89.996346527818,0.633863409430721,59.950160791428566,1.2195116424207233,1423.7295893697772,12.301152986319373,10.13535830325071,1168,Yahoo
autoreg,data/Yahoo/A3Benchmark-TS88.csv,value_0,454.05226492773426,584.1272726225793,135.6375629313863,57.450885962702166,0.6988943890848418,35.86467025890446,1.0128288405831591,2584.592365626695,-176.421066567688,10.481374830990802,1168,Yahoo
autoreg,data/Yahoo/A3Benchmark-TS89.csv,value_0,503.75249214301743,714.8167045402223,20.574579476515055,17.71921501150754,0.7293729683540957,15.262599734602873,1.4544260746581075,4336.201138090935,328.6976500614431,8.19238995961449,1168,Yahoo
autoreg,data/Yahoo/A3Benchmark-TS9.csv,value_0,349.16967049787354,454.7943951609152,108.66639757458512,50.61660191921139,0.6898303681405071,29.989382555521154,1.3524819611667505,3011.831773939784,125.70702036913525,8.092456982286727,1168,Yahoo
autoreg,data/Yahoo/A3Benchmark-TS90.csv,value_0,173.05309921121165,224.5787032184293,15.99433633125491,18.21167967150249,0.6344006309881187,15.785129363428865,2.8573263794529216,977.599473974697,-146.15448355519473,11.938491391974214,1168,Yahoo
autoreg,data/Yahoo/A3Benchmark-TS91.csv,value_0,460.86945951466623,559.815894627745,214.87216148325672,97.80590818199124,0.5676312027731131,66.5835263271784,1.5164095350024,2324.3049552479124,-1.485721177808986,9.374901570069015,1168,Yahoo
autoreg,data/Yahoo/A3Benchmark-TS92.csv,value_0,302.12480872227695,384.4472874280667,1769.3929502408737,73.63420765308743,0.7966041250403293,43.732047836281794,0.8730570324543763,2277.5808307122984,-1.7546218962019875,6.544255914373727,1168,Yahoo
autoreg,data/Yahoo/A3Benchmark-TS93.csv,value_0,58.27298404227875,74.7967385426724,180.66196107707086,84.74648153185005,0.6125521357034903,58.819100370680076,1.022617191146671,387.40823920077077,3.9308032130548534,8.807814591742934,1168,Yahoo
autoreg,data/Yahoo/A3Benchmark-TS94.csv,value_0,498.67042047995733,642.9042938526288,48.882049635737005,30.73307006136729,0.5731977566004001,22.808115208286114,1.8237975580526922,2140.165856140159,-343.5945090800999,12.778133827979845,1168,Yahoo
autoreg,data/Yahoo/A3Benchmark-TS95.csv,value_0,290.0319655930664,401.5689348303914,14.437870066057387,17.123317691815203,0.6510613421488454,13.217766498434186,8.986237065945494,793.9918945136442,282.75190034916585,15.646205105774571,1168,Yahoo
autoreg,data/Yahoo/A3Benchmark-TS96.csv,value_0,584.3470209357421,758.8094296457826,19.16594901337705,22.147281356694943,0.6095757659430026,17.726793000590728,2.4135039126284537,3288.0202900003555,482.5705399963006,12.73177873046455,1168,Yahoo
autoreg,data/Yahoo/A3Benchmark-TS97.csv,value_0,255.84169447364377,364.03396690964195,11.406687218551339,12.288892010819309,0.7752786657213537,11.641394288070973,1.837757643612914,1301.7370797829997,194.41821556895184,10.010712939376699,1168,Yahoo
autoreg,data/Yahoo/A3Benchmark-TS98.csv,value_0,336.9399887876178,453.7538244971231,27.576234520445336,18.792909353550222,0.766202523389571,15.282745878226983,1.2916876568709261,2373.735764985401,240.34109570883052,9.56908616875559,1168,Yahoo
autoreg,data/Yahoo/A3Benchmark-TS99.csv,value_0,519.8630860263022,671.1235194817,16.318163476291687,19.219805762395914,0.5775761188189441,15.7906945178016,8.01961461974982,1616.1289369684655,505.11177303687293,16.380534193480585,1168,Yahoo
autoreg,data/Yahoo/A4Benchmark-TS1.csv,value_0,224.06891088003044,381.19706194622614,11.342613525107078,13.681188475654258,-1.8203890967085337,10.657452186726442,2.783086796787163,1303.9065582263697,-132.1098704792537,23.43800757635759,1168,Yahoo
autoreg,data/Yahoo/A4Benchmark-TS10.csv,value_0,301.5284070883657,385.9522605872838,164.14425516496124,53.5128868144914,0.680150069243032,32.840348147547516,0.9901111126486988,1856.2156304635782,-3.1240592441770674,8.981110859170826,1168,Yahoo
autoreg,data/Yahoo/A4Benchmark-TS100.csv,value_0,281.0106137888123,380.6247593740107,158.5407016185285,93.74292766685699,0.48306716652917603,57.793622797199475,3.459094004275517,1267.3935704136534,194.01073522535606,15.456106703883371,1168,Yahoo
autoreg,data/Yahoo/A4Benchmark-TS11.csv,value_0,375.9143114256676,538.795621966812,13.523158309798763,15.722866819928532,0.6557877631988839,11.892029415307114,2.4875725558113286,2287.3968997535476,-253.05256158329087,13.17797988526175,1168,Yahoo
autoreg,data/Yahoo/A4Benchmark-TS12.csv,value_0,421.094887144616,573.8057582434567,224.3663534581641,62.93977502344229,0.6473099932493755,47.48965283404294,5.084523707993333,1755.0427180964302,369.92599898872606,13.078739216403552,1168,Yahoo
autoreg,data/Yahoo/A4Benchmark-TS13.csv,value_0,305.29691166778787,439.04633265741853,35.6541700133142,26.192416672496776,0.7498414795647613,17.140428133006214,1.2680590735631183,2585.139851455023,-121.62075213545593,6.368671950551443,1168,Yahoo
autoreg,data/Yahoo/A4Benchmark-TS14.csv,value_0,246.45579282200566,373.7339247618385,130.50952812789203,61.934904512996404,0.6526768187858998,41.7833279382018,1.1522507220415958,2998.538248918619,87.94314289519627,6.851952896452787,1168,Yahoo
autoreg,data/Yahoo/A4Benchmark-TS15.csv,value_0,76.571331223166,98.71795083991323,168.93773424238046,77.76406201885631,0.6847164355414286,52.82124882259027,0.8471032456689952,501.6504944621499,-0.7327574198255176,8.131564414550988,1168,Yahoo
autoreg,data/Yahoo/A4Benchmark-TS16.csv,value_0,380.31614992946203,480.6149054621404,226.4851679929086,101.17769236155662,0.28697340893830814,73.3218904444359,1.711553669905661,1284.2699474700235,-0.13176385200217924,18.822193277353165,1168,Yahoo
autoreg,data/Yahoo/A4Benchmark-TS17.csv,value_0,129.67097884060772,172.9071295576001,87.13066874593196,43.90752395005077,0.8290070910182185,24.30703120370984,1.0135380497852766,1218.0443921762856,0.21161069391002008,8.055012224312762,1168,Yahoo
autoreg,data/Yahoo/A4Benchmark-TS18.csv,value_0,341.1192969184282,466.9717472514033,168.7851276940719,91.71610447525438,0.5265544289261661,54.62207211387701,3.7044467346715138,1411.7775821912073,266.71080057053547,14.633409603413542,1168,Yahoo
autoreg,data/Yahoo/A4Benchmark-TS19.csv,value_0,566.4513313168444,734.9322476391719,22.679002617430157,22.209285948356605,0.3965167044743694,20.0974152113847,2.8883763162188663,2822.860229686023,-456.3785632898645,12.842993803825687,1168,Yahoo
autoreg,data/Yahoo/A4Benchmark-TS2.csv,value_0,497.0312054433156,656.6947969168662,17.274350973417217,21.03538921284553,0.5902758881356556,15.113355559240338,6.312082968733798,1892.5992507659857,-489.89375024872686,16.595130094657637,1168,Yahoo
autoreg,data/Yahoo/A4Benchmark-TS20.csv,value_0,522.9366647120074,676.3795693623362,224.78837707807142,81.22404561790445,0.5926019389582193,52.981452799202124,1.5505031687386364,3537.696305178229,-3.645593323892969,10.828936248667288,1168,Yahoo
autoreg,data/Yahoo/A4Benchmark-TS21.csv,value_0,269.15775143756525,376.04901408950894,12.529292287824962,14.34562363827541,0.7069762625542295,12.278640772210593,3.3741863028973578,980.5136606262781,-249.4759883782983,13.198486368142564,1168,Yahoo
autoreg,data/Yahoo/A4Benchmark-TS22.csv,value_0,518.155107692139,683.1414121720924,266.8795952876763,92.73833563918039,0.22496685293396823,62.34308886465525,2.5048574142347078,2026.6322922268143,330.7945852689637,17.116713402968216,1168,Yahoo
autoreg,data/Yahoo/A4Benchmark-TS23.csv,value_0,593.8908273056333,758.1141754812779,149.83984291711582,84.20038710365135,0.5684083576083241,50.60110359890767,2.3117753015230313,2441.5859796975465,368.02990606553817,13.476945929079498,1168,Yahoo
autoreg,data/Yahoo/A4Benchmark-TS24.csv,value_0,231.25765648392368,370.89575720613544,136.95334453454197,44.31229704947658,0.469273528359886,32.7581010993858,1.3768271745938885,1652.8346766421064,-106.33870503283542,12.100467387832808,1168,Yahoo
autoreg,data/Yahoo/A4Benchmark-TS25.csv,value_0,327.3231868076551,525.3238388943894,34.56344103696332,33.69655317448608,0.2929923082502963,35.04202228152519,2.52607016264086,2391.25628213662,-263.2728871978831,14.6589622461933,1168,Yahoo
autoreg,data/Yahoo/A4Benchmark-TS26.csv,value_0,470.61265163718315,689.9250346858215,669.7479866363935,89.13429953513167,0.23732203304419808,72.42477215679828,2.0903397318339016,2798.042425956571,25.075890348421257,12.737079199420883,1168,Yahoo
autoreg,data/Yahoo/A4Benchmark-TS27.csv,value_0,278.3995101880367,368.82619846665074,189.39764756961628,65.54766262996525,0.7970179720533292,41.07427987199308,1.5017015470705002,1741.4960842389564,135.2758740086621,9.05483951673313,1168,Yahoo
autoreg,data/Yahoo/A4Benchmark-TS28.csv,value_0,346.9676892177041,437.0742419397146,168.8517700457153,88.0815773260069,0.5771159896752884,59.19466694297266,1.2031474575629957,1718.2900375633294,128.54122029987838,10.291755879572259,1168,Yahoo
autoreg,data/Yahoo/A4Benchmark-TS29.csv,value_0,231.54491653307494,287.3406391932004,31.07356923788859,27.66814016466505,0.6072089255696177,21.112585008555122,1.9212513347864502,1194.0911679504002,-72.57220683512466,10.908583480236324,1168,Yahoo
autoreg,data/Yahoo/A4Benchmark-TS3.csv,value_0,456.18863408337126,593.9719726141692,44.05536680754359,61.807850329170776,0.3134853473260072,29.017633926083132,3.2575288568919802,2021.9914336032537,334.2019439749891,16.86076049371616,1168,Yahoo
autoreg,data/Yahoo/A4Benchmark-TS30.csv,value_0,605.4416164895408,765.9101951237968,19.557874025602107,20.902700373127484,0.6007610487256453,18.40614640931428,2.1110196280620546,2357.6716572297128,-414.1998047878351,12.774737399783337,1168,Yahoo
autoreg,data/Yahoo/A4Benchmark-TS31.csv,value_0,254.03388782356845,355.43393212553667,86.65412135621868,43.29920703819438,0.7142147611080374,23.358794155726812,13.419045652452846,753.1173098566992,-246.02196839471057,13.146737218675476,1168,Yahoo
autoreg,data/Yahoo/A4Benchmark-TS32.csv,value_0,497.0269805195056,668.6730093695293,240.87508538274008,69.6684457343413,0.7169984594841705,45.70341973894416,1.415218849967509,2738.5108204385306,164.41872757549916,8.979666973444607,1168,Yahoo
autoreg,data/Yahoo/A4Benchmark-TS33.csv,value_0,227.16795095441788,313.93195867403233,29.207597443727312,24.793994274052032,0.6101602320050505,22.593842685835586,2.2082878097765155,1200.0366492096784,-75.07112993258153,13.909015197363543,1168,Yahoo
autoreg,data/Yahoo/A4Benchmark-TS34.csv,value_0,28.636790472941772,37.56028506884477,120.97656720706694,62.2098376032,0.7877267917622888,42.12704539263467,0.797713246970389,326.57680632711094,1.3803679737248642,5.195230376088828,1168,Yahoo
autoreg,data/Yahoo/A4Benchmark-TS35.csv,value_0,331.1451712006909,453.2031680123096,206.3146617386844,84.78175224589157,0.5085449059895556,60.82873869014963,2.873945152424886,1738.4678526633115,151.03683827237555,14.261878731188423,1168,Yahoo
autoreg,data/Yahoo/A4Benchmark-TS36.csv,value_0,429.1060024438799,552.2994575436475,58.75858003584074,38.66579969713747,0.5145943077857729,27.619705917094223,1.1530620845943238,2876.574784251816,104.23281550638143,9.09752389048853,1168,Yahoo
autoreg,data/Yahoo/A4Benchmark-TS37.csv,value_0,492.26135089140445,687.9555000505342,66.413268807517,76.44890899439746,0.36482301981717036,38.1347134276383,2.0534600185989316,3350.194080092507,-173.3562022107891,13.329231869109046,1168,Yahoo
autoreg,data/Yahoo/A4Benchmark-TS38.csv,value_0,320.86788415765386,442.03221110200667,24.451343181884383,23.635682279402843,0.22866683544744726,20.459121185866707,1.6256808609285414,2329.2670528771514,175.12736675995538,9.933181359258421,1168,Yahoo
autoreg,data/Yahoo/A4Benchmark-TS39.csv,value_0,363.1924166730334,474.43382576871807,24.985156131891852,22.985213441825902,0.4285351718718967,20.035645505877614,1.5587646307873206,2092.5806973309495,-96.10160887968864,10.691385767703315,1168,Yahoo
autoreg,data/Yahoo/A4Benchmark-TS4.csv,value_0,468.1185077985672,579.3380300355959,23.30415265426737,25.627742172629404,0.5225007610615743,21.36986984525481,2.534618481427428,1712.505601915768,-342.7705923717969,13.496430150521313,1168,Yahoo
autoreg,data/Yahoo/A4Benchmark-TS40.csv,value_0,316.8794556851499,431.5962925043215,131.0621305165738,51.539568346376065,0.5616577926556172,36.89572460213617,1.1275212439288205,2655.507226129377,70.57829009394365,7.644453160286789,1168,Yahoo
autoreg,data/Yahoo/A4Benchmark-TS41.csv,value_0,216.15329876820184,277.7912563614571,14.168716178203592,14.239845015628639,0.6516566384127365,13.159123969189007,1.036242288001856,1270.1222519290145,-96.01763179479515,10.793083147508163,1168,Yahoo
autoreg,data/Yahoo/A4Benchmark-TS42.csv,value_0,485.1619517430913,624.9851641931672,17.71036874969596,21.15076888369474,0.27709344780370426,17.274870717997207,4.422716077304908,1638.4772737666453,-446.68462141399243,18.27681562934503,1168,Yahoo
autoreg,data/Yahoo/A4Benchmark-TS43.csv,value_0,316.45629481953137,447.5765350139687,133.65135941111572,62.708947716552544,0.4059467715483014,45.19873944673225,1.5202400645408056,1933.7164388545693,-7.609066212710307,11.576280826950468,1168,Yahoo
autoreg,data/Yahoo/A4Benchmark-TS44.csv,value_0,168.2858239759747,275.94655868591207,1301.7286025732992,58.462567878944924,0.4243205343118073,39.02112623868022,1.2607198326322333,2285.3117789072808,24.704953418019805,8.273147655172854,1168,Yahoo
autoreg,data/Yahoo/A4Benchmark-TS45.csv,value_0,412.3096745193436,562.1737908820669,148.9651457429088,70.3180891547821,0.7609561376744688,43.84667889835903,1.1509840965760607,3214.4430967764465,165.27970334046813,8.692325960359959,1168,Yahoo
autoreg,data/Yahoo/A4Benchmark-TS46.csv,value_0,365.0175492189172,468.6080460535387,847.9722154785126,72.08836592298249,0.6622638167710084,42.46839398906326,1.1222684603455995,2725.680414662038,172.32023494638145,8.908442336513438,1168,Yahoo
autoreg,data/Yahoo/A4Benchmark-TS47.csv,value_0,404.718180690288,555.0642207817922,72.15427955192682,51.767807412537195,0.7772401328958317,23.825773160782212,1.7453149852751613,3026.377570652962,290.1656238747134,10.776412593270642,1168,Yahoo
autoreg,data/Yahoo/A4Benchmark-TS48.csv,value_0,229.78306207030784,320.36171210507536,152.57680972409045,48.882162505032404,0.6538543190421249,28.577631038677488,1.5061502613802287,1739.8888351657965,126.6326481257514,9.461270727597597,1168,Yahoo
autoreg,data/Yahoo/A4Benchmark-TS49.csv,value_0,307.1364908483056,410.63572171712156,15.355000935988453,18.113352046205726,0.6421524852984755,13.994630901486987,7.689543654732604,960.42783671352,295.3294508566134,14.546646226051113,1168,Yahoo
autoreg,data/Yahoo/A4Benchmark-TS5.csv,value_0,350.83875101770747,465.0551787183775,34.54930629404456,44.91062674984108,0.37944876691891594,27.580684061120348,2.8393809959268235,1350.4931870818853,317.4536197606614,16.12732180786191,1168,Yahoo
autoreg,data/Yahoo/A4Benchmark-TS50.csv,value_0,339.71621812155144,443.015562992361,295.08012644252494,105.23281436666112,0.282382468668267,71.60752360053041,2.0237884663531314,3083.2843664827174,49.63773558601699,8.917229644619567,1168,Yahoo
autoreg,data/Yahoo/A4Benchmark-TS51.csv,value_0,202.29017362408948,257.4976192031804,310.5189720970497,79.89840481951285,0.730582454195648,47.660739670278595,1.3748969656857208,1066.1202567301411,114.80955822903363,9.982495972298437,1168,Yahoo
autoreg,data/Yahoo/A4Benchmark-TS52.csv,value_0,282.99616477396984,347.3677899076705,213.53973020367613,110.09527644996231,0.42274947439264565,76.33086646739471,1.6908159885388765,1338.457338447636,6.731036851614559,10.795571001779381,1168,Yahoo
autoreg,data/Yahoo/A4Benchmark-TS53.csv,value_0,373.9169416080057,495.06937920787755,183.89811235813042,77.67070834805394,0.5510139901534576,54.939206391240134,2.3241112737333243,1751.1300441426947,216.30901862313888,13.342287736314113,1168,Yahoo
autoreg,data/Yahoo/A4Benchmark-TS54.csv,value_0,368.8355835658949,461.5562968025155,17.163158231205887,19.607614794773585,0.5942735835456301,16.836447558420996,3.4923750062317875,1262.6376467886726,-344.1922718483541,14.03301120542833,1168,Yahoo
autoreg,data/Yahoo/A4Benchmark-TS55.csv,value_0,167.56337068313223,222.9957922809398,83.7520292490674,25.762832845040812,0.6523355157267912,20.061408271648244,1.1157103566280373,1345.7682675170036,9.073548134447165,8.577401406504984,1168,Yahoo
autoreg,data/Yahoo/A4Benchmark-TS56.csv,value_0,354.5019439578478,458.36307379065505,203.19392347306356,71.4601142939134,0.6497285430952684,50.33251951530174,1.779042842001224,1693.0156948884426,-112.84018812192659,8.651556884121904,1168,Yahoo
autoreg,data/Yahoo/A4Benchmark-TS57.csv,value_0,238.3171554159345,297.0112066486965,244.01376291028626,92.70084468496385,0.5497953349891972,58.18853569557838,1.3269175109935047,1290.5864317372402,-55.93569834094058,10.980305276859658,1168,Yahoo
autoreg,data/Yahoo/A4Benchmark-TS58.csv,value_0,293.7984188005424,404.3146585034367,8140.787407057312,47.59809677656764,0.42875225189071653,37.16554662785575,1.810614919707924,1607.828106372993,2.590627848378324,12.18989832871137,1168,Yahoo
autoreg,data/Yahoo/A4Benchmark-TS59.csv,value_0,431.4004273217308,586.064075982971,84.67698316683312,34.01153236351283,0.4778934824103426,29.260604504397197,3.7872328384886864,2083.266272195262,172.0659372467129,16.14866936900839,1168,Yahoo
autoreg,data/Yahoo/A4Benchmark-TS6.csv,value_0,154.90372339942175,198.16184961941613,250.57067945981234,83.10458623410273,0.695776655843211,53.41974509986618,1.0936911667228846,1341.73313335919,5.238055667385282,9.691975727397493,1168,Yahoo
autoreg,data/Yahoo/A4Benchmark-TS60.csv,value_0,223.42901654196248,305.6931673693756,345.825023162747,84.70317118659794,0.667391978205885,49.73258939282568,2.4208133383650403,1165.9812150917774,125.13839185738405,11.127287109157194,1168,Yahoo
autoreg,data/Yahoo/A4Benchmark-TS61.csv,value_0,215.89531512745583,270.78396511504275,169.93377241878898,77.763118967666,0.6753963059602945,54.18773977339316,0.8918541520057682,1475.1974518222855,1.3620831263155202,11.575341537470123,1168,Yahoo
autoreg,data/Yahoo/A4Benchmark-TS62.csv,value_0,384.19254791031153,533.7251871384931,559.1946092419931,58.098915044869905,0.7466427005706076,32.693127510920355,3.91367778669054,1816.334927397387,-355.0960694182253,10.353384059545894,1168,Yahoo
autoreg,data/Yahoo/A4Benchmark-TS63.csv,value_0,193.11089345987034,233.0849818781529,17.663117959850315,20.24599057231626,0.5476632974193651,17.62062947826588,5.921981221994629,531.0327973593098,-187.36177201852712,16.71560864493716,1168,Yahoo
autoreg,data/Yahoo/A4Benchmark-TS64.csv,value_0,95.53583002287887,125.99332770397764,9.946847921832317,9.615181876065398,0.2656802590043056,9.471448135837504,1.8868326170414098,436.6525550591555,-8.810056929889363,14.53036322400257,1168,Yahoo
autoreg,data/Yahoo/A4Benchmark-TS65.csv,value_0,230.85345433787245,321.11267206649893,162.53179771438246,74.72953607849672,0.7302112678429515,46.73355221498284,0.9215848039697401,2134.51693318258,-2.828516389101224,7.163292223528404,1168,Yahoo
autoreg,data/Yahoo/A4Benchmark-TS66.csv,value_0,191.5096497577721,252.67717786519822,196.9449115205787,132.0951639635159,0.1801004440999563,81.3468799416906,2.561838614435324,884.6283428263492,-89.51610725656107,16.02241122975247,1168,Yahoo
autoreg,data/Yahoo/A4Benchmark-TS67.csv,value_0,366.724215653027,517.6071008934522,31.47240091707258,24.265697808757285,0.6700580068759918,18.654605336137745,1.477227224072647,3283.902876632784,187.89835575486774,6.887628955454038,1168,Yahoo
autoreg,data/Yahoo/A4Benchmark-TS68.csv,value_0,303.05288034353777,374.4038102495157,57.726724158010455,38.175902718734065,0.5026914916844988,27.58880902153411,2.078667136949186,1219.5779170168823,-178.74705443834,12.841825867426573,1168,Yahoo
autoreg,data/Yahoo/A4Benchmark-TS69.csv,value_0,394.07613663870364,537.0206474614015,299.2460300650011,105.94211478953899,0.45951652132402976,71.30297469836235,1.499906989870253,2754.156543343689,2.3487126936943055,9.965655722676951,1168,Yahoo
autoreg,data/Yahoo/A4Benchmark-TS7.csv,value_0,163.07817111920602,248.35904022833543,24.913729404167224,15.734163935328157,0.5692721668892486,14.377882220170719,1.4165043160761757,2519.7301113349217,-69.37149640846026,5.26607977470576,1168,Yahoo
autoreg,data/Yahoo/A4Benchmark-TS70.csv,value_0,174.08959741284616,220.94498717808602,240.0724470504138,89.67941429350873,0.6524803484079802,57.37297755167017,1.0211357979708844,1358.3703520613856,-0.2828789749450922,9.446264472387526,1168,Yahoo
autoreg,data/Yahoo/A4Benchmark-TS71.csv,value_0,421.37003035218487,607.5055682465763,35.88778194075623,21.530333224352617,0.5900614801490205,17.74211176166022,1.3794459028606127,3210.5572382298114,-176.70395776471472,8.720391869441906,1168,Yahoo
autoreg,data/Yahoo/A4Benchmark-TS72.csv,value_0,310.36235693033944,381.6407921015283,201.99053751180546,75.92525642208307,0.7489088076694882,47.411317417482984,1.1431692971987943,2423.68437764751,7.611125512172686,7.261438354585039,1168,Yahoo
autoreg,data/Yahoo/A4Benchmark-TS73.csv,value_0,370.89676458108084,481.47449403968716,112.39793635217022,33.1044571841172,0.7034144862746277,22.412563668376933,1.011372278930821,2949.720317339358,-89.98149596927033,7.4537204424807255,1168,Yahoo
autoreg,data/Yahoo/A4Benchmark-TS74.csv,value_0,261.5983858032097,364.8340662454445,70.80163815035368,49.58838307392963,0.7454508026286442,27.553191488101845,2.1807100121524936,1753.7074389786237,224.6234356181589,9.380048697553853,1168,Yahoo
autoreg,data/Yahoo/A4Benchmark-TS75.csv,value_0,293.96444404679175,385.33913416738295,581.4626413310904,55.08757402943605,0.8177079773370762,29.731467703653152,1.3456143126769189,2057.6837619215657,-77.92823718873919,8.709333162789207,1168,Yahoo
autoreg,data/Yahoo/A4Benchmark-TS76.csv,value_0,377.99757902552716,511.5918721629142,281.31101010761415,58.34197131333744,0.7921501859705753,27.264784538955738,1.7451553167133427,2095.4338087911883,-190.0470156406154,9.16778721958589,1168,Yahoo
autoreg,data/Yahoo/A4Benchmark-TS77.csv,value_0,464.07690440229067,622.4695128074353,261.38756689660954,54.186717859618525,0.38077478376515816,42.24979096346034,1.611173684165967,3124.3556832292475,29.771534702905196,9.445169390410088,1168,Yahoo
autoreg,data/Yahoo/A4Benchmark-TS78.csv,value_0,277.0414715731219,454.3744126746821,134.20330440528068,63.43231845296901,0.4044630791839362,53.123820282349634,1.6952527518659732,2105.116559211963,-132.24869948882963,9.12078372607687,1168,Yahoo
autoreg,data/Yahoo/A4Benchmark-TS79.csv,value_0,188.47699290390992,252.90726044776,8.614186864355984,8.672844617419022,0.5118117590417957,8.183465790382966,2.3103038379576475,1259.8325762045713,3.6776283878656715,11.504299610665536,1168,Yahoo
autoreg,data/Yahoo/A4Benchmark-TS8.csv,value_0,258.3650591935951,380.759496315249,105.75389522121137,95.77447406914543,0.45723072820557153,52.723933451140056,1.4812115005328583,2758.953966552128,86.24668062406822,9.38832334212238,1168,Yahoo
autoreg,data/Yahoo/A4Benchmark-TS80.csv,value_0,295.9228867129023,420.34094200361204,213.73805915915716,96.47500783612102,0.49066499581743817,67.23552458632764,1.9333971564111607,2399.041426149686,-103.47673326614465,7.85219687174777,1168,Yahoo
autoreg,data/Yahoo/A4Benchmark-TS81.csv,value_0,349.05288426128004,456.7972595231066,750.6903728803468,51.401012642300635,0.47502943506542905,35.21258905426201,1.8929799422569593,1463.7571746758417,-40.22779102857771,13.346002890725913,1168,Yahoo
autoreg,data/Yahoo/A4Benchmark-TS82.csv,value_0,242.45731541552846,335.97805456522,283.832528276734,87.15275290898703,0.6921619157654382,50.46355133773315,1.1083359152591548,2056.7500036842416,19.536201443130043,7.831294815511179,1168,Yahoo
autoreg,data/Yahoo/A4Benchmark-TS83.csv,value_0,196.0394952544086,283.70805041989763,189.96231603192686,123.60169100061842,0.278554827336979,79.18362079381654,1.942870249617479,862.7292167600841,9.361661105643797,16.89494352793426,1168,Yahoo
autoreg,data/Yahoo/A4Benchmark-TS84.csv,value_0,405.2493384941226,549.9363829051543,23.15871151900947,29.749159273723603,0.3322451567759661,20.446248808526782,3.3917997405231626,1722.133739980018,341.87696020063873,14.597971977737773,1168,Yahoo
autoreg,data/Yahoo/A4Benchmark-TS85.csv,value_0,292.08399995811266,405.6401983937678,170.48732962679438,86.31599889969509,0.5871860040288819,59.320955042770315,1.0135986040899758,3407.2888504256366,-54.548713663578816,5.70574640853185,1168,Yahoo
autoreg,data/Yahoo/A4Benchmark-TS86.csv,value_0,343.3479460636031,456.15871095025693,528.5504016663751,42.6221278881214,0.6445253565097868,29.010072824901943,1.165320054240424,3024.9126716477713,130.83640744302636,6.807905000271179,1168,Yahoo
autoreg,data/Yahoo/A4Benchmark-TS87.csv,value_0,293.1908869511822,362.94372689764157,76.40103292484854,40.24345332630343,0.6745799997791523,26.417245157273467,1.6138049813909112,1565.964698566436,-60.21791566830818,10.65335390535002,1168,Yahoo
autoreg,data/Yahoo/A4Benchmark-TS88.csv,value_0,321.2909426468059,512.1538196696237,41.52030449683537,33.19680493072414,0.3418914592135779,19.170857694863436,1.5669896154780905,2451.4118591969714,216.1883986551144,13.367944597918783,1168,Yahoo
autoreg,data/Yahoo/A4Benchmark-TS89.csv,value_0,356.2327528964269,448.45830349901485,254.39274887137645,77.40358219445488,0.53923091094773,49.36225606919381,1.5623494348447977,2086.004667413092,-77.06308563850799,12.644226683656685,1168,Yahoo
autoreg,data/Yahoo/A4Benchmark-TS9.csv,value_0,346.97504310919817,475.8914561616784,205.93842491013854,103.15149064621565,0.37789074916802534,67.72535210065752,1.622506748783804,1785.8877627092543,133.08369713563602,13.862783403310255,1168,Yahoo
autoreg,data/Yahoo/A4Benchmark-TS90.csv,value_0,307.14062710200574,383.6640545721096,40.786676761161566,35.71239328420603,0.44134228170186096,27.984126017582504,2.234667821412234,1335.4123840050265,-173.98463573202324,14.538838845547136,1168,Yahoo
autoreg,data/Yahoo/A4Benchmark-TS91.csv,value_0,259.3695301603688,405.10438936497434,133.7988419554659,99.79502124159319,0.4943897656093632,57.04253240805824,3.7679978453845453,1319.4564983885527,229.34287461564665,17.417802629653448,1168,Yahoo
autoreg,data/Yahoo/A4Benchmark-TS92.csv,value_0,316.51921174739147,490.71370987009726,11.003361371405282,13.078931586382947,0.7737832961078118,9.619578710926607,4.034714873384872,1547.2856024522819,283.58669878014297,11.91989355355245,1168,Yahoo
autoreg,data/Yahoo/A4Benchmark-TS93.csv,value_0,534.6169724593941,702.873706139007,131.82487424925432,68.29084096484436,0.537647502608659,44.5028105299458,1.6273734601016416,2859.0669843418787,108.75976755968723,12.16970428813965,1168,Yahoo
autoreg,data/Yahoo/A4Benchmark-TS94.csv,value_0,278.1382397693578,366.82198637403457,225.80960683106386,84.76432589012238,0.5063787650906371,60.06344730493811,2.0959766532960615,1610.6523942853862,-32.298584301114204,11.018820554205732,1168,Yahoo
autoreg,data/Yahoo/A4Benchmark-TS95.csv,value_0,419.76167626378316,569.3668387917361,23.07219163776946,21.20154253033963,0.4749852923073168,20.211237386634355,2.0499340723201547,2159.816600374339,-208.87240794594487,13.139341264005806,1168,Yahoo
autoreg,data/Yahoo/A4Benchmark-TS96.csv,value_0,398.546378313826,578.3691313824618,16.3487772833339,17.51454920287232,0.35976771721162937,15.769051783789417,1.942737306537181,3222.2014149815936,-177.59900874553577,12.27247054740582,1168,Yahoo
autoreg,data/Yahoo/A4Benchmark-TS97.csv,value_0,336.7846276730598,485.67457167679737,98.60599736298965,61.650267087741625,0.690448594536353,33.89443258240832,3.4050883924502693,1387.5259997771982,298.51627329778097,12.02326809437909,1168,Yahoo
autoreg,data/Yahoo/A4Benchmark-TS98.csv,value_0,513.7575570410053,633.8562205773478,16.269205762738544,18.630222041724938,0.5397222860754822,15.987293418626368,4.566254412486693,1634.720800789336,-494.2294349650474,16.7041391668411,1168,Yahoo
autoreg,data/Yahoo/A4Benchmark-TS99.csv,value_0,251.3765964174776,349.3756350291987,119.81196951820851,80.8791495750629,0.36658735827017086,53.988428238570485,1.595699692163327,1944.3128583319528,-90.93540804576996,9.934762913163702,1168,Yahoo
autoreg,data/Yahoo/real_1.csv,value_0,0.05078132006192137,0.07236527400989197,93870115.07143028,70.39395347619516,0.0012874796556411328,60.64155208937044,0.907292817143199,0.7162367819408713,-0.01059021805752451,9.193600531158786,908,Yahoo
autoreg,data/Yahoo/real_10.csv,value_0,0.4384931731426763,0.7214876561393343,4.487332753841596,4.592049128973799,-0.05592628892213036,4.704092479544481,1.4958980838600717,5.202136356821633,-0.08715886527894313,10.881318145736424,927,Yahoo
autoreg,data/Yahoo/real_11.csv,value_0,2928.30688868595,20083.08671343839,16.72946947347718,19.573182275597897,0.018588595122218665,38.53720770204369,2.8447761505294746,292775.6670588471,-2717.6857583117926,6.728791219552843,927,Yahoo
autoreg,data/Yahoo/real_12.csv,value_0,13.478488439474637,35.66024521205449,75.29176224514283,43.053131306593,-0.0012797665455224205,43.50321640400052,0.8728638572594946,961.4032402458882,1.588698019395278,3.6093365599245435,927,Yahoo
autoreg,data/Yahoo/real_13.csv,value_0,1704.6761434641214,2293.224046751757,19.47304024368944,17.857225127953562,0.5113801439654002,17.258704657893638,2.2172795739530122,16343.358223577821,404.932073364202,9.989214822284085,927,Yahoo
autoreg,data/Yahoo/real_14.csv,value_0,477.92164149446785,692.6098462992134,114.79787770070466,56.39362258708477,0.017844146352617107,52.945465695639285,1.6576289699412214,4134.0369616878,-149.00931648089946,13.88273895167796,927,Yahoo
autoreg,data/Yahoo/real_15.csv,value_0,1738.1077249294756,2331.732168727119,19.34300609005071,17.729484403695892,0.5174788323171686,17.112405105150323,2.208086849723688,16454.68211146429,428.0797010432095,10.036725932881883,927,Yahoo
autoreg,data/Yahoo/real_16.csv,value_0,0.23974217318730826,1.491933719731169,13.200643232771625,12.595696543574563,0.003458841153838099,15.222112848235724,1.0904226443519895,44.10371723793474,-0.038614468798870635,3.3377630370271563,949,Yahoo
autoreg,data/Yahoo/real_17.csv,value_0,1929.712270097807,3063.61648675681,235.52095182488037,84.5804031544074,-0.09177873528449654,86.74689530712406,4.651348540167172,11355.381649478928,-472.75996531607643,21.36264198282414,912,Yahoo
autoreg,data/Yahoo/real_18.csv,value_0,0.041962218059765244,0.05282846204598565,14.568145169593919,13.805527395784553,0.7154104253195379,13.18229708403473,1.1499470654383575,0.23222297411260717,-0.0011458329851719129,11.374549244351087,949,Yahoo
autoreg,data/Yahoo/real_19.csv,value_0,59.262508204138065,91.93302540788565,29134100725.78627,118.74817900934103,-0.16463281752324344,104.0053255632027,3.284349980166065,419.95190257823936,-17.564941895258393,20.33916491324904,912,Yahoo
autoreg,data/Yahoo/real_2.csv,value_0,2619.3338122970504,9636.22338749308,25.701889423374,22.044348174165343,-0.021545645626822818,25.98111140048212,2.747975258836243,161916.90844524134,-159.29702187065192,5.78978182923849,927,Yahoo
autoreg,data/Yahoo/real_20.csv,value_0,0.15917775057073047,0.29828956094471637,146.3252295558329,71.54978192788543,-2.128504148260362,112.59366732947123,7.412529470737398,3.7236462319685746,0.07908501665920663,7.808627249861684,910,Yahoo
autoreg,data/Yahoo/real_21.csv,value_0,119.47687677493374,257.2992979782105,93.60458821419189,51.86029841474332,-0.9541360431170254,65.22196817908751,1.6323059473830346,3158.0428578578317,-9.192995085332528,7.710497392214879,908,Yahoo
autoreg,data/Yahoo/real_22.csv,value_0,3802.697412147153,14897.931292196194,55.99882400428085,43.78945535200074,-0.02571050686433729,79.36630263142189,3.6585885536385625,110200.611328125,-3083.066175309461,13.218870376919837,908,Yahoo
autoreg,data/Yahoo/real_23.csv,value_0,0.0624091460284624,0.09109572862587502,9.09005673596349,8.088199464174298,-0.014145056749315765,7.693819165206811,1.0632466121185464,0.6085568356467073,0.0024296760382933897,12.20365736812479,908,Yahoo
autoreg,data/Yahoo/real_24.csv,value_0,1.2127124320850906,2.191543234913146,3.6714947475952933,3.4209527331139147,-0.011272167458473037,3.297835462692411,1.3572728163204715,15.96605623736735,0.3964964701381538,8.343121808726533,949,Yahoo
autoreg,data/Yahoo/real_25.csv,value_0,17.41471790991553,69.36625620411876,10165210817.606634,116.10709726169226,-0.05254530886696984,101.14387509974854,3.977302430751082,443.25401445149095,-13.915467881194145,15.587922742498597,923,Yahoo
autoreg,data/Yahoo/real_26.csv,value_0,113.38121562793727,154.1909697448124,9434836366.113602,60.63717504162275,0.14100582533019101,55.54628218477736,1.4219691061667958,764.3853887759792,21.772405654056094,15.251332318972544,923,Yahoo
autoreg,data/Yahoo/real_27.csv,value_0,117.5068168024996,157.16205329766794,36.32686530949682,23.190384687881583,0.67936776063617,19.076594236907244,1.3063300398643165,1642.7842628772523,-2.2341754590168574,6.926489788350283,915,Yahoo
autoreg,data/Yahoo/real_28.csv,value_0,4122.4735946951805,5132.6206403762435,1160.3511226413823,40.58898468560565,0.6694087697245958,29.70343295784484,3.68256217735177,14257.752872945275,1557.6275172002875,13.934842777879194,929,Yahoo
autoreg,data/Yahoo/real_29.csv,value_0,12803.265784273128,17284.841029816635,24.829449896050534,10.362205613700112,0.3779003092564722,9.968360517608831,2.210623753939844,127767.98766302963,-59.40776846308634,9.142129302587765,929,Yahoo
autoreg,data/Yahoo/real_3.csv,value_0,0.31495345689631177,1.2601103727861596,7.335702454800845,7.933685503721205,0.11840355770439992,10.405815363743837,1.7687358508223991,15.601414441799593,-0.12839740629532942,7.416291757177026,949,Yahoo
autoreg,data/Yahoo/real_30.csv,value_0,0.11996559365042239,0.29999800590563586,6.243150627703835,6.470533595278403,0.5113890052546016,6.943345080010645,1.1511742569587733,3.7987241815951047,-0.014268728850529698,6.5625133454474485,949,Yahoo
autoreg,data/Yahoo/real_31.csv,value_0,190.12518589691962,523.6285381823508,977561918.7894619,61.549460618724595,0.4568997548798698,46.01615789818872,4.854440872413457,2604.606352127891,-77.76801248713238,20.02403587695414,915,Yahoo
autoreg,data/Yahoo/real_32.csv,value_0,0.09211655390926383,0.251843569052645,543383.9397989103,38.76322667533192,0.5178015649426724,39.48510177380234,7.470243715208794,0.9606529003136322,-0.04043849696840747,25.184356905264497,915,Yahoo
autoreg,data/Yahoo/real_33.csv,value_0,13.478488439474637,35.66024521205449,75.29176224514283,43.053131306593,-0.0012797665455224205,43.50321640400052,0.8728638572594946,961.4032402458882,1.588698019395278,3.6093365599245435,927,Yahoo
autoreg,data/Yahoo/real_34.csv,value_0,3576.154901445569,5095.8128943541415,34.6309268492033,17.215975296274397,0.6648685378745289,15.726472122087817,1.5665600343933532,38518.98421965027,-172.22700014031744,8.899895024807694,915,Yahoo
autoreg,data/Yahoo/real_35.csv,value_0,26.7676766801462,33.18588178174021,733296336.2387004,44.08269566961395,0.0016377242889310528,42.12518345143575,1.3642812962501325,131.24376858649845,2.502566202321812,16.592940890870103,915,Yahoo
autoreg,data/Yahoo/real_36.csv,value_0,0.20730088080445372,0.27851076550508475,3.678860022006398,3.6378742261219523,0.368986893701191,3.640647679225004,2.0811436110718846,2.526904498424332,0.011545051277848831,8.40153138778536,949,Yahoo
autoreg,data/Yahoo/real_37.csv,value_0,78.89379180750927,108.75501327267605,1243187689.2565637,130.04768145578063,0.10899575720194121,112.58330915728764,3.362698179133471,580.121423340611,-4.741493998441917,16.403471081851592,922,Yahoo
autoreg,data/Yahoo/real_38.csv,value_0,63680.47181684109,78859.4488155709,65.04989140635737,15.011136872687612,0.7397283249535107,14.009985674492228,1.7481027387123858,336040.8696165234,7258.580576945415,8.870848587704113,915,Yahoo
autoreg,data/Yahoo/real_39.csv,value_0,10269.269786250274,14369.495666861523,55.70561692168512,33.98066057871405,0.3593925759914236,31.93000020836911,2.3953440604378815,147313.44142011018,1141.1380360224448,7.529366959151108,915,Yahoo
autoreg,data/Yahoo/real_4.csv,value_0,79.79147147458791,590.144193283609,59.924761146875426,44.00753052174367,-0.001236636800804769,66.2245296806297,0.8669154702517401,12583.407912540657,-51.062768495347406,4.658542731951444,911,Yahoo
autoreg,data/Yahoo/real_40.csv,value_0,148.05202747828707,183.6256924819537,17672783343.57246,64.75246467662122,-0.044905422700966424,56.20456097791635,2.3032723377500703,615.9346969760674,21.756713910316204,21.130689583654053,915,Yahoo
autoreg,data/Yahoo/real_41.csv,value_0,48.78255126406595,104.81110699447328,1149162934.0160954,61.87842209636083,0.05934079130120662,62.31150680422485,1.0569762946318428,1838.0961242425121,2.2391644866958416,5.363925639430567,923,Yahoo
autoreg,data/Yahoo/real_42.csv,value_0,48.79517357621695,182.3603164650342,4865330357.345695,90.73387958105822,-0.03113063102648339,88.73240531182265,3.2005325058482357,1505.037109375,-46.21763210162715,11.942391386053322,928,Yahoo
autoreg,data/Yahoo/real_43.csv,value_0,0.09699148803695182,0.16155772267556506,5.8908644373745656,5.854952332181954,0.371500117891407,5.887852490326085,5.078036754471076,1.394251907831639,-0.02391332582150149,9.54456621861034,928,Yahoo
autoreg,data/Yahoo/real_44.csv,value_0,1379.455388790069,1762.626843147994,3.7892958407327004,3.8345396399523906,0.5908144061286984,3.8415533884167394,2.152918961205964,10805.043734451494,-412.0259564590541,11.335023969319678,949,Yahoo
autoreg,data/Yahoo/real_45.csv,value_0,26.904645182724867,42.89861743097197,3746652236.255373,80.7971459563628,-0.056028574929438246,83.75548718406131,0.7604306995666184,767.2828123394083,0.8254183600494381,5.362327178871496,928,Yahoo
autoreg,data/Yahoo/real_46.csv,value_0,241.0479116485925,315.83949069559327,151.59775375801553,53.78729728950889,0.5074917181922641,33.61703777808606,2.5188606980293655,1223.9866179431933,4.30555877661321,17.478665782821984,929,Yahoo
autoreg,data/Yahoo/real_47.csv,value_0,2123.026225519038,2759.5873505641716,52.31301710995929,27.927912681623564,0.6862768862471365,20.8280777642935,1.2435519795004637,13976.571042578216,585.5180777092579,12.652273396745548,915,Yahoo
autoreg,data/Yahoo/real_48.csv,value_0,481.5472319963715,765.913236711602,165.99276838778562,56.650676852113335,-3.521421768876934,82.07436872541074,4.0132547640054,2344.5516703515996,246.04171184009678,26.447280273190678,927,Yahoo
autoreg,data/Yahoo/real_49.csv,value_0,0.041962218059765244,0.05282846204598565,14.568145169593919,13.805527395784553,0.7154104253195379,13.18229708403473,1.1499470654383575,0.23222297411260717,-0.0011458329851719129,11.374549244351087,949,Yahoo
autoreg,data/Yahoo/real_5.csv,value_0,953.6875262265132,2877.27769063227,36.67844720607744,31.635292992111008,-0.00010949833087559036,34.556367547042385,1.4941631138271687,80373.73591369405,79.58654240992868,3.475602694488458,927,Yahoo
autoreg,data/Yahoo/real_50.csv,value_0,1231.1559906549262,1809.5555199987891,13.259062825478424,13.303230069041438,0.2554404457925179,13.198920330309278,1.448768534325986,14184.508576624636,-420.6830587165806,9.750811078773516,927,Yahoo
autoreg,data/Yahoo/real_51.csv,value_0,228.62512776505645,295.1322277930139,35.24484626152279,19.426930915486828,0.8161777375116778,14.974673214998344,1.139180882269066,1913.7470869386625,20.837017834771732,10.359151554686342,915,Yahoo
autoreg,data/Yahoo/real_52.csv,value_0,533415.9728019016,725016.8187148486,21.69275926191666,9.58616946072746,0.5478367745204074,9.131093485854148,1.7891654461979467,5689731.810794113,-107267.30144789643,9.304003756354309,920,Yahoo
autoreg,data/Yahoo/real_53.csv,value_0,1.2127124320850906,2.191543234913146,3.6714947475952933,3.4209527331139147,-0.011272167458473037,3.297835462692411,1.3572728163204715,15.96605623736735,0.3964964701381538,8.343121808726533,949,Yahoo
autoreg,data/Yahoo/real_54.csv,value_0,1.1775807960759876,1.5062899766733278,18.342707093639255,15.197377964251347,0.883663666674638,11.190315757320283,0.9256452479442617,4.258518057204784,0.38560348702853947,9.840638279006455,229,Yahoo
autoreg,data/Yahoo/real_55.csv,value_0,267.9860165620586,354.09671738952557,55.95042053929953,24.902043933654923,0.4340985366184045,20.965783269957615,2.4019771621954766,1637.0676545034519,92.27177798401198,14.747884939172243,915,Yahoo
autoreg,data/Yahoo/real_56.csv,value_0,9804.481222758792,13834.638575449679,42.20589004278613,22.576843323923075,0.1995437283821646,19.362614545817074,2.166837297580901,67875.4957102062,1240.8579587592963,17.532396273491845,915,Yahoo
autoreg,data/Yahoo/real_57.csv,value_0,3294.203281555346,5735.949458426898,99.848476894813,55.37474298848479,0.46720278988577346,40.947782745990466,1.8066483532445645,30127.8828125,-1648.6934270367024,17.095191066154733,929,Yahoo
autoreg,data/Yahoo/real_58.csv,value_0,32.57205136161774,133.072166118041,21657598841.65672,138.11094998174292,-0.04968031016372487,101.6912576335177,5.729002547770231,780.4794756084564,-27.38332247691197,17.016901038112657,923,Yahoo
autoreg,data/Yahoo/real_59.csv,value_0,0.16301590882083497,0.24336811843107653,585130641.6518844,33.19123239789511,-0.03560991557677551,25.46697970381561,0.7991375084399303,0.7032046219415165,0.014511490290707602,24.336811843107654,911,Yahoo
autoreg,data/Yahoo/real_6.csv,value_0,22.26965719911338,32.73550687713031,24.18253007244455,22.11981952112274,0.1652308637697414,22.257891970348037,1.6334021834755634,336.08315072888144,2.257930988012114,8.458787306752019,927,Yahoo
autoreg,data/Yahoo/real_60.csv,value_0,0.18389717701280484,0.4595144122322788,15.92841490331047,16.145560086360998,-0.04616110935940054,18.162710402895154,1.720628166757507,9.61417061455371,-0.025787517168389635,4.697310628492395,949,Yahoo
autoreg,data/Yahoo/real_61.csv,value_0,101.84429074222828,134.46223102645368,2724320918.3355117,73.7568009104061,-0.2066743911994584,59.375295641947226,1.667163552809805,702.187471906199,-35.68224385257634,15.245150910028762,929,Yahoo
autoreg,data/Yahoo/real_62.csv,value_0,0.15630356969187467,0.4191608625022277,52.45650365175454,45.486357885547484,-0.03186060549065206,58.36313348450549,1.411109198308944,3.4172065123862927,-0.04536485829229645,11.840730261120564,229,Yahoo
autoreg,data/Yahoo/real_63.csv,value_0,1.6207890397574949,2.0753094520221427,11.616346685868306,11.530702425783458,-0.013354324075761426,11.484014408605834,0.9972637150841406,9.60107394255261,-0.24059758373904186,14.05331002790052,927,Yahoo
autoreg,data/Yahoo/real_64.csv,value_0,5.2669177277045485,6.828007311851797,1232715408.619034,43.413581263898166,-0.005550478400994763,41.03804888901724,0.776564927122628,34.88505551201828,0.2610917491445003,14.527675131599569,929,Yahoo
autoreg,data/Yahoo/real_65.csv,value_0,549.4499916281549,1223.716416032708,31.083537932428108,26.6060091985427,0.6496999652411974,24.85261929716494,1.547081517114362,17552.867574840875,-392.64983452631975,5.25267809603257,912,Yahoo
autoreg,data/Yahoo/real_66.csv,value_0,54.66154052182271,240.22113255901272,28122710000.08159,136.0780515983031,0.0035808752317045833,102.86471113200237,1.3756364378955355,2297.915602218433,-42.77715212379384,10.417221706808878,912,Yahoo
autoreg,data/Yahoo/real_67.csv,value_0,214.9145993273048,1230.9212308538065,3070286301.4603257,63.801030634012164,-0.02117492432507162,85.29508888920702,1.4659162554462262,12421.955478180213,-179.65022013729404,9.858411267449995,911,Yahoo
autoreg,data/Yahoo/real_7.csv,value_0,80.13552637770213,231.50449749724083,1805677502.270177,100.17039638373149,-0.03171259006441085,102.65406452849801,5.595712784201115,1480.3046875,-76.1641439972223,15.08172622131862,911,Yahoo
autoreg,data/Yahoo/real_8.csv,value_0,131.54950900156015,540.6309145704099,199.4466281196829,74.08001219530355,-0.007551838493584873,91.04257972501057,1.7029244938901742,5623.066786694773,-52.43038241409584,9.425225149414398,908,Yahoo
autoreg,data/Yahoo/real_9.csv,value_0,0.012165733409069988,0.03890166005264015,74.54632799927366,42.08069656309634,0.02093225462298076,40.42502817559063,1.4222815600494558,1.0518325936507174,0.0007280904428488918,3.6290742728557044,949,Yahoo
autoreg,data/Yahoo/synthetic_1.csv,value_0,441.8134362256865,602.5676549371967,237.051011744455,72.82447226793325,0.6334561739226523,49.24236026122474,12.87735713795838,1967.1543132113216,56.2589428689245,21.232485621996176,909,Yahoo
autoreg,data/Yahoo/synthetic_10.csv,value_0,238.12040559469105,326.2776921981806,193.90261456439674,41.631407979877785,0.8926000555579912,26.73872438812137,1.9105158065606538,1313.7147636204272,-14.839348177841494,8.198534457464081,909,Yahoo
autoreg,data/Yahoo/synthetic_100.csv,value_0,1803.3430905162047,2818.6260879349643,7.9412519529984475,8.194167473504036,0.8214526211501589,7.69629923159315,3.125171966240021,25848.913824317013,-443.69088598713563,7.760127115950757,909,Yahoo
autoreg,data/Yahoo/synthetic_11.csv,value_0,997.0108487064972,1287.1671308321716,265.26636491493224,59.701530402067725,-0.09275969233811932,45.587523260578365,5.85051543726333,6875.379062516609,-425.8175560285311,18.12198814663835,909,Yahoo
autoreg,data/Yahoo/synthetic_12.csv,value_0,149.29639073632737,192.01199537541285,42.234915698107294,29.54598468517385,0.9624008417819976,16.84599850028386,1.0067585886409038,897.8771794866066,-24.63159406231613,5.6971755470143375,909,Yahoo
autoreg,data/Yahoo/synthetic_13.csv,value_0,749.1872410704325,1019.9894810186099,63.15140603722895,54.16984788476816,0.25420169500177203,39.15755282951488,4.1482339341454715,6626.434855909354,-537.3498201231049,12.026517881778629,909,Yahoo
autoreg,data/Yahoo/synthetic_14.csv,value_0,790.5007061943918,1194.3363932476034,12.102100807607453,12.856226845772332,0.7261637851740543,12.117965802542292,3.7343245750784955,8821.430231029684,-327.1260230585952,10.765417417276122,909,Yahoo
autoreg,data/Yahoo/synthetic_15.csv,value_0,371.69051334851343,467.0322941461731,146.97352177127925,63.38255812582606,0.78822062318393,40.72536023238865,2.0464091327178426,1640.376036498641,78.5850746802296,12.667446374736405,909,Yahoo
autoreg,data/Yahoo/synthetic_16.csv,value_0,967.6677793177774,1337.2021506992364,23.917929695522563,27.97181498255965,0.32611764396843546,22.536970773618094,4.650240970475883,5618.187794685234,-495.53242083493524,17.14689767762354,909,Yahoo
autoreg,data/Yahoo/synthetic_17.csv,value_0,646.3797552677414,838.2040865257061,138.05887286647024,100.107776040098,0.33841128038863766,69.20200060753365,3.0149573240884133,3155.3825323400356,33.05508683734787,14.80476839266784,909,Yahoo
autoreg,data/Yahoo/synthetic_18.csv,value_0,1185.2670361535152,1426.695235059338,40.194224332546355,56.68488394957909,-0.017302536210185293,33.74828983448762,5.3252999215450965,5096.365709760652,-1086.4312137733668,22.451858336762736,909,Yahoo
autoreg,data/Yahoo/synthetic_19.csv,value_0,455.01299042501336,618.6019379166925,154.54045313124067,76.72098714361654,0.6289954728484466,48.472492814426445,1.9426784197843618,3258.707292171095,-134.79204162889948,15.105349900995204,909,Yahoo
autoreg,data/Yahoo/synthetic_2.csv,value_0,480.0496836593092,698.2870842293892,121.97501154135195,79.6927613657842,0.5424748743107356,47.12471467776187,10.412434130046233,3122.196450718339,-107.9421027043523,16.087671240416906,909,Yahoo
autoreg,data/Yahoo/synthetic_20.csv,value_0,994.5920022514475,1266.259487322878,42.404153757194095,44.514567380445826,0.024588325028028768,36.63690169410952,3.8783232411254422,5405.596386789251,-708.3141491308012,18.4051046913779,909,Yahoo
autoreg,data/Yahoo/synthetic_21.csv,value_0,1046.4123387827044,1605.122944388751,11.423771331577646,12.649555201196975,0.7375123321326751,10.686362384086259,3.5295095440899704,23521.996561930224,-651.3686411168426,5.941532308757892,909,Yahoo
autoreg,data/Yahoo/synthetic_22.csv,value_0,565.6699812636551,700.2406427631921,652.1324072274049,94.2950202903161,0.5147864135973959,58.05113830598921,2.1791560933953025,1826.0267588099318,9.262706812669604,17.21261210757796,909,Yahoo
autoreg,data/Yahoo/synthetic_23.csv,value_0,1163.826593178912,2007.949249197656,18.763099750606404,21.757057565359688,0.27538113558267174,19.237762710115945,3.247774388781987,14509.896516679324,-761.9641006188202,10.93747415126088,909,Yahoo
autoreg,data/Yahoo/synthetic_24.csv,value_0,378.50895185354864,467.29734017746557,143.31365282450145,66.58430636279449,0.7849744793327821,41.58027863502366,1.3264515189885118,1475.124735495667,-98.20126172208384,10.631286466243555,909,Yahoo
autoreg,data/Yahoo/synthetic_25.csv,value_0,1266.6899890230459,1680.7161185171583,30.730713197163585,36.29551854120885,-0.013087162995941481,29.092840495528353,3.783392203066605,11939.065524409381,-748.0812770981255,13.331320741496405,909,Yahoo
autoreg,data/Yahoo/synthetic_26.csv,value_0,599.1775698842893,763.2492955492075,238.42171643325133,83.07647761334586,0.47402008487376135,54.339332185231534,1.9232653501601416,2530.704927493427,-252.12729094375786,15.339781391873174,909,Yahoo
autoreg,data/Yahoo/synthetic_27.csv,value_0,1363.5614851088053,1681.8117579884422,37.46707378122528,47.149680011941726,-0.24583231409687278,35.313468237234005,4.027640642282998,9811.394243802148,-1129.6073678579007,13.628449063997325,909,Yahoo
autoreg,data/Yahoo/synthetic_28.csv,value_0,818.9504247036933,1398.0962405701619,6.641705533674222,6.863007449952424,0.8648259152014153,6.600307487246451,2.1344542707734835,16000.839273972131,-243.49749719618382,7.112230921345493,909,Yahoo
autoreg,data/Yahoo/synthetic_29.csv,value_0,816.5071695335666,1008.3727437946885,583.78636004493,86.01230755622264,0.08110087663754251,64.83274724916586,2.285654533031515,3440.1808115625013,66.01803608719904,20.898413412422475,909,Yahoo
autoreg,data/Yahoo/synthetic_3.csv,value_0,106.28228761288358,221.78135551573615,37.946675623939925,19.843902684304894,0.9496525952075389,11.952763795711299,2.0082675450676097,1924.2394867604698,35.54067325043301,7.564521415430442,909,Yahoo
autoreg,data/Yahoo/synthetic_30.csv,value_0,1299.9783654371915,1789.8425365527,17.748947314799736,20.73815090592021,0.4936246628502874,16.1634652876365,3.5033920318175924,9337.37577081799,-515.9929964995971,13.915630463235187,909,Yahoo
autoreg,data/Yahoo/synthetic_31.csv,value_0,777.9253921142092,972.2357211331816,265.91009071063365,76.44302895213903,0.22357430580231707,56.92593288317717,2.0790352437603996,5611.0887675834965,-167.53007265939553,12.687105937908182,909,Yahoo
autoreg,data/Yahoo/synthetic_32.csv,value_0,1383.7228329320785,1760.3914594273094,27.675572521952247,32.41944993446028,0.04865233814189396,26.294426358187945,3.3887041316341886,7576.352990246202,-806.2044747987687,20.473734108830097,909,Yahoo
autoreg,data/Yahoo/synthetic_33.csv,value_0,490.6690276469746,622.3531220274767,176.749216352314,80.23599336275763,0.6514564975714264,47.87051714222457,1.2490395204716804,2881.2743991410657,-201.17341947727147,12.619555636677385,909,Yahoo
autoreg,data/Yahoo/synthetic_34.csv,value_0,1273.3765017224216,1564.2485453044412,33.58738495208839,40.74075169070478,-0.054481204929168525,32.60445443629429,3.0889040122533227,7564.287630117611,-1058.2757811634726,18.134613581753907,909,Yahoo
autoreg,data/Yahoo/synthetic_35.csv,value_0,3022.247160634365,5083.796782019384,18.681482400814655,21.980854896755556,0.12654378896783747,19.562952643770448,4.755728847310785,41268.099151499184,-2626.0073642839848,12.066544911898914,909,Yahoo
autoreg,data/Yahoo/synthetic_36.csv,value_0,701.1750308145952,853.2241917086528,287.2784001069457,93.4666999737495,0.37630055670469675,63.19384666554233,1.6551208054112043,2151.825469255951,-36.15831615572889,16.281419992792596,909,Yahoo
autoreg,data/Yahoo/synthetic_37.csv,value_0,1323.983780497677,2136.869477170182,15.27205761716578,16.778357753872132,0.4804585073348143,14.914922208483054,2.573369478885018,20235.948398076194,-658.0194479828775,8.672607596882665,909,Yahoo
autoreg,data/Yahoo/synthetic_38.csv,value_0,883.8449584794107,1091.9336134524708,115.40953536081125,57.86836076921522,0.13072892223225174,45.271252557476785,1.9554245660489913,4573.2061425509355,-260.10433670723586,16.960447792769084,909,Yahoo
autoreg,data/Yahoo/synthetic_39.csv,value_0,1655.8230626652223,2210.9106667331143,26.525526471082273,31.357012699355813,0.05482947865627863,23.573572493041066,3.371899397168094,18160.53241921596,-847.712013530933,11.049340444657226,909,Yahoo
autoreg,data/Yahoo/synthetic_4.csv,value_0,349.56420217973607,460.7884823631177,76.47550904115081,53.323657078659956,0.7947157533194534,32.1483722229013,5.183672728114803,2124.2593821161017,-268.5164078004801,13.170340452807022,909,Yahoo
autoreg,data/Yahoo/synthetic_40.csv,value_0,865.1508764165667,1086.7400499190496,97.93859284085597,57.82227810036594,0.18330190011158964,40.583820627574504,1.83403455392213,4077.005257794046,-573.9282291729323,19.21041477716653,909,Yahoo
autoreg,data/Yahoo/synthetic_41.csv,value_0,1366.653057209821,1975.7508053596953,32.77445549200264,36.440159975132524,-0.12810682312408606,31.106015892678414,2.5334519479726954,13522.927033777249,-783.8310899330447,13.589866796482278,909,Yahoo
autoreg,data/Yahoo/synthetic_42.csv,value_0,3998.838127348002,5099.146649941469,21.852306200264906,26.790483782999992,0.14649313938610586,21.104863960092263,7.435824584190574,21799.722126010332,-3653.498992907998,17.17277405902396,909,Yahoo
autoreg,data/Yahoo/synthetic_43.csv,value_0,912.7902587143258,1148.170732985988,88.10304547931936,42.23347966062349,0.12225598163711249,36.74397397250767,1.754981159586199,5980.48046395307,-9.770269048303323,14.831831993014804,909,Yahoo
autoreg,data/Yahoo/synthetic_44.csv,value_0,1432.3176920060648,2089.3637058893837,14.56954710363184,15.726109811811428,0.5623484029735049,14.121583393124887,2.471649639410397,11754.755581598536,-596.9315149592192,12.515291291405713,909,Yahoo
autoreg,data/Yahoo/synthetic_45.csv,value_0,756.9189686836575,933.0273007295342,917.5555768073457,78.20931928325918,0.30409560573829386,53.284678748442005,1.4148276999643188,3441.475798821912,-250.84583098219474,14.79765366774131,909,Yahoo
autoreg,data/Yahoo/synthetic_46.csv,value_0,1441.78487093448,1834.9485482576001,22.80486465185872,26.200423399815442,0.26855245820524076,21.765315441978206,2.571859986166474,8759.851642471822,-828.0959207054129,17.245381338956236,909,Yahoo
autoreg,data/Yahoo/synthetic_47.csv,value_0,1130.6706361584468,1563.4528479277374,50.6217623790548,45.23484713091228,-0.07040082855634733,37.7033345357424,1.9232026202174033,8904.097545386418,-561.6268065037531,13.75887360172674,909,Yahoo
autoreg,data/Yahoo/synthetic_48.csv,value_0,1827.329456688671,2219.7577870202017,31.787274000294858,40.6982241793361,-0.1942635006744151,29.72298553349166,3.173428743555497,9008.321690226205,-1614.0389982752256,19.949605574043076,909,Yahoo
autoreg,data/Yahoo/synthetic_49.csv,value_0,2890.2421807583814,4893.377813765584,14.392200511790405,16.465845517127686,0.42905332353843006,14.1631743802755,3.7660153416017286,54808.82296123679,-1912.0565430050217,8.738321060298999,909,Yahoo
autoreg,data/Yahoo/synthetic_5.csv,value_0,375.788274616468,608.887788912509,51.797888663526294,60.56612452202464,0.6362141555485785,41.74246344870392,4.38636470786341,2242.211277751398,25.84242550375468,12.284466518005852,909,Yahoo
autoreg,data/Yahoo/synthetic_50.csv,value_0,995.0318141905373,1234.2589030530496,40.04284059529586,32.33042119999313,0.14972410239333434,29.535392908281143,1.6650340561021952,3725.305120139252,-54.1372848010862,17.586518790978626,909,Yahoo
autoreg,data/Yahoo/synthetic_51.csv,value_0,1752.023576808142,2431.99211667023,14.437339770495692,16.12869544252134,0.6088424280913758,13.528930929485167,2.6543009793940375,28255.25419192601,-952.6227673041274,6.816775306970797,909,Yahoo
autoreg,data/Yahoo/synthetic_52.csv,value_0,1066.1930175374243,1338.1090526708936,44.50521885076284,34.54792142004855,0.1673277734390548,29.511620834293183,1.736321272051252,7052.927723743656,-419.73685972368264,15.376739314044126,909,Yahoo
autoreg,data/Yahoo/synthetic_53.csv,value_0,1713.2861933316108,2577.829299264775,23.193913788910223,26.90973589627862,0.04969192491344088,23.616406750655692,2.38892771113584,17787.89353472544,-1242.9789481846349,12.872522639079259,909,Yahoo
autoreg,data/Yahoo/synthetic_54.csv,value_0,831.8341509095117,1041.4070917988438,74.74470653323067,62.197884592009444,0.28859647978299363,42.55204812449212,1.3098131849817192,3242.126560339701,-535.3572539858067,16.453780109146265,909,Yahoo
autoreg,data/Yahoo/synthetic_55.csv,value_0,1399.5249258308008,1882.1948577496198,31.337175720078914,35.67081204054847,-0.013729038081918388,29.461212766452554,2.0590289142221834,14753.65776520491,-896.1580358947181,11.837797437103076,909,Yahoo
autoreg,data/Yahoo/synthetic_56.csv,value_0,2801.600597323275,4661.254542533401,12.852850278145498,14.98554012334585,0.5219472265867342,12.280827507217893,3.45236508022473,34770.06111290748,-1899.5641540550846,13.02608435488734,909,Yahoo
autoreg,data/Yahoo/synthetic_57.csv,value_0,941.184207341897,1151.6977290783414,124.42099099986712,53.815136019337764,0.17670998178564357,43.33172688758585,1.3908550057144244,4414.860733811749,-69.2980131866095,14.673157250042543,909,Yahoo
autoreg,data/Yahoo/synthetic_58.csv,value_0,1484.9298287923193,2025.245551159937,12.835809902501005,13.402775463783378,0.6930793845758751,12.198512404436714,2.0510445823246988,13411.18031358582,-377.1798181014333,10.36991317842652,909,Yahoo
autoreg,data/Yahoo/synthetic_59.csv,value_0,1286.4552032925033,1905.2316223108414,31.02456905096051,29.915445641327647,0.03783898639524674,27.075019561474434,1.7196049022170583,14158.87357315163,-493.7942794788683,12.08191532481782,909,Yahoo
autoreg,data/Yahoo/synthetic_6.csv,value_0,352.29522490892657,419.1170710696373,544.9141365964979,63.29257468037829,0.8330784470409407,30.66151384133242,3.933711861557458,1754.1265018272006,-321.9958501748599,11.331546736246334,909,Yahoo
autoreg,data/Yahoo/synthetic_60.csv,value_0,1340.79963622555,2148.3554668897855,11.314278906249983,13.418552413144155,0.6337769286640309,10.854077000494126,18.02726488332768,14404.618501301438,-1145.8373632093785,10.872127511167907,909,Yahoo
autoreg,data/Yahoo/synthetic_61.csv,value_0,384.18011110569097,587.2241262705296,71.75360704868726,72.5214416255021,0.6481121568026285,43.18337945779878,6.6698353093670155,2106.9517644058033,30.16152654874004,18.7234636843153,909,Yahoo
autoreg,data/Yahoo/synthetic_62.csv,value_0,1381.2310576165335,2177.042440446936,13.72372903372633,14.853810481967294,0.46107891477829976,14.001329174099341,10.432108994137218,14074.349549421233,-800.8902829783157,13.295935919490907,909,Yahoo
autoreg,data/Yahoo/synthetic_63.csv,value_0,1896.2350743674322,4086.2448625782636,6.305206874170999,7.083161630166083,0.7805652144267994,6.297786816300426,9.44804031032808,72561.46227105302,-1741.235772474689,5.016274168737358,909,Yahoo
autoreg,data/Yahoo/synthetic_64.csv,value_0,223.0999680475902,332.0725979760597,127.48916211368847,39.8967575710543,0.886107933773321,24.770029910566056,3.9029137581454836,1270.8973309335454,8.520529208733658,10.487151072668018,909,Yahoo
autoreg,data/Yahoo/synthetic_65.csv,value_0,3276.283913583121,5515.229015153651,16.52011847212424,18.572746750503878,0.25610108263603293,17.549423741969555,9.34128377731843,46273.71391601105,-2733.7106618028665,10.981364734883096,909,Yahoo
autoreg,data/Yahoo/synthetic_66.csv,value_0,148.60198830937293,192.44319850635378,69.12444054952088,31.09424390998473,0.9618792355785227,16.666428127867515,1.8396906972403888,1174.6589644069536,-84.86451011434305,5.876467231033795,909,Yahoo
autoreg,data/Yahoo/synthetic_67.csv,value_0,2208.659233299291,3445.042621310112,17.348222055723053,19.812219532432167,0.3069443320172758,16.647918288343313,9.808908533054579,33412.11137779083,-1447.1418797850924,9.441661448422867,909,Yahoo
autoreg,data/Yahoo/synthetic_68.csv,value_0,436.69103381369365,607.1220931398756,85.80014267201906,66.20812581919073,0.64120150184268,43.179265352075355,3.9018008556952273,2219.1285010126203,-227.8569968484122,13.522333973530568,909,Yahoo
autoreg,data/Yahoo/synthetic_69.csv,value_0,1935.232879448893,2562.5991761613973,20.13539972389395,24.10939203546456,0.3412334269716525,18.17212269199981,11.334072206707733,28423.882563839943,-1711.3328729290467,8.501645416825864,909,Yahoo
autoreg,data/Yahoo/synthetic_7.csv,value_0,728.5405553033406,1003.440405264808,25.606484118351396,26.457138856602963,0.5930868393465412,21.829568667183384,6.108508560469683,9015.70210239862,-113.01476037379234,9.002843225796614,909,Yahoo
autoreg,data/Yahoo/synthetic_70.csv,value_0,3226.87698015004,5808.2330156880425,10.946118144778778,13.389866460843736,0.6135579041701087,9.861540276962142,11.283361393908162,49136.29954713397,-3204.7750886949834,11.510274495515379,909,Yahoo
autoreg,data/Yahoo/synthetic_71.csv,value_0,724.229964487122,931.0082621162627,642.0302772867549,79.37653044181646,0.15179622822280436,61.03483023831006,4.740701742294789,3596.0106981214076,4.728308240585206,21.898101529022757,909,Yahoo
autoreg,data/Yahoo/synthetic_72.csv,value_0,2114.0494468949305,3030.8027905602253,11.288231045191962,12.728899129715534,0.7161950871644521,10.49625360592966,10.861547668976575,22885.172140377348,-1273.4780482484703,9.673614886663518,909,Yahoo
autoreg,data/Yahoo/synthetic_73.csv,value_0,649.1721382212072,843.3542019444543,282.17567143361487,66.67905381869917,0.3725707607598763,48.29898384009484,3.7933286739190146,4969.584678656692,-234.50645788057136,11.830285201210353,909,Yahoo
autoreg,data/Yahoo/synthetic_74.csv,value_0,2088.2771534361627,3084.548221561556,16.000752048433355,18.734039432755452,0.4213232989461101,14.96146611391049,7.6793171575950385,18939.25701128732,-1482.237799010373,14.056409844195548,909,Yahoo
autoreg,data/Yahoo/synthetic_75.csv,value_0,350.552941318047,466.05288010124264,152.40798150444792,62.061009677565714,0.7885661257614897,34.68818235946607,1.8787311523546946,3022.8090517263945,-246.82761754705908,10.112947391462638,909,Yahoo
autoreg,data/Yahoo/synthetic_76.csv,value_0,1843.753079230966,2508.0574075964764,19.787443160986147,23.14133027122987,0.3497979155480391,17.46499000427357,7.556679889222416,16926.795930349093,-1217.735709078535,14.473918174299397,909,Yahoo
autoreg,data/Yahoo/synthetic_77.csv,value_0,7044.5641545969775,11659.87478049641,18.859579480200146,22.136448871917157,0.08542316051977294,19.6235638136863,9.467505688801518,94010.04799908664,-6250.377348325571,12.114910093082678,909,Yahoo
autoreg,data/Yahoo/synthetic_78.csv,value_0,411.51869386977955,518.4738404150963,229.59787420949334,65.75838233781748,0.7416168840302046,37.16861921005833,1.9127217049641618,1438.15891998882,-121.67763779974835,11.983908617411004,909,Yahoo
autoreg,data/Yahoo/synthetic_79.csv,value_0,2634.076762207541,4452.472826197206,12.40278012038616,13.099571045626677,0.5265693094812365,12.615928928974817,6.091094374040462,49341.99593477758,-1390.7721669000146,7.873425937909947,909,Yahoo
autoreg,data/Yahoo/synthetic_8.csv,value_0,385.49054595855654,504.36644281069334,143.8802780222489,62.65547786221091,0.7407479604951093,43.492325482400105,3.7767643596523417,1429.311904159746,111.98763441194033,15.958026155559624,909,Yahoo
autoreg,data/Yahoo/synthetic_80.csv,value_0,823.68023158166,1033.0944161077011,139.53716459566778,49.1204958611421,0.19563401678964232,38.171188466182635,3.2944587945316663,4360.222072252402,-355.9010560419988,16.717940582004996,909,Yahoo
autoreg,data/Yahoo/synthetic_81.csv,value_0,2224.453957810633,3165.354235856173,16.136221467692362,19.285422391782895,0.5072024913176489,14.315478740966467,6.811600458968427,38300.71135296566,-1738.4893105602068,7.400072177268556,909,Yahoo
autoreg,data/Yahoo/synthetic_82.csv,value_0,893.3984940300503,1102.37867338001,99.94642278954423,55.89260935886696,0.15145221675416665,37.1138229618693,3.312224177713879,4536.912946403726,-734.4824681037052,20.628073381078295,909,Yahoo
autoreg,data/Yahoo/synthetic_83.csv,value_0,2383.6264553930287,3803.3812571131634,22.464972995068543,26.3522396299433,0.006272905643827764,21.806154536854173,5.487930756709767,29760.7177374855,-1856.2981400791732,12.507680250062917,909,Yahoo
autoreg,data/Yahoo/synthetic_84.csv,value_0,4578.34634012531,7413.030762103654,14.218366833602305,17.706501708033997,0.5386896215935981,11.768833816176649,12.030841107464193,45541.52593084352,-4329.709919180025,12.296626875109792,909,Yahoo
autoreg,data/Yahoo/synthetic_85.csv,value_0,850.1535307486097,1114.598122865582,39.89428346716186,31.837599385990195,0.1842624704884056,29.62204324784844,2.6666714393008797,6953.853700644133,-85.27375207098775,13.619049930130691,909,Yahoo
autoreg,data/Yahoo/synthetic_86.csv,value_0,2273.4200982314605,3684.4202013976487,10.417721443525837,11.12188089968189,0.664771311904871,10.366249756852906,4.884154492346109,26066.92719634778,-1260.0671351970545,10.940207018874537,909,Yahoo
autoreg,data/Yahoo/synthetic_87.csv,value_0,634.4564669758994,812.1420172185615,143.50052187478803,61.92312068921859,0.4352443203820412,40.093321629430676,1.938427022709189,4350.59994978105,-381.3385815696047,14.129732144610324,909,Yahoo
autoreg,data/Yahoo/synthetic_88.csv,value_0,1805.3763920710185,2523.5348648213217,13.325372324342991,14.749583300421175,0.6470307116286242,12.190566628342983,4.534345134655063,19013.165772129672,-890.0574702530222,10.833683664064901,909,Yahoo
autoreg,data/Yahoo/synthetic_89.csv,value_0,1213.7382130149933,1687.4906362766897,40.887033856090525,48.411530043212245,-0.13080232645435252,34.44133233665082,3.1004706246465896,10214.893353982445,-722.4636208169696,13.82286419429619,909,Yahoo
autoreg,data/Yahoo/synthetic_9.csv,value_0,851.1681539346184,1161.0077039587673,93.05680850318522,55.21254058464731,0.17550661896107622,33.14829762984694,6.87800397072412,7903.2963047394705,-421.34606187903535,14.83868836452413,909,Yahoo
autoreg,data/Yahoo/synthetic_90.csv,value_0,2644.6499045827823,3427.4884264503785,24.32294268788098,28.393157355676212,0.09770463389094852,21.004813195711925,6.882559152238842,19990.742221213597,-1315.6398084846917,16.458741706580824,909,Yahoo
autoreg,data/Yahoo/synthetic_91.csv,value_0,6180.248365014841,9910.547664119307,15.616103183196147,17.441616573159564,0.3604875001953375,15.397459908719377,8.082351452254168,106075.00039032167,-3595.141023301768,9.127188965725876,909,Yahoo
autoreg,data/Yahoo/synthetic_92.csv,value_0,943.748630184958,1207.9235666863592,25.865927365189222,24.937219642927477,0.24528244815013,23.666516535145494,2.3737894638228108,4502.400169698625,-107.14690044294056,18.301546159411313,909,Yahoo
autoreg,data/Yahoo/synthetic_93.csv,value_0,2258.6531946699615,3693.8854151142414,9.682468095815048,10.738414609728911,0.7298342325777334,9.13455307189452,4.420541885614487,55374.415898639534,-1553.946836144714,5.5022978854675015,909,Yahoo
autoreg,data/Yahoo/synthetic_94.csv,value_0,1024.4535269068438,1329.0043153703764,24.54341499404148,26.88314078346336,0.2579153436881204,23.862274470094043,2.4823018944303805,7654.42068251013,-556.7165538599083,14.78398051413167,909,Yahoo
autoreg,data/Yahoo/synthetic_95.csv,value_0,3002.3926705843664,4793.157840785041,18.90043072950388,21.485725431015023,0.1493415166313692,19.55330504190472,4.72483442646999,38600.05308894371,-2539.985697898356,11.519476296968108,909,Yahoo
autoreg,data/Yahoo/synthetic_96.csv,value_0,825.5578719374234,1011.3085412955801,54.39253471277644,55.41801206234904,0.3027063939177418,36.22814988239474,1.9323606313585104,3055.1829880978694,-713.9344873730952,17.54552767009241,909,Yahoo
autoreg,data/Yahoo/synthetic_97.csv,value_0,2025.420162724845,3061.038084697542,20.480063780431426,23.402992035930215,0.2145986329134988,18.843902014682502,3.7833860279405247,29544.799058060482,-1272.6755178699273,10.17022466975738,909,Yahoo
autoreg,data/Yahoo/synthetic_98.csv,value_0,5353.094701276305,8627.538351370882,13.208338125706637,15.278406427373417,0.4992201869846191,12.643096009211805,7.070802787347644,63094.40408118153,-3615.945878565577,13.25997034696345,909,Yahoo
autoreg,data/Yahoo/synthetic_99.csv,value_0,831.6664523519042,1039.200650061839,75.27414943414952,38.507060901049414,0.28753551311594727,32.4972225546732,1.7721988900833423,5582.984843717943,-108.5981213249447,12.637304769994115,909,Yahoo
granite_ttm,data/Yahoo/A3Benchmark-TS1.csv,value_0,423.1319430866136,517.3646780471496,27.352610223386097,26.688306545699565,0.7514226290763365,19.16404546047628,1.0665166613741355,2218.013463156726,362.82032161774157,7.876396378522722,1168,Yahoo
granite_ttm,data/Yahoo/A3Benchmark-TS10.csv,value_0,329.53430467131716,386.095289561968,10.62175387046076,11.479812338228596,0.8642339722745784,10.001777759587457,3.9274939223313385,1097.71733000322,323.67105710669153,8.006807135356558,1168,Yahoo
granite_ttm,data/Yahoo/A3Benchmark-TS100.csv,value_0,27.48854002140087,37.59336526307484,140.0937507638423,49.570853857921094,0.9060182014026604,27.230816493793537,0.5619166093572818,343.67146689808857,0.6284818646879999,5.824172567244731,1168,Yahoo
granite_ttm,data/Yahoo/A3Benchmark-TS11.csv,value_0,321.16188777635386,374.2786341161831,20.280401693567022,20.848729506671187,0.7895875894757143,14.700295063013561,1.4642074130380889,2059.4779531793924,-305.67044551412783,9.417851210835051,1168,Yahoo
granite_ttm,data/Yahoo/A3Benchmark-TS12.csv,value_0,161.16520413064885,221.80698747200566,121.94327456686706,65.61215004314603,0.8379984328190458,36.13902231552282,0.7744867048676498,1800.6934441660624,2.4057374741536797,6.3674894749456294,1168,Yahoo
granite_ttm,data/Yahoo/A3Benchmark-TS13.csv,value_0,307.9306915554275,385.15587836514663,68.18628019210149,47.41991386682355,0.8115266544069042,26.043757892117657,1.0366938842018272,2010.2432236513218,-202.17964654799587,7.555855611205621,1168,Yahoo
granite_ttm,data/Yahoo/A3Benchmark-TS14.csv,value_0,220.3857627622259,254.79385484900834,7.163520318181253,7.539349390866554,0.9380014146739836,6.69712790612062,3.671846264138491,839.62859531906,216.85764825016557,6.514113181299565,1168,Yahoo
granite_ttm,data/Yahoo/A3Benchmark-TS15.csv,value_0,605.7786406382121,748.3629535200134,33.86277464839324,24.612556313976498,0.7463677609270867,18.351331587407707,1.8160980442672652,3034.950500903865,524.9344553337239,9.702933009099567,1168,Yahoo
granite_ttm,data/Yahoo/A3Benchmark-TS16.csv,value_0,532.3259040731051,648.8437243393809,19.061506045034765,22.204299688793178,0.730654432816467,16.239705210792003,1.4053865825561207,2372.85626469364,-470.6104846114831,8.937274251381638,1168,Yahoo
granite_ttm,data/Yahoo/A3Benchmark-TS17.csv,value_0,486.14126672918246,538.4708238869958,17.73304079358081,20.777430248564528,0.7706716288039313,14.777132958266579,2.5694608182891296,2253.885558578125,-485.1456225554878,10.909128553011005,1168,Yahoo
granite_ttm,data/Yahoo/A3Benchmark-TS18.csv,value_0,420.8736895968615,491.9027288685034,13.215199658542817,14.445969066802766,0.8220269985769544,12.762667527820536,1.8641884141769427,1946.98930186894,409.42147612819724,8.525000473265356,1168,Yahoo
granite_ttm,data/Yahoo/A3Benchmark-TS19.csv,value_0,232.24948461423344,290.23792683363354,62.85028756774307,34.137955230503714,0.8194983329558098,20.62048437132802,1.1223430470306506,1279.86466845534,195.2351223177398,6.373180584993373,1168,Yahoo
granite_ttm,data/Yahoo/A3Benchmark-TS2.csv,value_0,376.5518358718107,448.3050065493468,13.28370982981038,14.591814189393816,0.8270643297878065,11.440415207709222,1.8996477703646368,2092.6694563152273,-360.8891662085758,8.005249486966525,1168,Yahoo
granite_ttm,data/Yahoo/A3Benchmark-TS20.csv,value_0,460.47709734026324,555.3524190345943,14.599777277662168,15.966715187822697,0.7778982064180827,13.98362919235022,2.5383546388623635,1744.04111523557,416.14775576943043,9.748931556857942,1168,Yahoo
granite_ttm,data/Yahoo/A3Benchmark-TS21.csv,value_0,231.65840191474823,275.5286545326594,7.732898577545945,8.216956313382932,0.9259920501716419,7.043465196310537,7.354902187861051,741.74484426754,-227.94747034304297,7.608248105650864,1168,Yahoo
granite_ttm,data/Yahoo/A3Benchmark-TS22.csv,value_0,669.8458931315312,776.4950051000657,29.472006705949283,31.82239683463909,0.6876784831035267,20.4237272909846,1.8349814567974263,3679.339550369493,-650.2175049453168,10.412292444694943,1168,Yahoo
granite_ttm,data/Yahoo/A3Benchmark-TS23.csv,value_0,42.996914856407116,62.82828945503439,227.7338301513069,56.10386548574099,0.8750821142555234,29.842867250020078,0.5541311787043337,431.49183280306954,-0.847276236074117,5.296360370456909,1168,Yahoo
granite_ttm,data/Yahoo/A3Benchmark-TS24.csv,value_0,14.844291553179433,18.773022665138836,184.8521883756904,66.8022991602354,0.8630946496889349,35.87832479809766,0.7893592398635024,140.78014153071285,0.9968641130823435,7.29684595509088,1168,Yahoo
granite_ttm,data/Yahoo/A3Benchmark-TS25.csv,value_0,298.8613421740429,340.42473333585474,15.902509134087467,18.269149832012356,0.7878915831042755,13.650972116075376,2.387636467360199,1105.9940838039852,-294.401015429265,10.523847325777535,1168,Yahoo
granite_ttm,data/Yahoo/A3Benchmark-TS26.csv,value_0,452.9666909520125,527.4099983215464,16.050082841294213,18.309544421754975,0.7643510784294647,13.78004888178745,2.6324166418234105,1801.1596745735496,-444.8194067096589,9.663081498341615,1168,Yahoo
granite_ttm,data/Yahoo/A3Benchmark-TS27.csv,value_0,163.13600640236314,184.6148333423845,17.71900998541819,20.921563928284538,0.7666553362220463,14.877829185995614,2.3161667787654334,659.0719802430749,-161.4788611734872,10.632862030767791,1168,Yahoo
granite_ttm,data/Yahoo/A3Benchmark-TS28.csv,value_0,229.51987108788117,283.21811018252,46.408029204885906,34.161802985984465,0.8335062843128176,20.339118947804426,1.1533174062012563,1388.5582267073746,197.11501243821436,7.85221717526656,1168,Yahoo
granite_ttm,data/Yahoo/A3Benchmark-TS29.csv,value_0,309.2800523387415,350.1691811748655,16.611557664859838,19.21936194569881,0.7888498004594102,14.128517180364936,1.9178321564743945,1522.845699055405,-301.90812374934114,10.070039451365748,1168,Yahoo
granite_ttm,data/Yahoo/A3Benchmark-TS3.csv,value_0,298.34991853639775,345.8566204397848,15.453016789261682,17.676825833636823,0.7774032723409481,13.626570004527085,2.3335590470606054,1338.45865713062,-288.38411703990704,10.739035156043943,1168,Yahoo
granite_ttm,data/Yahoo/A3Benchmark-TS30.csv,value_0,381.8956728369036,447.24594953112336,12.774980004721726,14.150650317672389,0.8091704464343146,11.60620217433294,4.9040968179220465,1371.1103831328446,-375.66558245961323,10.909783542378849,1168,Yahoo
granite_ttm,data/Yahoo/A3Benchmark-TS31.csv,value_0,106.59982063510007,157.07348815370656,112.94742306980012,44.160870102840356,0.9486031223370127,19.304130377179362,0.4283263013983945,1760.8071455997401,10.847147136360089,3.4402438479833273,1168,Yahoo
granite_ttm,data/Yahoo/A3Benchmark-TS32.csv,value_0,80.82800991828464,113.80331771043053,215.3857557915006,60.0338681917185,0.8540944625795578,33.60745188002562,0.5783683711284213,808.6182529617756,0.5086793284139064,5.349814844346593,1168,Yahoo
granite_ttm,data/Yahoo/A3Benchmark-TS33.csv,value_0,322.8133197556725,414.00109729871434,208.00311804954438,74.14178890099467,0.803149009012472,42.79135529583687,0.8332849028439765,2806.80679353866,3.7106663436015133,6.423798775184822,1168,Yahoo
granite_ttm,data/Yahoo/A3Benchmark-TS34.csv,value_0,428.1817260368423,518.9850197817054,29.474314065193287,31.087920305420337,0.7306114237205038,19.61080649797937,1.1883801754544518,1297.1494329786601,-378.52935370476337,9.310588771127124,1168,Yahoo
granite_ttm,data/Yahoo/A3Benchmark-TS35.csv,value_0,227.66968451619164,260.68872503529354,76.02400620645786,37.34779244517421,0.8357068126500841,20.449693752285988,1.033824664630146,1481.813838086385,-220.21009651730802,6.992469650648431,1168,Yahoo
granite_ttm,data/Yahoo/A3Benchmark-TS36.csv,value_0,382.08821685568165,461.6017721032306,21.64319537647611,26.293486161866824,0.7202622410648739,17.431158780851362,1.7528040964298828,2073.859055603865,-366.64983777449925,9.90659641416139,1168,Yahoo
granite_ttm,data/Yahoo/A3Benchmark-TS37.csv,value_0,171.0789741778413,237.87884857646856,120.64012782864519,61.33769001334798,0.8452124349129745,34.98247201936813,0.5986822030077146,1889.301392927186,9.190191995219928,5.4907593387972335,1168,Yahoo
granite_ttm,data/Yahoo/A3Benchmark-TS38.csv,value_0,159.4717289864396,187.8239498044695,16.269612329719177,18.70556839090584,0.7175712195247433,14.559440320091824,3.8970710024422974,378.5161266488576,-156.719687016157,12.388192712989733,1168,Yahoo
granite_ttm,data/Yahoo/A3Benchmark-TS39.csv,value_0,130.7645024873792,151.9916318012294,12.986642870076468,14.35955492379572,0.8037184959048346,11.928221152660532,3.571576722603926,399.1771650550613,-128.2523547169664,10.524805591726013,1168,Yahoo
granite_ttm,data/Yahoo/A3Benchmark-TS4.csv,value_0,401.99322337899684,480.0974530349269,21.41305345117224,25.98112611087024,0.6720803730520462,18.3512138895823,2.1765844255476976,1629.7287105999326,-383.9663896350576,11.184492307420168,1168,Yahoo
granite_ttm,data/Yahoo/A3Benchmark-TS40.csv,value_0,238.22553144911296,274.9877952421511,11.532763631227454,12.52074286221754,0.8485196063621204,10.86996436302457,2.8406906121142566,860.7550509477251,232.1553920963212,8.985064713328528,1168,Yahoo
granite_ttm,data/Yahoo/A3Benchmark-TS41.csv,value_0,42.858112235737856,55.47934247292632,201.17516788496235,61.04408653958713,0.8736064152319044,33.71730252809167,0.7234070313627521,434.99464156264696,2.909815337345153,5.394004703638512,1168,Yahoo
granite_ttm,data/Yahoo/A3Benchmark-TS42.csv,value_0,384.9685383960372,465.4933642825538,12.542901771160683,13.462475577184646,0.8236936000001813,11.708147633360175,2.5162728493574202,1278.1458378909801,351.36271167142706,8.6601587067146,1168,Yahoo
granite_ttm,data/Yahoo/A3Benchmark-TS43.csv,value_0,120.9052798992513,141.48683461640795,12.302830256080895,13.58371919215833,0.8337567300926547,11.03964303161648,2.6229812199818445,333.9382098564797,-116.45292440471795,8.708674764751422,1168,Yahoo
granite_ttm,data/Yahoo/A3Benchmark-TS44.csv,value_0,49.20718438557906,65.96012858546096,163.91891862608318,63.76763242651015,0.8449543748235964,36.17191738589458,0.7522472891477047,474.425769580513,1.1892441143213148,5.584554851823112,1168,Yahoo
granite_ttm,data/Yahoo/A3Benchmark-TS45.csv,value_0,170.30751222294555,218.30141237794757,129.77308743669602,64.44881358132471,0.8634384902092513,35.74914062229639,0.6345651149877812,1524.7335144263088,16.205892759380678,6.106360652933803,1168,Yahoo
granite_ttm,data/Yahoo/A3Benchmark-TS46.csv,value_0,423.455557649754,501.2181424473688,13.459785880332179,14.657377403954586,0.8105686933445605,12.858700510997886,2.344873976764214,1190.17562519909,391.83114255984094,9.087235571194022,1168,Yahoo
granite_ttm,data/Yahoo/A3Benchmark-TS47.csv,value_0,382.70881881422224,457.0409400760339,24.18366842771052,26.363598498510417,0.7316952291569179,17.48368050885884,1.3098347459122022,2184.2050881355653,-351.6104722694176,7.423517038788916,1168,Yahoo
granite_ttm,data/Yahoo/A3Benchmark-TS48.csv,value_0,311.9452485199933,379.05223549561737,16.206544331192347,18.606360849073095,0.7388402839763735,14.247971162281145,2.0832703650022295,1323.8839878417211,-291.7943022000635,9.769660593866544,1168,Yahoo
granite_ttm,data/Yahoo/A3Benchmark-TS49.csv,value_0,75.89205844725042,104.71270542955207,1024.6640710724257,69.74834107070375,0.8159762779466545,38.373670082268966,0.6959134417446494,755.1985535902795,3.6659046462252034,6.674516016351443,1168,Yahoo
granite_ttm,data/Yahoo/A3Benchmark-TS5.csv,value_0,303.48261203908856,347.5954219232994,16.99896019040212,19.817954907091416,0.8099176002250221,13.875125808046498,1.588174123825108,1305.569954462185,-294.9543023520166,9.532951476212872,1168,Yahoo
granite_ttm,data/Yahoo/A3Benchmark-TS50.csv,value_0,255.7252246016667,304.30015929008187,8.866074104032649,9.547936817269468,0.9092473932879679,7.779689606513614,6.508067362933528,781.4919950976423,-251.39938094094427,8.430217544295436,1168,Yahoo
granite_ttm,data/Yahoo/A3Benchmark-TS51.csv,value_0,558.8798664143619,657.7934225357818,20.464867591310178,24.328770661449294,0.7158622441586957,17.01448301063744,1.934881431045507,3169.5173987244025,-537.2085238322402,10.113091203706855,1168,Yahoo
granite_ttm,data/Yahoo/A3Benchmark-TS52.csv,value_0,123.85046799122051,164.26274555687348,168.47073463239812,51.82308907079579,0.8799701790488055,31.003884540582487,0.5627674019830288,1559.4362557252568,12.408223068496778,5.446354618308117,1168,Yahoo
granite_ttm,data/Yahoo/A3Benchmark-TS53.csv,value_0,197.15654881852691,237.7356827729403,26.178911416804922,28.825886567263954,0.746955180898671,17.96618397721329,1.4079783953830696,1210.1105236326325,-187.71812855220693,9.243553457442005,1168,Yahoo
granite_ttm,data/Yahoo/A3Benchmark-TS54.csv,value_0,256.48714199414115,349.7614581631731,50.30692409673985,38.21936304286545,0.8210865257906852,21.963888576342374,0.8239995188135018,2358.18089817467,209.57009026704836,6.149092333281582,1168,Yahoo
granite_ttm,data/Yahoo/A3Benchmark-TS55.csv,value_0,342.42205072891613,401.6683136896287,23.259393229173376,19.524364053043264,0.7972284118100434,15.597894240778995,1.515528379921012,2022.63098992517,331.69325256266734,8.638963369315853,1168,Yahoo
granite_ttm,data/Yahoo/A3Benchmark-TS56.csv,value_0,351.45658118202465,390.44889351749555,18.711773943185445,21.915591169072655,0.7312856897972668,16.032696078875624,2.5917722156584464,1565.2145863739174,-350.8847348785707,11.48763171323717,1168,Yahoo
granite_ttm,data/Yahoo/A3Benchmark-TS57.csv,value_0,293.20414083635114,350.8031229457916,13.926933920127194,15.30150669252293,0.8071159188216239,13.346859257627623,1.627955733540252,1507.9834638492548,278.45805719743555,8.792041924768869,1168,Yahoo
granite_ttm,data/Yahoo/A3Benchmark-TS58.csv,value_0,245.17716161115524,300.53768609904773,193.01999526545873,60.29044549587336,0.8715973552277707,35.548843922871846,0.721163925177779,2210.5700737495627,23.292160569477133,7.697776717588711,1168,Yahoo
granite_ttm,data/Yahoo/A3Benchmark-TS59.csv,value_0,185.75159093922142,216.89929294382483,19.74965098779326,23.424934620201316,0.6979285482657878,16.964706080874308,1.8892681340346738,731.5729865339338,-175.97043567465707,9.206767277485097,1168,Yahoo
granite_ttm,data/Yahoo/A3Benchmark-TS6.csv,value_0,16.346578155542673,21.267761539160215,177.02813618995057,50.99359914264823,0.897127422888794,29.741177592407436,0.6098048373913766,200.53323200414266,0.9967703242701211,4.778171206405735,1168,Yahoo
granite_ttm,data/Yahoo/A3Benchmark-TS60.csv,value_0,363.47740213135717,442.8821972672432,11.496294792740322,12.504640908693773,0.833385752850273,11.047427674541005,3.111547437701942,1306.997002632475,338.8408109495271,9.223106103895656,1168,Yahoo
granite_ttm,data/Yahoo/A3Benchmark-TS61.csv,value_0,410.7300945796578,512.1057167654571,25.029818376225876,25.10319229256953,0.737498530816818,18.600696898054725,1.273742869170241,2771.154249155605,340.2343187998457,8.273974704391334,1168,Yahoo
granite_ttm,data/Yahoo/A3Benchmark-TS62.csv,value_0,254.09128846919114,301.3940831025591,8.53801351798571,9.145354881988306,0.9113467825027963,7.725714419090478,7.563576928735468,684.7618193848698,-250.64052014726013,8.25116119863316,1168,Yahoo
granite_ttm,data/Yahoo/A3Benchmark-TS63.csv,value_0,323.8526051367995,378.9089086885034,17.524425599476018,20.50085249494278,0.7529192314236679,14.797628123574272,2.0081269030778532,1522.2569631664323,-310.67854660133463,9.61462247452342,1168,Yahoo
granite_ttm,data/Yahoo/A3Benchmark-TS64.csv,value_0,27.83340909583625,41.878306814565875,57.817852375747094,41.91423899176003,0.8972376143883936,25.342111132224005,0.49078894666012646,495.4141431933814,2.1783358109743207,3.2366865447969224,1168,Yahoo
granite_ttm,data/Yahoo/A3Benchmark-TS65.csv,value_0,194.42541634057068,240.62529048666715,155.43007087992964,66.77780382291802,0.8670581001144709,36.16014467593537,0.8302449604102313,1644.0057317781595,10.789337540912726,6.079845623194157,1168,Yahoo
granite_ttm,data/Yahoo/A3Benchmark-TS66.csv,value_0,157.77970443868827,182.81863335280673,119.79511277715724,67.0679904651849,0.8891868382153528,35.17506582804616,0.9248974436221897,1631.3797499695731,9.382617505722363,7.211238978985378,1168,Yahoo
granite_ttm,data/Yahoo/A3Benchmark-TS67.csv,value_0,484.4822657958325,583.9525553778811,15.287338547418505,16.777709893590224,0.7626240901600329,14.719025296033852,1.8160062818957123,2643.1191779679402,443.7216152063655,9.801187839848023,1168,Yahoo
granite_ttm,data/Yahoo/A3Benchmark-TS68.csv,value_0,215.149276464312,278.9672972982721,32.615244028122525,28.138450792605923,0.7538260099765988,19.455296322194876,1.0717384422882879,1700.793388249485,184.1131527867077,7.771690289299775,1168,Yahoo
granite_ttm,data/Yahoo/A3Benchmark-TS69.csv,value_0,19.104423589071427,26.63461617121003,168.1232439907609,58.97279020735879,0.8598402345571066,33.02094592072921,0.5467565872193827,228.4898050588075,-0.008635673665629992,5.664546913809891,1168,Yahoo
granite_ttm,data/Yahoo/A3Benchmark-TS7.csv,value_0,54.458951260317335,66.08109628726858,101.78959837665921,67.13617240700599,0.8751249914882682,35.86525206751175,0.8461819906891497,484.59641491081504,3.8087279851898583,4.963859171405803,1168,Yahoo
granite_ttm,data/Yahoo/A3Benchmark-TS70.csv,value_0,418.6657443527448,487.3523111535952,14.842427470201939,16.604713140966556,0.8000512563505471,12.739119946609263,1.8786116753393467,1618.9308160291303,-401.73925223128117,9.006424781744427,1168,Yahoo
granite_ttm,data/Yahoo/A3Benchmark-TS71.csv,value_0,145.13868722529105,168.36037097595445,14.763755225068087,16.58451775982585,0.7628702351089128,13.246354053376718,3.881940026201852,466.317820773407,-141.80588741759306,11.890652799586633,1168,Yahoo
granite_ttm,data/Yahoo/A3Benchmark-TS72.csv,value_0,197.4876946613481,222.28490535482757,6.567051855731442,6.880053321817263,0.9521441210067947,6.002127923960128,6.381385350392909,456.5440455736102,197.35170485881736,6.002076293300176,1168,Yahoo
granite_ttm,data/Yahoo/A3Benchmark-TS73.csv,value_0,29.88614236670595,39.702160603440774,181.17651450878745,72.92839949238189,0.7920820103980023,42.38767215133469,0.7651499670347547,240.92430611204634,1.892241566364906,7.442773132363817,1168,Yahoo
granite_ttm,data/Yahoo/A3Benchmark-TS74.csv,value_0,321.90516489476596,369.72418124110686,10.45679969595556,11.260205640178798,0.8755609190064461,9.785553069194826,3.5909605867712577,829.87733667663,316.9197200799361,8.545731976647085,1168,Yahoo
granite_ttm,data/Yahoo/A3Benchmark-TS75.csv,value_0,281.26876910547384,365.59313825191526,52.96238228444853,41.68841854560092,0.8213942344394696,23.825879131945705,0.8935165049242689,2370.437486444158,211.31688317553113,6.599279220479993,1168,Yahoo
granite_ttm,data/Yahoo/A3Benchmark-TS76.csv,value_0,169.6089766016394,208.5540684673864,134.1895088222083,66.05182753161407,0.8764911014954543,35.16770779795255,0.793516198391433,1451.455585367042,13.919151590781563,6.292531907567262,1168,Yahoo
granite_ttm,data/Yahoo/A3Benchmark-TS77.csv,value_0,41.50871583879489,81.77386629085545,79.46518562808694,40.60154137406891,0.8606340487894165,23.285985075673647,0.4395151376063211,722.7187416519689,5.786042135919821,4.732676058507373,1168,Yahoo
granite_ttm,data/Yahoo/A3Benchmark-TS78.csv,value_0,297.80008411139124,365.81377804276184,14.245572541729587,15.472676705920016,0.7956323751338791,13.525448930611352,1.439695434302809,1760.229777032695,280.19068898053007,7.851852982935349,1168,Yahoo
granite_ttm,data/Yahoo/A3Benchmark-TS79.csv,value_0,367.0038843162452,450.64146776126796,21.301884814574183,21.003176121043072,0.7654300935649097,16.665539490697284,1.3390027447242254,2333.5438782586525,328.12993976959484,9.197925939809505,1168,Yahoo
granite_ttm,data/Yahoo/A3Benchmark-TS8.csv,value_0,349.6563254250267,414.74806703438065,11.078034018329669,11.97740046362366,0.8518289002822579,10.622740514759569,2.544442830636323,1504.2612800573097,336.42673578303527,8.653139108896578,1168,Yahoo
granite_ttm,data/Yahoo/A3Benchmark-TS80.csv,value_0,284.1385348205195,334.80602990714675,8.982519901156373,9.595339376174044,0.8961775118574585,8.640624518084216,3.9483614900246,847.0426304041603,277.7386910511323,7.933938063591809,1168,Yahoo
granite_ttm,data/Yahoo/A3Benchmark-TS81.csv,value_0,207.2115281196497,245.99524957688212,24.6892144018787,28.684590274120463,0.7008723483319558,19.01658294471151,1.5062318789829465,1264.287927717654,-186.94775530258212,8.553234626639131,1168,Yahoo
granite_ttm,data/Yahoo/A3Benchmark-TS82.csv,value_0,444.7564939131498,525.3369725044514,14.20239165422731,15.49260018615958,0.8031312730923653,13.513510177941349,1.6979017707754687,2002.2168445715552,415.7040522367964,8.41747096024613,1168,Yahoo
granite_ttm,data/Yahoo/A3Benchmark-TS83.csv,value_0,328.72453931893557,441.95606217576596,174.95364054325938,48.7274320114925,0.8000302945431762,26.816820412358332,0.8502985582217046,3001.615354537925,-210.31967499165987,6.140867211287735,1168,Yahoo
granite_ttm,data/Yahoo/A3Benchmark-TS84.csv,value_0,321.2013645926544,389.2120311468986,15.164003766436185,16.628866483695717,0.7642925946293887,14.633550324832504,2.062852667042806,914.1788512488301,281.8325424195834,10.01496286100819,1168,Yahoo
granite_ttm,data/Yahoo/A3Benchmark-TS85.csv,value_0,131.95353175367242,170.40862930670704,284.2139367432268,60.054668612303296,0.8789987699932928,33.024643328286075,0.6905020449836415,1427.3280387888724,6.089776330555768,6.034780266046534,1168,Yahoo
granite_ttm,data/Yahoo/A3Benchmark-TS86.csv,value_0,30.788723287829047,51.76364300441016,54.35126044771654,41.5461621226045,0.9095889635205933,21.57968930836435,0.41037291411937343,458.94720565102205,2.34561015092575,4.626870926975311,1168,Yahoo
granite_ttm,data/Yahoo/A3Benchmark-TS87.csv,value_0,113.51161431690403,142.89760943137094,168.23653512225297,61.7126790921959,0.887992014924723,32.68646073782976,0.664910967595111,1104.638896281467,5.526239748897601,5.605857220368108,1168,Yahoo
granite_ttm,data/Yahoo/A3Benchmark-TS88.csv,value_0,320.03670611323633,421.42850088444084,78.31553634700352,46.62565925270711,0.8432701609885691,25.27905226356253,0.7138878737854376,2727.2762879703623,-206.3566013112487,7.561965155984773,1168,Yahoo
granite_ttm,data/Yahoo/A3Benchmark-TS89.csv,value_0,512.7585442558205,607.6538417147742,19.151270750952847,19.81211235383853,0.8044335807819678,15.535463434000043,1.4804282031376461,3254.94628819233,487.8106583645342,6.964215022069579,1168,Yahoo
granite_ttm,data/Yahoo/A3Benchmark-TS9.csv,value_0,237.71094304064098,317.6411608185334,52.67948322633751,35.577552172239756,0.848698715227332,20.416447964437094,0.9207551216461162,2583.4164656970097,213.72817683843672,5.6519989188039785,1168,Yahoo
granite_ttm,data/Yahoo/A3Benchmark-TS90.csv,value_0,171.64548219605507,198.28939051966591,17.743063794775757,20.779493553842553,0.7149853040207312,15.65673283785557,2.8340848353955987,773.2454867256952,-168.73086040921123,10.54096469484192,1168,Yahoo
granite_ttm,data/Yahoo/A3Benchmark-TS91.csv,value_0,237.96651818593077,292.7556612270304,107.10238763310484,64.87627084684445,0.8817572562395914,34.37990867371778,0.7829867866889626,2474.2186686722853,13.42073804119921,4.902603756738451,1168,Yahoo
granite_ttm,data/Yahoo/A3Benchmark-TS92.csv,value_0,188.1400543960739,249.27446358126656,490.8360277444661,53.74821777557499,0.9144885797580744,27.232950162437607,0.5436726572422315,2227.74856046311,5.804022547997203,4.243275829847739,1168,Yahoo
granite_ttm,data/Yahoo/A3Benchmark-TS93.csv,value_0,36.02069498511901,49.67970660712739,138.40953196786302,58.97740082151077,0.8290748405643646,36.35826976381002,0.632117653389918,357.5130041135345,4.362994602066879,5.850116640020688,1168,Yahoo
granite_ttm,data/Yahoo/A3Benchmark-TS94.csv,value_0,408.5705417519327,485.39407191195596,33.812558400141924,30.127059835321734,0.7567107179090604,18.687140051380876,1.4942734233609702,1457.397325514634,-390.981819951005,9.647517475782813,1168,Yahoo
granite_ttm,data/Yahoo/A3Benchmark-TS95.csv,value_0,145.3848580642383,170.61178069276784,7.736443412598598,8.302011504117477,0.9370135835132759,6.625694179507495,4.504547620096243,473.0348057855399,144.12331857536364,6.647493574939873,1168,Yahoo
granite_ttm,data/Yahoo/A3Benchmark-TS96.csv,value_0,470.1980716278635,562.4477665719213,14.969929203577898,16.33087461255429,0.7854958387034368,14.263962314168522,1.942039310420295,2125.95876076122,431.5471710641351,9.437100056572126,1168,Yahoo
granite_ttm,data/Yahoo/A3Benchmark-TS97.csv,value_0,273.31777739490053,320.6398260405724,12.986067373494295,14.216039905270266,0.825660652272779,12.436596853923005,1.9632915407950298,1235.4996515265375,262.47263309097355,8.817400427418287,1168,Yahoo
granite_ttm,data/Yahoo/A3Benchmark-TS98.csv,value_0,356.2741249783654,423.58215929146763,21.804555355440073,20.76298712070076,0.7962608254648804,16.159693406009072,1.365806686683062,2173.15851364057,343.93989703012454,8.9328044480941,1168,Yahoo
granite_ttm,data/Yahoo/A3Benchmark-TS99.csv,value_0,239.64268404671074,284.4209253979468,7.714558889109259,8.171635916379886,0.924130602553987,7.2790788938920725,3.6968233062807885,787.4226241237402,236.2866253777735,6.942040561207745,1168,Yahoo
granite_ttm,data/Yahoo/A4Benchmark-TS1.csv,value_0,147.8093644008933,226.0047900618061,7.0350170005131805,7.581145174435274,0.008608421244242437,7.030298079577703,1.8358918642036857,1261.7666075248926,-110.6214841804285,13.895967494389968,1168,Yahoo
granite_ttm,data/Yahoo/A4Benchmark-TS10.csv,value_0,248.55730005988178,338.8928066892318,103.77291397562219,46.46065072999637,0.7533939174474346,27.071108647447577,0.8161730010636256,2473.3651007384174,50.731390811655864,7.88603715293751,1168,Yahoo
granite_ttm,data/Yahoo/A4Benchmark-TS100.csv,value_0,183.47035536588362,252.68371930742248,81.67420078562921,65.48365327736538,0.7721785727388225,37.7331530988107,2.25842432658212,798.5942195186005,142.40960634384368,10.260778973950025,1168,Yahoo
granite_ttm,data/Yahoo/A4Benchmark-TS11.csv,value_0,381.32580243547335,461.21154215753313,13.68335485014825,15.317176435534932,0.7477805793551819,12.063221647986992,2.5233825159880494,2157.3661927816725,-337.10818728480973,11.280411676724608,1168,Yahoo
granite_ttm,data/Yahoo/A4Benchmark-TS12.csv,value_0,326.2901705897115,477.04905730292677,79.5643025126769,49.2644627930018,0.756224849055377,36.79789852006558,3.9398011201186085,1958.0954616349763,253.93434833219436,10.873366333923995,1168,Yahoo
granite_ttm,data/Yahoo/A4Benchmark-TS13.csv,value_0,433.7603661914703,530.2394225439939,46.21988976847254,40.10495462744066,0.6351296112127989,24.35281229356704,1.801635545857339,3660.3178931145003,-381.14488016186743,7.691491048320612,1168,Yahoo
granite_ttm,data/Yahoo/A4Benchmark-TS14.csv,value_0,324.68688757092696,466.52970223168944,179.5324103600508,78.3171113168145,0.4587881155335428,55.04637787275725,1.5180032749777361,2941.0033563042225,48.28912195102686,8.553249605383657,1168,Yahoo
granite_ttm,data/Yahoo/A4Benchmark-TS15.csv,value_0,54.003848970331816,71.4768776788285,137.86557761678822,62.68440436611807,0.8347124226587633,37.25350856870656,0.5974407785605533,543.7320471868366,0.04007205525434811,5.887671188990885,1168,Yahoo
granite_ttm,data/Yahoo/A4Benchmark-TS16.csv,value_0,148.2688333346789,174.90383001522855,113.3785003452231,52.425197696249,0.9055700206745035,28.58503683345023,0.6672608193832097,457.0480612975757,4.0216298629934935,6.849712017005436,1168,Yahoo
granite_ttm,data/Yahoo/A4Benchmark-TS17.csv,value_0,171.15642059783886,204.83876896583877,148.8981739070115,57.404602030403716,0.7600191358626585,32.083543236770225,1.3377977577712032,1405.8600381356832,10.387688070338873,9.542572317605654,1168,Yahoo
granite_ttm,data/Yahoo/A4Benchmark-TS18.csv,value_0,204.6033310088139,280.2722655730671,199.11697307401045,60.65310676577088,0.8294510322384463,32.76231512571206,2.22192689861155,1125.1344866395748,162.1846386405668,8.782841546084704,1168,Yahoo
granite_ttm,data/Yahoo/A4Benchmark-TS19.csv,value_0,527.1339554371253,648.7545027287941,21.708306154210447,23.01424061284299,0.5297471723594884,18.702454012794433,2.6878941723374994,2579.0048458056053,-502.48163171518377,11.337031522993717,1168,Yahoo
granite_ttm,data/Yahoo/A4Benchmark-TS2.csv,value_0,376.7676922899972,434.0413430292953,12.755841153757006,14.091959267062057,0.8210109062655793,11.456472017153025,4.784787972319879,1262.6155231700304,-373.0730876100149,10.968523868086827,1168,Yahoo
granite_ttm,data/Yahoo/A4Benchmark-TS20.csv,value_0,417.80589062212795,537.1036916711995,164.37804792884882,68.79655721893124,0.74310581677541,42.33010337000492,1.2387912361892623,3110.4633521802375,-147.4402940931628,8.599108990702678,1168,Yahoo
granite_ttm,data/Yahoo/A4Benchmark-TS21.csv,value_0,272.8968323523594,311.00282322634814,13.681910592656632,15.172405694230411,0.799579307884283,12.44921297801101,3.421059764801166,971.8420879279174,-268.67598835633714,10.915509332594,1168,Yahoo
granite_ttm,data/Yahoo/A4Benchmark-TS22.csv,value_0,379.91478299261325,565.4187348020567,145.36632525628542,77.34817674366299,0.46906734223003665,45.71036881716341,1.8365781728853054,2218.4040133610592,288.08114121490786,14.167067409225739,1168,Yahoo
granite_ttm,data/Yahoo/A4Benchmark-TS23.csv,value_0,394.3115600100381,504.94282472021195,123.16145744149863,58.519280019598774,0.8085355264377154,33.59641062118417,1.5348944345070814,2281.2535236968342,304.2149693709478,8.976335446716652,1168,Yahoo
granite_ttm,data/Yahoo/A4Benchmark-TS24.csv,value_0,216.87693906493925,297.5901973067761,130.6553156763261,48.16316671715689,0.6583320342031783,30.72104424144112,1.2912094145869246,1207.4220229306068,-54.15446923139798,9.708874818559952,1168,Yahoo
granite_ttm,data/Yahoo/A4Benchmark-TS25.csv,value_0,334.4995128861519,491.9316704874169,34.79054746084157,39.64132937317588,0.3800174206176278,35.81029348404758,2.5814524389808637,2270.540008748005,-293.25954478562784,13.727166466609905,1168,Yahoo
granite_ttm,data/Yahoo/A4Benchmark-TS26.csv,value_0,395.19478988140753,576.4411896857138,493.7057953649558,85.34145520150014,0.4675885292984877,60.81836626181618,1.755353087574297,2690.4159128713964,2.452317734944597,10.641992561088639,1168,Yahoo
granite_ttm,data/Yahoo/A4Benchmark-TS27.csv,value_0,361.2631914898931,450.5524025687784,240.93412346227046,82.18718219874422,0.6970962274309089,53.29975410044001,1.9486725863618686,1469.82900852804,164.69795997274798,11.061252470945913,1168,Yahoo
granite_ttm,data/Yahoo/A4Benchmark-TS28.csv,value_0,259.7290949232003,336.9068866446398,158.41165050522733,69.06858478245422,0.7487357998889406,44.311265132621116,0.9006383300893294,1627.6527626416175,113.14963778861754,7.933122336620348,1168,Yahoo
granite_ttm,data/Yahoo/A4Benchmark-TS29.csv,value_0,211.12222956766266,252.9271072039663,34.220444703796915,29.744674648977348,0.6956605458672109,19.250416228879985,1.7517934378923097,1072.0456908048936,-199.56163586035544,9.602110133450413,1168,Yahoo
granite_ttm,data/Yahoo/A4Benchmark-TS3.csv,value_0,360.95475464712814,489.5745979272983,36.90166385778207,37.18847545038664,0.5336030974261955,22.95991647243741,2.5774875598511646,1769.297268933125,319.0522316958948,13.89728879483943,1168,Yahoo
granite_ttm,data/Yahoo/A4Benchmark-TS30.csv,value_0,539.4265278050121,648.8710554972463,19.110058723820103,22.93871732306255,0.7134542254224936,16.3992090689369,1.8808419459110874,2241.602252085,-512.3916391690489,10.822623060863885,1168,Yahoo
granite_ttm,data/Yahoo/A4Benchmark-TS31.csv,value_0,159.96457089727855,198.07569624288232,87.23243922919718,36.33141177900141,0.9112467217689061,14.708980427028006,8.449943029397902,655.3394519153112,-143.66417961407902,7.326394281881978,1168,Yahoo
granite_ttm,data/Yahoo/A4Benchmark-TS32.csv,value_0,541.6922237976694,686.8614253533987,533.9350187370138,81.48802934692942,0.7013933562728061,49.8105496157776,1.5423972461172955,2480.29161022283,264.2097910611265,9.22392076568847,1168,Yahoo
granite_ttm,data/Yahoo/A4Benchmark-TS33.csv,value_0,257.7544961922483,321.6462081829963,32.59965070079322,32.661664269042184,0.5907657702137843,25.635942544126777,2.5056180216664483,1138.936630283135,-198.25291147743903,14.250801405144461,1168,Yahoo
granite_ttm,data/Yahoo/A4Benchmark-TS34.csv,value_0,17.162244024043137,24.285395669980367,61.546420083124595,44.364433603218394,0.9112582903180709,25.247055312412847,0.4780755517505875,290.7035346494105,2.106223748916775,3.3590859347516293,1168,Yahoo
granite_ttm,data/Yahoo/A4Benchmark-TS35.csv,value_0,264.93815519415284,323.7637627500835,131.43788083307646,79.68275966356126,0.7491844580338999,48.66703552680948,2.2993472139479563,1042.639427026635,67.80287552356795,10.188542022216257,1168,Yahoo
granite_ttm,data/Yahoo/A4Benchmark-TS36.csv,value_0,374.59541448903013,499.8801084928134,42.28773652346278,32.735447727088996,0.602362492962938,24.111094058704403,1.006585242458093,2957.439303924579,140.98626889234438,8.234067890667758,1168,Yahoo
granite_ttm,data/Yahoo/A4Benchmark-TS37.csv,value_0,448.88228375864395,601.8584629469503,59.29355048536904,70.07105781810988,0.5138583850655039,34.77420525272159,1.8725049632407593,2829.0139493767138,-272.98099830208855,11.661090004246194,1168,Yahoo
granite_ttm,data/Yahoo/A4Benchmark-TS38.csv,value_0,338.34071608963507,485.28286054183536,24.780911436537234,26.0402177980199,0.07034014966146462,21.57322080008999,1.7142071668024144,2763.885911597866,233.96853377673787,10.905093663387738,1168,Yahoo
granite_ttm,data/Yahoo/A4Benchmark-TS39.csv,value_0,294.5222978885722,384.4536958260824,20.723540080990276,21.343636529700493,0.6247451658231145,16.24743271934636,1.2640433000566018,1934.3250427198377,-213.76475740464804,8.66367984035706,1168,Yahoo
granite_ttm,data/Yahoo/A4Benchmark-TS4.csv,value_0,401.99322337899684,480.0974530349269,21.41305345117224,25.98112611087024,0.6720803730520462,18.3512138895823,2.1765844255476976,1629.7287105999326,-383.9663896350576,11.184492307420168,1168,Yahoo
granite_ttm,data/Yahoo/A4Benchmark-TS40.csv,value_0,283.68694739895636,381.46330085931805,107.14921572477753,48.23686428143945,0.6575766241769447,33.03096902202581,1.009415580843006,2632.698421517595,-25.44884948039763,6.756495332401971,1168,Yahoo
granite_ttm,data/Yahoo/A4Benchmark-TS41.csv,value_0,202.41383282861352,256.5781586287579,13.958498550400073,15.705265512204816,0.70282671659546,12.322683643735646,0.9703750738427491,1438.2894609513287,-157.9384989758003,9.968886120416254,1168,Yahoo
granite_ttm,data/Yahoo/A4Benchmark-TS42.csv,value_0,323.24348666230077,391.9349342648095,11.469055837542648,12.41018684146721,0.715704035684614,11.509537016379221,2.9466741161567387,1398.31784880077,-314.7686109453368,11.46158811866354,1168,Yahoo
granite_ttm,data/Yahoo/A4Benchmark-TS43.csv,value_0,325.43575065632285,443.87093805090336,113.75179739995045,66.99444333836333,0.4157426791683476,46.48125488846816,1.5633769170677876,1998.8323637633039,84.58124805240946,11.480437931445232,1168,Yahoo
granite_ttm,data/Yahoo/A4Benchmark-TS44.csv,value_0,141.72421537874894,253.0328610761438,502.39109818735005,49.933234135668705,0.5159562396760128,32.862176793700634,1.0617325028978044,2159.71954338593,28.129553448000742,7.586172595384685,1168,Yahoo
granite_ttm,data/Yahoo/A4Benchmark-TS45.csv,value_0,410.1267302443431,508.13254831968294,157.2881662368668,73.28357813158156,0.8047053090837387,43.61453577246575,1.1448902930601321,3011.103575149887,219.78210715208485,7.856740767179613,1168,Yahoo
granite_ttm,data/Yahoo/A4Benchmark-TS46.csv,value_0,269.18379756176057,350.7510262166154,128.93934481587962,56.77825338282546,0.810784805125764,31.31850398641774,0.8276218134883097,2401.649338347275,195.77557212217607,6.667929238173258,1168,Yahoo
granite_ttm,data/Yahoo/A4Benchmark-TS47.csv,value_0,408.3677490800442,492.5594802354599,72.41014470216585,45.108521830124914,0.8245845478784836,24.04062337690243,1.7610534588706985,2534.453336934965,375.21305323629974,9.562900988768563,1168,Yahoo
granite_ttm,data/Yahoo/A4Benchmark-TS48.csv,value_0,243.77183857118052,327.19012434854443,77.25800200982579,51.35850147788644,0.6389410800803741,30.3173854397314,1.597841960469574,1603.560414899006,181.0261677063301,9.662934829248774,1168,Yahoo
granite_ttm,data/Yahoo/A4Benchmark-TS49.csv,value_0,162.8915753372976,191.05172260893332,8.372086419986603,8.946374703665896,0.9225383991552937,7.4221316637140875,4.07819297565314,515.1827887866275,159.63963589468233,6.7679494809862435,1168,Yahoo
granite_ttm,data/Yahoo/A4Benchmark-TS5.csv,value_0,257.4798511735312,313.48709861135524,34.42322683473936,31.191333311282616,0.718026679959106,20.241408358459886,2.0838159813745665,1046.1098970137127,234.6410299149426,10.87119884537366,1168,Yahoo
granite_ttm,data/Yahoo/A4Benchmark-TS50.csv,value_0,317.5120844104864,419.15369116219404,209.9318470944222,103.3394556367866,0.35760572225181975,66.92719648062965,1.8915119740552637,2909.540374131246,-42.52791819544904,8.436926448445517,1168,Yahoo
granite_ttm,data/Yahoo/A4Benchmark-TS51.csv,value_0,185.73271584068436,223.20573878390758,288.6362080875493,73.9158366025819,0.7975628788072125,43.75970646199761,1.2623616009765266,924.6991379742567,148.59668387142807,8.653091221966273,1168,Yahoo
granite_ttm,data/Yahoo/A4Benchmark-TS52.csv,value_0,152.22532285822618,192.56488493269816,113.692014115674,71.7166996473679,0.8226057923512308,41.058827780679806,0.9094999925343714,1222.187861898434,7.5203225814070755,5.984572974635824,1168,Yahoo
granite_ttm,data/Yahoo/A4Benchmark-TS53.csv,value_0,305.7060494406062,366.68947034017447,144.77902424627638,74.10005672899949,0.75368120211598,44.91705476901166,1.9001409053517406,1040.8306696645,72.11099204551746,9.88240563571777,1168,Yahoo
granite_ttm,data/Yahoo/A4Benchmark-TS54.csv,value_0,319.4753202791223,380.6638058267599,16.46057710338632,19.04391531267914,0.7240266818780372,14.583271559882538,3.024999954895539,1221.9595130257298,-310.52183889003925,11.573581575366351,1168,Yahoo
granite_ttm,data/Yahoo/A4Benchmark-TS55.csv,value_0,165.57949630405224,215.83574999152452,45.371420595750855,27.897536533435822,0.6743030045593175,19.823890288355532,1.1025008515795012,1580.4620527069114,-55.934845947712375,8.30199460992071,1168,Yahoo
granite_ttm,data/Yahoo/A4Benchmark-TS56.csv,value_0,366.28597747096734,452.33152388080214,191.04921158647997,76.53738704606658,0.658886259466721,52.005627679804746,1.8381801777161184,1872.744153430645,-291.1018279903853,8.537711986641472,1168,Yahoo
granite_ttm,data/Yahoo/A4Benchmark-TS57.csv,value_0,188.55501182718382,239.17213530045953,171.339840684366,78.31758429009126,0.7080654606526404,46.03839793714108,1.0498486629819381,1268.3742762753334,-96.345258689209,8.84203356819349,1168,Yahoo
granite_ttm,data/Yahoo/A4Benchmark-TS58.csv,value_0,278.3372326375415,370.8290628980962,4360.670833795745,49.98716765198416,0.5194561159399217,35.20970412329456,1.715331036093437,1412.225236921905,-40.92944149834574,11.180323243265946,1168,Yahoo
granite_ttm,data/Yahoo/A4Benchmark-TS59.csv,value_0,314.4030705003577,397.85977553498435,71.62298752434855,30.697728534584012,0.7593815201262661,21.325022689460997,2.760121589385011,1409.5007169065025,-32.020655804249856,10.962804637984739,1168,Yahoo
granite_ttm,data/Yahoo/A4Benchmark-TS6.csv,value_0,93.01521187484032,126.55558143913552,160.4222616392877,56.1243850013055,0.875916210468205,32.07701402988073,0.6567299569427275,1289.9280170527088,7.516890881212529,6.1897566349451205,1168,Yahoo
granite_ttm,data/Yahoo/A4Benchmark-TS60.csv,value_0,170.4150157876301,238.46341960452443,226.02387210914537,65.30684197585926,0.7976026645714658,37.93231576502231,1.8464161444263605,986.869095045095,124.32128218199902,8.680112014949769,1168,Yahoo
granite_ttm,data/Yahoo/A4Benchmark-TS61.csv,value_0,146.18944861388778,187.7842509030993,115.36497664105394,60.92681760129385,0.8438917327650253,36.69220795471429,0.6039022507216465,1654.3405295068305,6.763419595433026,8.027310031588735,1168,Yahoo
granite_ttm,data/Yahoo/A4Benchmark-TS62.csv,value_0,302.4126148139913,388.8348731337799,390.9113173516856,52.613600885569575,0.8655290598284775,25.73400819667305,3.0806051274290076,1543.6414625930931,-283.5544421666801,7.542752102224114,1168,Yahoo
granite_ttm,data/Yahoo/A4Benchmark-TS63.csv,value_0,147.10358380980506,173.09308276718264,14.757748585419813,16.641451700068224,0.7505447380303866,13.422638665261275,4.51111092389414,563.40740745481,-144.9302434988607,12.413310404505028,1168,Yahoo
granite_ttm,data/Yahoo/A4Benchmark-TS64.csv,value_0,49.05352312350501,64.54299002868204,4.9828714757632655,4.962329620639513,0.8072970904302317,4.863179605317915,0.9688070683853278,274.83838656338617,13.87145511073371,7.4435139207004095,1168,Yahoo
granite_ttm,data/Yahoo/A4Benchmark-TS65.csv,value_0,118.25620743540858,210.53804036420246,118.99528346922546,47.103922632215486,0.8840234805928446,23.93957093160923,0.47208790555094077,1877.471035911794,14.507753282672532,4.6966240777488855,1168,Yahoo
granite_ttm,data/Yahoo/A4Benchmark-TS66.csv,value_0,105.72439973629051,140.10142849976563,118.02759583723059,76.66638762895148,0.7479343058046273,44.908181196787446,1.4142830404368845,421.0480958303265,-65.996603994514,8.883915517279425,1168,Yahoo
granite_ttm,data/Yahoo/A4Benchmark-TS67.csv,value_0,420.6310337026623,549.2462813839824,31.08371164951722,31.789930078729185,0.6284892433333247,21.396748812679757,1.6943730131617314,3200.63142631761,390.2526465976748,7.308641216099724,1168,Yahoo
granite_ttm,data/Yahoo/A4Benchmark-TS68.csv,value_0,229.27365457601343,272.4443214526998,40.874954788590266,32.9499396496568,0.7366696656569163,20.872222242522223,1.572608749321729,610.7089531418638,-210.55920910501172,9.344676626910173,1168,Yahoo
granite_ttm,data/Yahoo/A4Benchmark-TS69.csv,value_0,296.57983864979377,422.53426058650876,168.826283163268,80.69527750992845,0.6654012508024616,53.662281892188304,1.128822914373161,2775.5026800550086,-64.71267718119582,7.841096970752265,1168,Yahoo
granite_ttm,data/Yahoo/A4Benchmark-TS7.csv,value_0,182.30988482792893,275.7739869308502,23.624426339709675,17.583605417350817,0.46893266906384423,16.07345749366295,1.5835518447980563,2479.255476276725,-35.65347448269396,5.847372471851069,1168,Yahoo
granite_ttm,data/Yahoo/A4Benchmark-TS70.csv,value_0,113.87565735679166,144.6753678317694,170.7871056476003,67.29459097659543,0.8509952019457461,37.5288680673966,0.6679463447131042,1200.001614697997,3.194368750597382,6.18543921106162,1168,Yahoo
granite_ttm,data/Yahoo/A4Benchmark-TS71.csv,value_0,616.1376009061279,800.0255429772047,41.04480974914899,33.66503680874631,0.28907152527278823,25.942951297938787,2.0170596576551674,2899.427700835521,-443.57169440814346,11.483905012525916,1168,Yahoo
granite_ttm,data/Yahoo/A4Benchmark-TS72.csv,value_0,202.55874754942752,274.76182114258603,115.66765269046842,56.210677681636355,0.8698528463686086,30.943111692856572,0.7460922238373137,2057.480236065544,-18.215691355669136,5.227863655333868,1168,Yahoo
granite_ttm,data/Yahoo/A4Benchmark-TS73.csv,value_0,293.7991487560679,383.9104910438015,63.37607019448846,29.967006001668622,0.8114340279817782,17.75370603366596,0.8011402174429121,2985.157641325415,-213.8268919493118,5.943329315675283,1168,Yahoo
granite_ttm,data/Yahoo/A4Benchmark-TS74.csv,value_0,228.75169392332847,276.1913153774874,95.70238058572366,45.73623594120382,0.8541182375572478,24.093570786168815,1.906896740604141,1576.0908536887835,200.71723783554492,7.101003518512945,1168,Yahoo
granite_ttm,data/Yahoo/A4Benchmark-TS75.csv,value_0,335.01859294869126,415.7211275809444,797.4007797922164,61.78203098774498,0.78782919580625,33.88367089317734,1.5335385718038903,1844.1371867766034,-153.0800775627822,9.396018939877798,1168,Yahoo
granite_ttm,data/Yahoo/A4Benchmark-TS76.csv,value_0,438.7283020406236,547.4731251769973,246.4496859066508,67.84780919360861,0.7619720380164388,31.64526253611716,2.025539504439803,1954.40411561862,-359.3011945324229,9.810783542835694,1168,Yahoo
granite_ttm,data/Yahoo/A4Benchmark-TS77.csv,value_0,377.47849741347983,497.9551862748932,117.82838974514205,54.44645138261491,0.6037283689779303,34.365829149505736,1.3105229232521742,3150.007582588785,-63.76192117671772,7.555825604995631,1168,Yahoo
granite_ttm,data/Yahoo/A4Benchmark-TS78.csv,value_0,275.0639551213562,431.71374183736066,128.6882459453224,64.20557750752937,0.46238335891473015,52.74462352168969,1.6831520718209234,2525.4687777682825,-95.66707675381403,8.665909789451822,1168,Yahoo
granite_ttm,data/Yahoo/A4Benchmark-TS79.csv,value_0,267.524211734815,399.6196144765417,11.840777340133155,13.43430823559833,-0.21887259591084374,11.615609953768592,3.2792448754349577,1609.0780214695624,-172.52927838889266,18.177982581826306,1168,Yahoo
granite_ttm,data/Yahoo/A4Benchmark-TS8.csv,value_0,245.48271342412056,349.70777811171894,127.05149002523599,83.66977011468309,0.5421488080779747,50.09506427214083,1.4073567820692114,2662.7578643660086,117.8785574046107,8.622686309705882,1168,Yahoo
granite_ttm,data/Yahoo/A4Benchmark-TS80.csv,value_0,269.5298696522657,370.4002443701177,165.08034482886504,91.64850648534282,0.6045034795745217,61.23886658126626,1.760959719412067,2251.86090390311,-39.891861093113185,6.919277542354309,1168,Yahoo
granite_ttm,data/Yahoo/A4Benchmark-TS81.csv,value_0,317.8378935584914,390.93053290317545,258.98508412302334,54.20205045630012,0.6155081339329895,32.0636088008081,1.7236951319532987,1449.1257855755025,-64.3448577096483,11.421609726042776,1168,Yahoo
granite_ttm,data/Yahoo/A4Benchmark-TS82.csv,value_0,117.63295099594778,194.11276145091563,151.03061322302636,50.986095598303606,0.8972436424187747,24.483387731236377,0.5377310401349884,2130.8130855187705,7.313086277248328,4.524564154472243,1168,Yahoo
granite_ttm,data/Yahoo/A4Benchmark-TS83.csv,value_0,128.11654493376454,199.58071768462014,99.78176792660987,82.87785508191082,0.6429761959608902,51.748408647369395,1.2697126327149857,721.7930348314386,1.8893443365138958,11.885122574265033,1168,Yahoo
granite_ttm,data/Yahoo/A4Benchmark-TS84.csv,value_0,343.9298923836521,481.8977669539887,17.179431744334327,18.945980378248404,0.48725436888022755,17.352467936151804,2.8785767401368605,2009.3442804370625,274.998913356563,12.791897966390762,1168,Yahoo
granite_ttm,data/Yahoo/A4Benchmark-TS85.csv,value_0,242.51001463836252,340.35908042483845,195.49610307047973,74.30180885719065,0.7093655286771301,49.252700174768,0.8415654823630695,2987.2988790982026,-37.91979036274339,4.787500372090987,1168,Yahoo
granite_ttm,data/Yahoo/A4Benchmark-TS86.csv,value_0,337.9336257152608,447.5425962278206,365.3130763852666,42.67758564573558,0.6578272377251017,28.552607360484505,1.1469438963098433,2930.2529047661874,-22.286226998920565,6.6793144700594675,1168,Yahoo
granite_ttm,data/Yahoo/A4Benchmark-TS87.csv,value_0,249.1875579012663,304.71626318256125,54.57433107637469,37.16854771971751,0.7706192757194047,22.452433210572835,1.3715983004228165,1189.215249870045,-208.01455244510376,8.94422455003643,1168,Yahoo
granite_ttm,data/Yahoo/A4Benchmark-TS88.csv,value_0,288.91398387595655,456.32241614694266,35.33936950928102,29.81769667968164,0.47755533148722495,17.23898229222956,1.4090817773151725,2306.4502841136664,242.41442920600815,11.910665396922687,1168,Yahoo
granite_ttm,data/Yahoo/A4Benchmark-TS89.csv,value_0,226.67304132591698,298.6827436437673,219.7663434510201,55.601786700106956,0.7956100858655977,31.409500162288683,0.9941323337920678,1948.0177072872611,-148.5484253636066,8.421323203655673,1168,Yahoo
granite_ttm,data/Yahoo/A4Benchmark-TS9.csv,value_0,250.62323900529915,349.92054887154626,155.32616023200097,79.50319735692929,0.6636513123206316,48.91863966394639,1.1719514263744302,1563.6788154437313,125.67634025032228,10.19323359258978,1168,Yahoo
granite_ttm,data/Yahoo/A4Benchmark-TS90.csv,value_0,240.43992837033636,294.13550269563,28.02931276909953,31.732412023766756,0.6716489006740691,21.906907329909746,1.7493725137619363,1220.1554253444301,-218.1549503628423,11.14618015809457,1168,Yahoo
granite_ttm,data/Yahoo/A4Benchmark-TS91.csv,value_0,165.17515454096338,256.3836854178689,86.30742294622293,69.82032448529894,0.7974824192927539,36.32658431421486,2.39958651286676,895.9195494839973,146.41071131706573,11.023431360671655,1168,Yahoo
granite_ttm,data/Yahoo/A4Benchmark-TS92.csv,value_0,299.82929571821853,343.48888420016937,9.683848715183636,10.345686224032898,0.8891607288965437,9.112342641321087,3.8219661682851296,1028.4892829546498,295.5516767079528,8.34366526579905,1168,Yahoo
granite_ttm,data/Yahoo/A4Benchmark-TS93.csv,value_0,385.7157136393146,499.7852324442144,83.73896220319962,55.19768295162386,0.7662317892707453,32.10790941325196,1.1741181964971406,2298.5443369406103,289.57186744083765,8.653387419819552,1168,Yahoo
granite_ttm,data/Yahoo/A4Benchmark-TS94.csv,value_0,298.2871761477651,371.8061520912405,204.92641578881518,93.30257746097958,0.4928735520456693,64.4145734910338,2.247813740756273,1316.2027913145887,-8.041989968375301,11.168537936724665,1168,Yahoo
granite_ttm,data/Yahoo/A4Benchmark-TS95.csv,value_0,455.34097213151614,582.9543268197197,24.18542938098189,26.811737442495858,0.44962817704489344,21.924356128756394,2.2236879307419324,2075.9283739551574,-368.384557236022,13.452901222114944,1168,Yahoo
granite_ttm,data/Yahoo/A4Benchmark-TS96.csv,value_0,456.3373789026124,630.6623038434461,18.350109011362836,21.139089113592096,0.23876087155859083,18.055634551840537,2.224442871899366,2758.723436346785,-338.76109625449976,13.382084432441221,1168,Yahoo
granite_ttm,data/Yahoo/A4Benchmark-TS97.csv,value_0,223.6604342388646,281.85639224860466,65.2136321028682,45.211761401436,0.8957447759680617,22.50947010865537,2.2613370263932198,866.784078338874,201.45418385716013,6.977583686169633,1168,Yahoo
granite_ttm,data/Yahoo/A4Benchmark-TS98.csv,value_0,338.5386819475877,405.70449568757067,11.958305820589379,13.303419179214782,0.8114363074042831,10.534769109817947,3.0089168111588864,1187.2186064310827,-327.72415217911816,10.69161134114214,1168,Yahoo
granite_ttm,data/Yahoo/A4Benchmark-TS99.csv,value_0,240.21556802827672,353.0139585449207,103.89341168505474,84.72052460438381,0.353326217672019,51.59136188932969,1.5248512129544816,1890.3263246691313,-114.24464333191175,10.038221420014262,1168,Yahoo
granite_ttm,data/Yahoo/real_1.csv,value_0,0.04627392739165621,0.06824115665428479,57712903.25761208,69.72503270845033,0.1118775849027811,55.25895693296581,0.826760743758954,0.7148200053597287,-0.014979031604321246,8.669654646480888,908,Yahoo
granite_ttm,data/Yahoo/real_10.csv,value_0,0.42154867582876643,0.721092893953681,4.267241327710874,4.4123335850972785,-0.05477110427231513,4.522314319093875,1.4380927573091784,5.129771883926098,-0.17684726975670279,10.875364429276486,927,Yahoo
granite_ttm,data/Yahoo/real_11.csv,value_0,3045.5939014356627,20120.17707662971,18.39619842224228,20.849048271120775,0.0149602167364139,40.0807323881179,2.9587175198327973,293033.5556640625,-2726.879336327282,6.74121825896829,927,Yahoo
granite_ttm,data/Yahoo/real_12.csv,value_0,11.900318871038246,35.325507638021115,57.157884958107275,38.3289284538373,0.01742974488699134,38.409510788107845,0.7706619536038475,971.4701385498047,-0.11996135793971913,3.5754562386661046,927,Yahoo
granite_ttm,data/Yahoo/real_13.csv,value_0,1638.09344818214,2323.451836077089,19.296263129124952,17.30256227676204,0.498413908338204,16.58459944582499,2.130675176517458,16206.93359375,106.2110349455569,10.120886161419563,927,Yahoo
granite_ttm,data/Yahoo/real_14.csv,value_0,414.4057264276564,658.1660602530932,64.32263833396391,46.70514059476875,0.11310122870961004,45.908999023443336,1.4373296327154736,4069.4095458984375,-189.28591000455097,13.192344362659714,927,Yahoo
granite_ttm,data/Yahoo/real_15.csv,value_0,1670.7100083434466,2362.3895895131013,19.154552978629937,17.195487959273446,0.5047071235538931,16.44884610196539,2.122464992366686,16322.689453125,130.70592616471143,10.168687971389039,927,Yahoo
granite_ttm,data/Yahoo/real_16.csv,value_0,0.1700633340255382,1.48444537497373,7.834158476324209,7.898265194395411,0.013437455937456821,10.797946925514037,0.7735014158337501,44.15149392922686,-0.06024288481256804,3.321010067368156,949,Yahoo
granite_ttm,data/Yahoo/real_17.csv,value_0,1639.6849374269184,2844.4047609929858,162.96229781337794,74.691793486266,0.058872141948071555,73.70921551762319,3.952271153692896,11159.201293945312,-804.9247009879664,19.83407545494028,912,Yahoo
granite_ttm,data/Yahoo/real_18.csv,value_0,0.02363084104249279,0.03220553271889578,7.694222024397074,7.693306993825357,0.8942345001926161,7.423553409976338,0.6475877007252486,0.24827753239207906,-0.004652264549405365,6.934205609331694,949,Yahoo
granite_ttm,data/Yahoo/real_19.csv,value_0,51.6400978936438,88.83774611703802,15328048975.69161,113.39257498384352,-0.08752933887945047,90.62804387292296,2.861913199970161,422.5370674133301,-31.989469482710486,19.654368609964166,912,Yahoo
granite_ttm,data/Yahoo/real_2.csv,value_0,3103.796216057342,9780.331803826883,29.968978278879295,30.037082813388228,-0.05232826593672013,30.78648275954663,3.2562307141430744,163211.43212890625,-1129.051877380832,5.876367232749652,927,Yahoo
granite_ttm,data/Yahoo/real_20.csv,value_0,0.08348872126573391,0.22148358873585622,68.49157566378776,35.93192468120199,-0.7248198002772088,59.05537221283937,3.887871292548777,3.7186958700418473,0.04195620778088385,5.7979997051271255,910,Yahoo
granite_ttm,data/Yahoo/real_21.csv,value_0,54.01395501964418,164.56635814138204,29.701079033291087,26.65531858789742,0.2006081628749159,29.486010603994973,0.7379444659097619,3151.8356323242188,-17.08078162575608,4.931566021617682,908,Yahoo
granite_ttm,data/Yahoo/real_22.csv,value_0,3594.803260366297,15024.180100427277,27.07546745170053,29.01886402572628,-0.0431684225904696,75.02733258536037,3.458572859083372,110428.39208984375,-3393.114466259658,13.330890401614237,908,Yahoo
granite_ttm,data/Yahoo/real_23.csv,value_0,0.07377480403961506,0.10454514513328976,10.322502058726828,9.738017187470097,-0.33570880873477993,9.094981062078661,1.256880047982976,0.5841845507097707,-0.020635960870836488,14.005411120287773,908,Yahoo
granite_ttm,data/Yahoo/real_24.csv,value_0,0.9342632279922056,1.9431978748821406,2.871550808677261,2.665354863863702,0.20493612218559554,2.540624078096363,1.0456313047450165,15.636948365174188,0.06368442431306094,7.39768046111249,949,Yahoo
granite_ttm,data/Yahoo/real_25.csv,value_0,16.63212995455557,69.43995252681609,3708807707.391601,113.60601321196756,-0.05478299411589571,96.59864049870872,3.79856918952198,444.7933350801468,-15.306544779245929,15.604483713891254,923,Yahoo
granite_ttm,data/Yahoo/real_26.csv,value_0,76.7692574431811,136.50983539919847,4919506812.584066,43.03972283628404,0.3267130063740683,37.609817582552374,0.962800687776987,803.6683197021484,-30.45621305323112,13.502456518219432,923,Yahoo
granite_ttm,data/Yahoo/real_27.csv,value_0,76.59047621429944,117.0723777913536,18.680221764680567,13.851261490069621,0.822081676255623,12.434048312341025,0.8514607285670636,1697.8153076171875,-36.27041726034196,5.159646442986056,915,Yahoo
granite_ttm,data/Yahoo/real_28.csv,value_0,6289.32084755954,8119.792661726203,142.06330048737905,61.05340092204595,0.17262408209875602,45.31609866131208,5.618183971937672,20917.958984375,-4099.763928367196,22.044885460663544,929,Yahoo
granite_ttm,data/Yahoo/real_29.csv,value_0,14228.499470196448,18086.63646554589,23.558746950906844,11.622620997170388,0.31884676244842525,11.078018275442426,2.4567059250127454,112342.3515625,-6601.372165971475,9.566207113602456,929,Yahoo
granite_ttm,data/Yahoo/real_3.csv,value_0,0.22355457498184045,1.259935706050316,3.923638016426909,4.662631227537984,0.11864794090144182,7.386067941293012,1.2554521397614664,15.749469835493745,-0.14481420175963042,7.4152637682791775,949,Yahoo
granite_ttm,data/Yahoo/real_30.csv,value_0,0.08696533595492459,0.2927981406333312,4.108523490745708,4.441999841613696,0.5345606168897287,5.03336264307289,0.8345080697954594,3.87494695292581,-0.02714961398193589,6.405014925442,949,Yahoo
granite_ttm,data/Yahoo/real_31.csv,value_0,228.42312605810946,560.2905317821018,885848200.7907206,56.1753922363084,0.37818678164954045,55.28544041496257,5.832297042129565,2603.982297897339,-204.8231110994933,21.426024159927408,915,Yahoo
granite_ttm,data/Yahoo/real_32.csv,value_0,0.08401369289791649,0.24691652177200368,511255.8124384235,35.93715103723985,0.5364843875811636,36.011868374220626,6.813137647119761,0.965187307447195,-0.07421869595292659,24.691652177200368,915,Yahoo
granite_ttm,data/Yahoo/real_33.csv,value_0,11.900318871038246,35.325507638021115,57.157884958107275,38.3289284538373,0.01742974488699134,38.409510788107845,0.7706619536038475,971.4701385498047,-0.11996135793971913,3.5754562386661046,927,Yahoo
granite_ttm,data/Yahoo/real_34.csv,value_0,2698.537306822063,4387.4249703448595,26.951083104936753,12.651453210317598,0.7515679290060912,11.8670675336229,1.1821134186547935,38409.8134765625,-907.0774686219262,7.662687479862479,915,Yahoo
granite_ttm,data/Yahoo/real_35.csv,value_0,20.74273872792395,27.262488241276618,636689323.1886823,34.74112299946575,0.32622883416382087,32.643538123990254,1.0572053308048006,114.14605712890625,-1.201234671587501,13.631244120638309,915,Yahoo
granite_ttm,data/Yahoo/real_36.csv,value_0,0.16944887071258197,0.22797606737631942,3.0434850270148823,3.0051256021247603,0.5772020029113223,2.9758852712689756,1.7011381394924558,2.3473278999328615,0.030495790772551486,6.877106104866347,949,Yahoo
granite_ttm,data/Yahoo/real_37.csv,value_0,64.65905440810445,130.35864586338175,148138638.00506234,80.89038065658765,-0.2801500618452568,92.27000180200017,2.7559695071207053,643.1642017364502,-60.9599540414624,19.661937535955015,922,Yahoo
granite_ttm,data/Yahoo/real_38.csv,value_0,34225.12556352459,46854.53916289266,52.99782639687211,7.611644273128983,0.9081196218280572,7.529679117827598,0.9395193537895568,316245.75,9082.731369535519,5.270636921806698,915,Yahoo
granite_ttm,data/Yahoo/real_39.csv,value_0,5050.32086855362,10308.285789001973,23.74467026754368,14.580278947449266,0.6703281866660089,15.702844480837165,1.1780054811679648,143909.2265625,85.133182846653,5.401363292393854,915,Yahoo
granite_ttm,data/Yahoo/real_4.csv,value_0,75.45175711907095,591.8014690879914,40.9942858035976,36.51071122007432,-0.0068679898713106535,62.62269684271898,0.8197654999385671,12601.120903015137,-59.208553469141805,4.671625111209279,911,Yahoo
granite_ttm,data/Yahoo/real_40.csv,value_0,125.97215907195879,165.8897356576027,11430885476.514198,60.83050602839507,0.14719621337049404,47.82244469511268,1.95977180629726,665.9515533447266,-13.429059596661011,19.089727923774763,915,Yahoo
granite_ttm,data/Yahoo/real_41.csv,value_0,43.219494690486954,111.17417563213243,479442219.216781,54.98047293722803,-0.05834078109212748,55.20563741948445,0.9364410054433053,1909.1335411071777,-23.426259225781276,5.689568865513431,923,Yahoo
granite_ttm,data/Yahoo/real_42.csv,value_0,47.98293922443328,179.9256466411818,1809432112.468581,91.44753358440624,-0.0037814330921723815,87.25538407327576,3.1472571047229643,1488.2179870605469,-47.203863947941315,11.782950009245697,928,Yahoo
granite_ttm,data/Yahoo/real_43.csv,value_0,0.12745869508539395,0.1736705440993813,7.507656243269461,7.714131726507646,0.2737233445447699,7.73735933390712,6.673162268362837,1.4619637469940185,-0.08012758437954146,10.26017191209974,928,Yahoo
granite_ttm,data/Yahoo/real_44.csv,value_0,838.7043420378587,1029.643091326591,2.294200021281939,2.31548735940268,0.8603718463114339,2.335651832757959,1.3089676516489879,9130.347611006,-447.8988665541243,6.621383967571516,949,Yahoo
granite_ttm,data/Yahoo/real_45.csv,value_0,21.135424635533628,44.08244843611359,1473616582.9108737,64.51563230195997,-0.11511714958509556,65.79561912705537,0.5973699200298699,781.3692359924316,-14.963718374227655,5.510306054514198,928,Yahoo
granite_ttm,data/Yahoo/real_46.csv,value_0,358.58449381160017,448.59804677700197,189.02602016588216,67.23920195566478,0.00643694751529833,50.00893138901756,3.7470741074145617,1249.1539916992188,-152.9313485891878,24.825569827172217,929,Yahoo
granite_ttm,data/Yahoo/real_47.csv,value_0,808.2384872353142,1413.6804475522893,22.206779898944145,8.67844445266915,0.9176695046450551,7.929272781412049,0.47342164624660327,17384.005859375,375.34607453893443,6.481502212426249,915,Yahoo
granite_ttm,data/Yahoo/real_48.csv,value_0,213.01619479314152,320.4940039157536,40.5846711818672,37.50199325271461,0.20830903602887663,36.306240705518064,1.775294720353245,2226.9912109375,-94.21617671304021,11.066781903168286,927,Yahoo
granite_ttm,data/Yahoo/real_49.csv,value_0,0.02363084104249279,0.03220553271889578,7.694222024397074,7.693306993825357,0.8942345001926161,7.423553409976338,0.6475877007252486,0.24827753239207906,-0.004652264549405365,6.934205609331694,949,Yahoo
granite_ttm,data/Yahoo/real_5.csv,value_0,808.7168487581749,2844.093063638873,28.000020748565635,26.5640407395047,0.022826678448680027,29.30343104910839,1.2670343815087397,80670.20678710938,-175.43840334664912,3.4355173807318633,927,Yahoo
granite_ttm,data/Yahoo/real_50.csv,value_0,1110.0305299563445,1703.4881471638487,11.537015963267258,11.92656690875812,0.34016727933854773,11.900364080843172,1.3062335854666671,14811.52587890625,-469.32871020007417,9.179265799999186,927,Yahoo
granite_ttm,data/Yahoo/real_51.csv,value_0,171.84386813471227,240.1978261687917,24.307733820316635,13.61866598218093,0.8782404651827583,11.255568425370138,0.85625430252532,1733.05078125,-23.202173585318477,8.430952129476719,915,Yahoo
granite_ttm,data/Yahoo/real_52.csv,value_0,353258.3785326087,537635.8597029018,18.89427171934535,6.415954725789823,0.7513574039962012,6.047129151568224,1.1848870612751266,5988405.5,-141951.56385869565,6.899379337286718,920,Yahoo
granite_ttm,data/Yahoo/real_53.csv,value_0,0.9342632279922056,1.9431978748821406,2.871550808677261,2.665354863863702,0.20493612218559554,2.540624078096363,1.0456313047450165,15.636948365174188,0.06368442431306094,7.39768046111249,949,Yahoo
granite_ttm,data/Yahoo/real_54.csv,value_0,0.9545739405292738,1.2626246638956167,10.993142721413228,11.005960943720163,0.9182577220348356,9.071126027043967,0.7503492200337593,5.277770687455181,-0.3272201075763954,8.24876537185078,229,Yahoo
granite_ttm,data/Yahoo/real_55.csv,value_0,235.9091314597208,307.43460679535673,52.026403435878485,22.591190440657453,0.5734180046633157,18.456260461049382,2.114469827153832,1521.9400634765625,89.48521421672217,12.80444009976496,915,Yahoo
granite_ttm,data/Yahoo/real_56.csv,value_0,8756.670235655738,11991.121830804272,38.59444411915933,20.286097277508137,0.39865790410499846,17.293319924388875,1.9352660521385947,62839.7734375,1769.8961962090164,15.196139642885187,915,Yahoo
granite_ttm,data/Yahoo/real_57.csv,value_0,4134.365415443774,7163.214980180403,50.25675445245553,53.19254284588904,0.16906456312036167,51.39121127467189,2.267420626815765,29224.640625,-3587.113677288667,21.348955324949788,929,Yahoo
granite_ttm,data/Yahoo/real_58.csv,value_0,32.228908494712215,133.59523935394432,12849393259.316399,150.73346008505655,-0.05794858745022413,100.61995176775595,5.668648155689557,781.2506269216537,-29.22055626981049,17.08379019871411,923,Yahoo
granite_ttm,data/Yahoo/real_59.csv,value_0,0.20355632499868742,0.2675323121069638,531603087.28864884,41.96431610095811,-0.25147251758357503,31.80036129493582,0.9978749654760631,0.7457507252693176,-0.06388130872663939,26.75323121069638,911,Yahoo
granite_ttm,data/Yahoo/real_6.csv,value_0,20.250166468121346,30.755089761700287,21.536799155321454,20.328520379174382,0.2631785819530963,20.239468151622646,1.4852795365925042,335.92079162597656,-0.9559830230416604,7.94705161801041,927,Yahoo
granite_ttm,data/Yahoo/real_60.csv,value_0,0.11620906477775121,0.4400675485351238,8.063826508874424,9.016606539327103,0.040513242981783715,11.477455086777173,1.0873064684142686,9.519427035914749,-0.06420672574906965,4.498518257450692,949,Yahoo
granite_ttm,data/Yahoo/real_61.csv,value_0,104.9221687871237,141.9938822456245,2735981937.605591,79.31640841364828,-0.34563953089168975,61.16970078271326,1.7175475857197176,747.0402374267578,-62.30033282597175,16.099079619685316,929,Yahoo
granite_ttm,data/Yahoo/real_62.csv,value_0,0.13675699770607364,0.42093259564821994,34.05697332915793,36.329009540465044,-0.04060209608350607,51.064520968996796,1.2346426749982764,3.4423216084846273,-0.08931107986503709,11.890779338105343,229,Yahoo
granite_ttm,data/Yahoo/real_63.csv,value_0,1.64380806007243,2.108077806212326,11.580116274990017,11.726628064618588,-0.045607931482978925,11.647114450921185,1.0114272077742839,9.854404037147077,-0.4553432339012269,14.275206497407753,927,Yahoo
granite_ttm,data/Yahoo/real_64.csv,value_0,5.016179543650189,6.62517048362614,1124964392.3385646,41.80065227982555,0.05330509763007807,39.08438141450159,0.7395955857177272,36.57144641876221,-0.49084040885079405,14.09610741197051,929,Yahoo
granite_ttm,data/Yahoo/real_65.csv,value_0,908.869581858317,1590.2452059446846,54.18844576188284,43.31393042117344,0.40842910575024216,41.10981900603017,2.5590961015284686,19352.396484375,-712.9210292749237,6.825965600483687,912,Yahoo
granite_ttm,data/Yahoo/real_66.csv,value_0,52.52861354859513,245.50996823246146,6016537816.432835,140.92305172373676,-0.04077749888623328,98.85086675673969,1.3219582569344503,2305.0235464572906,-50.90621195740083,10.6465727767763,912,Yahoo
granite_ttm,data/Yahoo/real_67.csv,value_0,202.25096241336493,1228.3440185688821,661645204.7235563,44.8018401495327,-0.0169032790309378,80.26915747451456,1.3795385441910615,12441.522705078125,-183.13912869651284,9.837770451456688,911,Yahoo
granite_ttm,data/Yahoo/real_7.csv,value_0,75.34579451023943,228.9136717653385,1232248747.6838489,83.61101841108027,-0.008749489880508943,96.5183907964848,5.261254834585473,1471.062801361084,-58.71409579192244,14.912942786015538,911,Yahoo
granite_ttm,data/Yahoo/real_8.csv,value_0,108.70394497295834,547.0772279411075,53.49703533568816,48.38974272028231,-0.03172255035076521,75.23165728050226,1.4071858715546022,5704.83846282959,-96.49135394873598,9.53760857637914,908,Yahoo
granite_ttm,data/Yahoo/real_9.csv,value_0,0.006650118470750233,0.038007169896511546,20.019170431176907,19.15140060566976,0.06543924670331769,22.097412257173957,0.7774575157171217,1.063056929426083,-0.00198812594980878,3.5456287024472335,949,Yahoo
granite_ttm,data/Yahoo/synthetic_1.csv,value_0,794.932593462954,991.1753547398937,390.89968364281475,105.70288888583946,0.008220179750279333,88.5992908796391,23.169578078193343,2161.049362221567,140.4528312453096,34.9257320666925,909,Yahoo
granite_ttm,data/Yahoo/synthetic_10.csv,value_0,956.1875812732815,1086.3720423394948,748.9601708266385,140.7720794608053,-0.19065640944450069,107.37104254109629,7.671797314040579,1972.082967898295,-125.34043744753923,27.297786013933447,909,Yahoo
granite_ttm,data/Yahoo/synthetic_100.csv,value_0,2327.7213414472903,3374.3549328063045,10.20149670897615,11.208520539279858,0.744106020258022,9.934238285414484,4.033913191431234,29388.5489064765,-2288.290887677242,9.290137249846028,909,Yahoo
granite_ttm,data/Yahoo/synthetic_11.csv,value_0,789.2595286360905,1065.0675847833684,111.23646996295011,58.672378351772004,0.2518147890713437,36.0882603905576,4.631419068592264,6604.609939707278,-667.3436873038518,14.995055175418038,909,Yahoo
granite_ttm,data/Yahoo/synthetic_12.csv,value_0,973.9424497446446,1111.1225224246728,163.68204919257664,167.04812253697403,-0.25905673917226224,109.89571125491948,6.567639855769117,2222.672613756561,-40.217858533979694,32.96804479385836,909,Yahoo
granite_ttm,data/Yahoo/synthetic_13.csv,value_0,1127.6139596340172,1388.9142561327865,213.93018981053498,77.71224745058242,-0.38286847846927197,58.93667267021227,6.243574684062487,7540.179320245688,-534.0790330746871,16.376445491336842,909,Yahoo
granite_ttm,data/Yahoo/synthetic_14.csv,value_0,1231.6799723584177,1733.6113630399125,18.088003446485875,21.427004947222798,0.4230461966329224,18.881015118340986,5.818455003731497,10241.027447673525,-1194.951379157802,15.62629261569236,909,Yahoo
granite_ttm,data/Yahoo/synthetic_15.csv,value_0,894.7399846331245,1042.1456255480612,430.7987584664306,118.78966541344718,-0.0545001886853822,98.03480820706187,4.92615229661301,2253.51781180984,71.66458363092363,28.266404682851338,909,Yahoo
granite_ttm,data/Yahoo/synthetic_16.csv,value_0,1023.9099153810548,1372.7177161105922,23.76649418702944,28.53781182533654,0.2898461758271983,23.846849436311157,4.92051914959736,5865.6109398626995,-804.3370812821586,17.602312564410116,909,Yahoo
granite_ttm,data/Yahoo/synthetic_17.csv,value_0,969.9015923061913,1116.0765995668362,265.75440533100834,137.77015989021046,-0.17294203112935258,103.83854078508234,4.52398436915356,3474.994318497874,-200.4686541158813,19.712687912977103,909,Yahoo
granite_ttm,data/Yahoo/synthetic_18.csv,value_0,956.2249202322373,1138.8437180450662,30.318810989448526,40.38483692601521,0.35178964162624815,27.226738591908024,4.2962339602538835,4268.04261332591,-908.1114289965844,17.92194800748496,909,Yahoo
granite_ttm,data/Yahoo/synthetic_19.csv,value_0,957.2900377275147,1109.1928863723392,303.07384934051026,154.40380897898822,-0.19280872716946695,101.98002134340408,4.087150777894729,2638.9015308514836,-141.64553052052963,27.084859631664088,909,Yahoo
granite_ttm,data/Yahoo/synthetic_2.csv,value_0,810.5981111785126,991.2584202691855,245.8451453669553,115.23479496382323,0.07802167883458522,79.57344001653388,17.58213727847434,2267.6153094177034,-5.574977298863022,22.83736866934091,909,Yahoo
granite_ttm,data/Yahoo/synthetic_20.csv,value_0,1206.5875421537978,1493.5138115154612,57.34973259981145,54.83606891391938,-0.3569411448409239,44.445992997287426,4.7049810340264955,6050.100540309424,-709.385385334449,21.70825042904637,909,Yahoo
granite_ttm,data/Yahoo/synthetic_21.csv,value_0,1395.2199829926067,1897.541497783781,14.179375317377726,15.995743507025495,0.6331615384563157,14.248519241585322,4.7060246363360685,23830.44031347655,-1294.5412597447614,7.023950505289524,909,Yahoo
granite_ttm,data/Yahoo/synthetic_22.csv,value_0,926.5694455258036,1096.0782084820114,1548.536579159649,112.60302888539739,-0.1888345325456955,95.0879714567207,3.5694654481414916,2864.8770859440187,-110.0440525475763,26.942693539926495,909,Yahoo
granite_ttm,data/Yahoo/synthetic_23.csv,value_0,1318.5571359763521,2173.365307665189,20.528099093966716,25.01055005074477,0.15107439443681936,21.795419910759577,3.6795654279326184,16009.058018138749,-1192.8387703489195,11.83850980463461,909,Yahoo
granite_ttm,data/Yahoo/synthetic_24.csv,value_0,898.0625369838267,1043.1135287597833,473.14499060890466,132.97061809923258,-0.07143676844909863,98.65470905404604,3.1471816201318865,2411.1399567268704,-206.69081246686622,23.731439894025353,909,Yahoo
granite_ttm,data/Yahoo/synthetic_25.csv,value_0,1108.1549400026388,1451.0332463141747,26.44474101117102,32.853264433095994,0.2448855022512153,25.451669463886482,3.3098743939938458,11895.099436163231,-1075.3549384804894,11.509492531228757,909,Yahoo
granite_ttm,data/Yahoo/synthetic_26.csv,value_0,1012.4269469577179,1204.2550026744832,325.9137941526714,127.09347826633905,-0.3094027679367526,91.81686189394476,3.249730571570339,3577.6578106057486,-344.0877882316865,24.203112389122726,909,Yahoo
granite_ttm,data/Yahoo/synthetic_27.csv,value_0,1312.7201724966224,1656.7216860192618,33.79411010974757,40.88286026594085,-0.20893774345001104,33.99678167951245,3.877467335673723,10939.550974892212,-938.8032466575504,13.42513334437542,909,Yahoo
granite_ttm,data/Yahoo/synthetic_28.csv,value_0,1640.343975896188,2291.863727063619,13.233335950931647,14.956747639376786,0.6367573090409382,13.220305282440616,4.275276133052825,17860.34856902365,-1537.0084319932212,11.658899862633591,909,Yahoo
granite_ttm,data/Yahoo/synthetic_29.csv,value_0,1035.0167417884425,1235.4718261575692,465.36857718394435,111.8512197336952,-0.3794035299876546,82.18296338703081,2.897329987908954,3601.6850908219544,-284.77435364453135,25.605016737440135,909,Yahoo
granite_ttm,data/Yahoo/synthetic_3.csv,value_0,926.9371471738566,1062.5590844687154,590.4426887948327,139.4319760620733,-0.1556682971056662,104.24559936077753,17.515033132963527,1856.79085590785,-75.6558079361412,36.24177934584522,909,Yahoo
granite_ttm,data/Yahoo/synthetic_30.csv,value_0,1375.4235892901495,1839.9239795788437,17.06852153352754,20.184028299901286,0.46489050857736613,17.10152417329737,3.7067140278696242,9324.92858661605,-1308.5675536225265,14.305002623067562,909,Yahoo
granite_ttm,data/Yahoo/synthetic_31.csv,value_0,971.1345202411019,1199.1666876418985,203.56568064105994,106.99795176125626,-0.18117939655733295,71.06431938098406,2.595393998550931,5227.80472058878,-470.74279846806553,15.648421954287706,909,Yahoo
granite_ttm,data/Yahoo/synthetic_32.csv,value_0,1279.0550726525462,1575.5025258205164,25.01698141921927,30.442098610193106,0.2379930070990286,24.305459601807385,3.1323752894219288,7784.406075100826,-1250.9725045448163,18.32343574987187,909,Yahoo
granite_ttm,data/Yahoo/synthetic_33.csv,value_0,982.4045269741553,1152.336600832965,497.90487842557513,138.0016476151917,-0.1949286073081482,95.84508110210508,2.500793834828822,2873.5587827091927,-237.1078258329107,23.366116970727234,909,Yahoo
granite_ttm,data/Yahoo/synthetic_34.csv,value_0,1330.0915615446493,1672.6220998426206,34.4466013879792,40.946121714487184,-0.20565481553115994,34.05662791469935,3.2264810569083013,7745.861408741392,-917.4167138526985,19.391007611929282,909,Yahoo
granite_ttm,data/Yahoo/synthetic_35.csv,value_0,2135.6479700328514,4404.327933982439,12.765334684255125,14.647999267939182,0.3444224553969504,13.824011697556756,3.3605996197392747,39108.6967830407,-2043.1017750464698,10.453805118665622,909,Yahoo
granite_ttm,data/Yahoo/synthetic_36.csv,value_0,993.5224329560755,1185.992266449352,488.85128466121773,116.55698634986837,-0.20507131657291366,89.54184266097216,2.3452056578768437,3236.408131701235,-191.53550763162804,22.631376824415536,909,Yahoo
granite_ttm,data/Yahoo/synthetic_37.csv,value_0,1463.1450531760022,2332.953715457411,15.9832579731995,18.75355862135858,0.38073506154518166,16.48259968837674,2.8438511698454505,21846.8677962317,-1366.5212073066334,9.468426748574979,909,Yahoo
granite_ttm,data/Yahoo/synthetic_38.csv,value_0,1025.9466482698992,1286.410949214946,88.04157755424222,75.38703099189932,-0.20648580166775465,52.54981586841894,2.2698113059716216,3974.93983921946,-670.4845474769105,19.981165040997524,909,Yahoo
granite_ttm,data/Yahoo/synthetic_39.csv,value_0,1605.6096115323269,1906.7936279020385,23.75120026328958,28.3772011366707,0.2969678888220487,22.858695126553744,3.2696452919908117,17388.4232650472,-1577.2275873905805,9.529472298183974,909,Yahoo
granite_ttm,data/Yahoo/synthetic_4.csv,value_0,572.465051191512,672.230195015594,179.29702502731132,85.4600439150551,0.5630935812347189,52.64789539531925,8.489059964253704,1966.17756611123,-296.2020537685335,19.213806051765324,909,Yahoo
granite_ttm,data/Yahoo/synthetic_40.csv,value_0,1195.008760062377,1461.211613619185,175.84221369258265,73.02068649425686,-0.47651012935731085,56.05729877732924,2.533300743185921,3667.730459375066,-725.7616886104558,25.829986827970764,909,Yahoo
granite_ttm,data/Yahoo/synthetic_41.csv,value_0,1456.3552159439698,2069.1274047352813,32.188090502433894,39.24509271486308,-0.23725824411657248,33.14770215714166,2.6997385615235805,13662.966840014087,-1127.6854349989976,14.232141897158085,909,Yahoo
granite_ttm,data/Yahoo/synthetic_42.csv,value_0,1958.8498237502763,2578.122963091401,10.644136827934675,11.685224432203215,0.781817825432751,10.338317714280043,3.6424739417595555,24130.045665381498,-1878.624200312489,8.682535761558887,909,Yahoo
granite_ttm,data/Yahoo/synthetic_43.csv,value_0,1321.0412669213629,1598.6189860687414,84.49854179646776,73.42482749540505,-0.701550593304451,53.17794034824234,2.539907182783007,6596.323631421735,-718.5294595862581,20.65062933676485,909,Yahoo
granite_ttm,data/Yahoo/synthetic_44.csv,value_0,1655.7225491884622,2403.684312571726,16.020904357529204,18.71995259499071,0.4207643504154668,16.32418854052889,2.8571636477754248,13308.743525670801,-1576.9006017924448,14.39807213058295,909,Yahoo
granite_ttm,data/Yahoo/synthetic_45.csv,value_0,928.6034067521501,1144.0417154844035,566.7050962511307,97.66586216754087,-0.04627198502425345,65.37071504436915,1.73573906390403,4066.6783524100265,-470.19494158496815,18.144306253364668,909,Yahoo
granite_ttm,data/Yahoo/synthetic_46.csv,value_0,1467.870990844421,1784.850953396607,22.65290052391214,26.901170779189748,0.3079470672184407,22.159113878862296,2.618392481647047,9515.736718901075,-1424.4177088912145,16.774549539142157,909,Yahoo
granite_ttm,data/Yahoo/synthetic_47.csv,value_0,1374.8787487743714,1824.3154828218392,87.10731840080783,56.526063451725896,-0.45739323311320024,45.846696423677884,2.3385859042982653,10206.167744617362,-1017.5804389850214,16.054546301852348,909,Yahoo
granite_ttm,data/Yahoo/synthetic_48.csv,value_0,1610.8220627555563,1992.195142840841,26.325705163362095,32.027273334193445,0.03804947287293836,26.201318373684934,2.797431528283387,9385.0880392234,-1331.6464997735268,17.90443423989551,909,Yahoo
granite_ttm,data/Yahoo/synthetic_49.csv,value_0,2355.975141786868,4262.545160298388,11.221670144253471,12.466049115813666,0.566772478077392,11.545083312003333,3.069859884915778,51150.3257004717,-2272.0627336589,7.611815306786631,909,Yahoo
granite_ttm,data/Yahoo/synthetic_5.csv,value_0,974.1981869842904,1110.0161839709522,152.35913040322032,170.67954495468143,-0.2090099876194047,108.2136803057221,11.371266307373892,3543.306413272372,3.1564919168308947,22.394859766838145,909,Yahoo
granite_ttm,data/Yahoo/synthetic_50.csv,value_0,1462.142353659205,1764.072665977439,47.468342559950635,55.034923593328514,-0.7369218268162028,43.40057100414897,2.4466723364945735,4710.7393750297,-935.3081467142378,25.135647806245203,909,Yahoo
granite_ttm,data/Yahoo/synthetic_51.csv,value_0,1745.5040602150436,2451.7328090006113,13.722886777424554,15.701540605171216,0.6024665355303098,13.478587948460707,2.644423966603055,30805.050719304898,-1694.0547569116166,6.872107667260064,909,Yahoo
granite_ttm,data/Yahoo/synthetic_52.csv,value_0,1297.3790417753742,1651.360216645431,40.91800857963671,45.82422113264556,-0.26816188704504285,35.910719475228156,2.1128133378241536,6347.9648019909855,-1056.035350109882,18.97643208844316,909,Yahoo
granite_ttm,data/Yahoo/synthetic_53.csv,value_0,1721.02478135219,2540.9091231879975,23.1962673819683,27.827683940676586,0.0767179894176151,23.723077570207654,2.399718043445398,18516.49976804075,-1673.2168217294038,12.688159848834516,909,Yahoo
granite_ttm,data/Yahoo/synthetic_54.csv,value_0,1151.3503012856288,1401.791778066898,112.16754805284855,75.60231352118694,-0.28896749346387196,58.89673244947603,1.8129260544397152,3685.371629216357,-612.7384345534174,22.147701755402537,909,Yahoo
granite_ttm,data/Yahoo/synthetic_55.csv,value_0,1512.5418540822727,2018.4330694625,32.31019559000258,39.01702318946422,-0.16579295815627626,31.84031706675714,2.225303282596304,14819.457406475074,-1170.8400771702425,12.694648334771811,909,Yahoo
granite_ttm,data/Yahoo/synthetic_56.csv,value_0,2601.893273895922,4084.8925491193995,11.239632424027958,12.538211144741549,0.6328601914107197,11.405409650267567,3.2062691198210698,30592.8143058005,-2515.034840792628,11.415414978938323,909,Yahoo
granite_ttm,data/Yahoo/synthetic_57.csv,value_0,1260.5752215499713,1536.882877566471,117.38643761463668,79.88410346824416,-0.4660790008274165,58.03635547150541,1.8628418786625975,4600.30469556067,-567.5782235750082,19.58059269204024,909,Yahoo
granite_ttm,data/Yahoo/synthetic_58.csv,value_0,1758.8858742015714,2452.835499003387,14.558263686528933,16.69903824348731,0.5497978833001992,14.449026976504467,2.429443649968677,15883.9880644502,-1663.5989960374084,12.559312203431135,909,Yahoo
granite_ttm,data/Yahoo/synthetic_59.csv,value_0,1573.1100050558275,2202.9444201178358,31.947575444134134,40.09930621227992,-0.2863503630077826,33.108019657605965,2.102776427424215,13566.58292656905,-1406.7152926464767,13.969843685914412,909,Yahoo
granite_ttm,data/Yahoo/synthetic_6.csv,value_0,1068.3337878249067,1231.235568493567,794.3062965473583,130.70472666839154,-0.440535687364938,92.98091176519513,11.928964675453253,2575.1608919300875,-328.4146223353323,33.288559094257344,909,Yahoo
granite_ttm,data/Yahoo/synthetic_60.csv,value_0,1314.5680005528484,1805.8303408976165,11.204009068831546,12.499122446807357,0.7412458588418752,10.64172596328627,17.67457635939136,15933.8037477166,-1100.5292212124523,9.138719375056715,909,Yahoo
granite_ttm,data/Yahoo/synthetic_61.csv,value_0,954.2360227793067,1105.1152975924142,349.2500971347459,158.65350216594973,-0.24626863139405297,107.25994155549377,16.566701227415745,2107.56234802175,25.810904347339303,35.23626706699787,909,Yahoo
granite_ttm,data/Yahoo/synthetic_62.csv,value_0,1756.316514299802,2410.880171279752,18.022893149947127,21.080176184654338,0.3390895257173694,17.803513405680555,13.265040055640997,14808.419490360699,-1480.359955041182,14.724062182419436,909,Yahoo
granite_ttm,data/Yahoo/synthetic_63.csv,value_0,2835.3615414357187,4135.135725576121,9.802027172795498,10.643323700063288,0.7752828403135983,9.416819030760678,14.127262226058699,72977.8282286203,-2807.741154220197,5.076292591859629,909,Yahoo
granite_ttm,data/Yahoo/synthetic_64.csv,value_0,868.166619017385,1006.0997616021918,458.95412634565804,117.27623151515955,-0.04546496694434987,96.38958404435284,15.187718184714457,2012.6727928649725,35.63988234997781,31.773534637923156,909,Yahoo
granite_ttm,data/Yahoo/synthetic_65.csv,value_0,2167.1307002132326,4993.947509751366,10.661256499744859,12.192924020901115,0.39007733605941763,11.608241521620597,6.178885404070769,45421.4740016037,-2161.117450249007,9.943441862660908,909,Yahoo
granite_ttm,data/Yahoo/synthetic_66.csv,value_0,950.9849855034635,1087.4979141517213,339.25413764121777,139.98593994274012,-0.2173440379579359,106.65754268763652,11.773181846017456,1983.4080016608975,-173.4424321218161,33.207959054573685,909,Yahoo
granite_ttm,data/Yahoo/synthetic_67.csv,value_0,1914.3826977329174,3033.6641713126023,14.482726705986849,16.49638337988418,0.4625798746042311,14.42978900682102,8.501992745741004,33455.879840776,-1810.3448086003798,8.314216456007545,909,Yahoo
granite_ttm,data/Yahoo/synthetic_68.csv,value_0,991.56284169825,1165.402804395022,205.2472016055734,143.1690580820745,-0.32205846107161795,98.04404427779676,8.859537853173352,3439.9907502001893,-293.99988622322337,25.95683160403105,909,Yahoo
granite_ttm,data/Yahoo/synthetic_69.csv,value_0,1801.0169078234621,2334.071233618763,17.77294222058396,20.683716811004373,0.4534896362129378,16.9118148864101,10.54800995556963,27875.4265312907,-1573.5641159097079,7.743484111925849,909,Yahoo
granite_ttm,data/Yahoo/synthetic_7.csv,value_0,895.998994056265,1255.9389566008276,24.738438991782886,30.51376695164939,0.36253604909423953,26.84719666475482,7.512577694574668,10300.126181899976,-886.6605322979686,11.268254166488248,909,Yahoo
granite_ttm,data/Yahoo/synthetic_70.csv,value_0,3241.6990610675116,4589.670092245276,10.183858142566708,11.118534968843893,0.7586988980387551,9.906837494319728,11.335189491672773,42860.0754944855,-3239.6039531798224,9.09542755308044,909,Yahoo
granite_ttm,data/Yahoo/synthetic_71.csv,value_0,1004.9239539870415,1187.914424238133,581.1201696197238,121.03369771345926,-0.38090385088727907,84.69045184763414,6.578082892377823,3385.309695145109,-285.5141447268886,27.940751686378462,909,Yahoo
granite_ttm,data/Yahoo/synthetic_72.csv,value_0,1911.7670359065187,2573.101576032918,9.890293264426822,10.878536440991299,0.795441083908393,9.49192161697274,9.822262588500715,24438.0761082416,-1904.3056414710475,8.212739472306085,909,Yahoo
granite_ttm,data/Yahoo/synthetic_73.csv,value_0,981.0596556701388,1208.1157830296652,210.4594581928422,109.31986511329302,-0.2875433009593191,72.99171000347947,5.732657801482151,5153.371292184683,-545.2783872530156,16.947036294325407,909,Yahoo
granite_ttm,data/Yahoo/synthetic_74.csv,value_0,2053.7773236481717,2851.832680875069,15.010995680779832,17.190269041581775,0.5053466531248269,14.714292009908359,7.552449354444921,18799.8980036515,-1976.2090923054925,12.99591580032328,909,Yahoo
granite_ttm,data/Yahoo/synthetic_75.csv,value_0,994.5265478556602,1166.7595270197671,386.0870606227183,143.68308811475788,-0.3251556326245608,98.41115046314228,5.330002367901998,2986.5553166290388,-291.20138856674924,25.317680072431926,909,Yahoo
granite_ttm,data/Yahoo/synthetic_76.csv,value_0,1858.107591429458,2388.965298041048,18.33481022363056,21.43961896971506,0.4100800355920049,17.60096342440608,7.615512308200767,15873.929292667799,-1628.2878636730757,13.786641462175867,909,Yahoo
granite_ttm,data/Yahoo/synthetic_77.csv,value_0,4180.464475442164,9469.572479632123,10.743283741769712,12.046604479958843,0.39675577731290834,11.645235901663986,5.61831368619932,86838.762006766,-4178.139526988267,9.839129610771765,909,Yahoo
granite_ttm,data/Yahoo/synthetic_78.csv,value_0,973.2239770447728,1149.291136588716,335.3792184005317,117.58967137721315,-0.26961062485273257,87.90218268996153,4.52350440554745,2787.4829155570915,-245.25252328272578,26.564503128359906,909,Yahoo
granite_ttm,data/Yahoo/synthetic_79.csv,value_0,2158.534398154864,4142.500745258515,10.151813549306956,11.2777234883237,0.5901933106256705,10.33831547682268,4.991440233410319,49824.1857102385,-2141.1343099890205,7.325294075603886,909,Yahoo
granite_ttm,data/Yahoo/synthetic_8.csv,value_0,868.1055174711433,1013.6637092160232,273.5014834090459,117.90311973608382,-0.04717101010857938,97.94255167798957,8.505085307993642,2149.6258347635503,144.98965941923493,32.07206231736225,909,Yahoo
granite_ttm,data/Yahoo/synthetic_80.csv,value_0,1046.0660019505365,1328.1903888777692,111.74669504787857,68.57991844265791,-0.3295183445303618,48.47704361174954,4.183931102934166,4174.571880722425,-765.993062131498,21.493299795876354,909,Yahoo
granite_ttm,data/Yahoo/synthetic_81.csv,value_0,2102.9468649940286,2771.155813025259,13.99783328648658,15.681750122680791,0.6223010684946251,13.533519555888644,6.439528128007662,39023.73925272,-2038.9003550779896,6.478501773529787,909,Yahoo
granite_ttm,data/Yahoo/synthetic_82.csv,value_0,1209.8930995054764,1491.9674857518794,120.3872465678603,64.58440388920577,-0.5542948753925476,50.26173493451533,4.485609952792721,3678.6583520079303,-797.7216919950584,27.91818775295144,909,Yahoo
granite_ttm,data/Yahoo/synthetic_83.csv,value_0,2083.5815892812075,3526.8445073835996,18.382488924673112,21.688783758812637,0.14552367779514308,19.06125098721419,4.797123921015196,28688.915312655998,-1893.915326149756,11.598270172769121,909,Yahoo
granite_ttm,data/Yahoo/synthetic_84.csv,value_0,3599.9843154680134,4490.672069465748,9.62398931885778,10.35540317146406,0.8307127287811219,9.253912657998235,9.459930741625259,49869.22955595869,-3597.7088036765176,7.449061069460229,909,Yahoo
granite_ttm,data/Yahoo/synthetic_85.csv,value_0,1293.552059677993,1575.535208984417,50.61457141262542,58.113165559675735,-0.6299341329267407,45.07145317785602,4.057476923908866,7373.466775616709,-761.8463707591758,19.251147330727537,909,Yahoo
granite_ttm,data/Yahoo/synthetic_86.csv,value_0,2308.1120845254363,3737.70614055312,10.46230579506426,11.655927927256265,0.655004702145935,10.524436884152621,4.9586858210864255,27281.3701334554,-2287.416678196529,11.098429798495294,909,Yahoo
granite_ttm,data/Yahoo/synthetic_87.csv,value_0,943.3398045695143,1163.2265098408172,156.03569697383844,87.96542740530167,-0.1585778727871603,59.61264193700229,2.8821447395605366,4359.454036110025,-559.8172787554688,20.237937034524148,909,Yahoo
granite_ttm,data/Yahoo/synthetic_88.csv,value_0,2165.5879773788856,2776.5668204853832,15.258537430548827,17.347885141550602,0.5726983596316957,14.62284797991162,5.439044928260686,19859.5488481573,-2082.665192010688,11.919964738591776,909,Yahoo
granite_ttm,data/Yahoo/synthetic_89.csv,value_0,1398.5267430945921,1897.5585772914353,40.1232678529127,47.838549548301295,-0.42986268559763263,39.68493685385821,3.572509325529398,11187.474095085725,-1101.6919467374173,15.543608924844218,909,Yahoo
granite_ttm,data/Yahoo/synthetic_9.csv,value_0,904.5030980218627,1179.6718277801042,54.21168721525822,47.327482355605646,0.14878476815872899,35.225399072731776,7.308985740324717,5662.21273723602,-579.813795848307,15.077232102035406,909,Yahoo
granite_ttm,data/Yahoo/synthetic_90.csv,value_0,2041.9656206659322,2481.4969523516215,17.121389044545417,19.686577615644982,0.5270402037187054,16.218065892135666,5.3141057146044135,18012.2880776985,-1809.835719330312,11.91610657799376,909,Yahoo
granite_ttm,data/Yahoo/synthetic_91.csv,value_0,4286.46698105526,7882.115102160199,10.600301242177224,11.621706404254887,0.5954806753564248,10.679296298910028,5.605718505665318,98102.245863041,-4280.18594546336,7.259089651269123,909,Yahoo
granite_ttm,data/Yahoo/synthetic_92.csv,value_0,1469.4019154652724,1776.3528577526552,36.84841376255016,45.77483912524207,-0.63216484428286,36.84839756781202,3.695953216238231,5108.65997574358,-1013.1061888607144,26.91395773554249,909,Yahoo
granite_ttm,data/Yahoo/synthetic_93.csv,value_0,2475.5099202589777,3500.1490813695978,10.379362258702072,11.337697707846068,0.7574302920972169,10.011575393676676,4.844964829741387,59340.237052642304,-2463.2379051729395,5.21371421280141,909,Yahoo
granite_ttm,data/Yahoo/synthetic_94.csv,value_0,1348.7342198769863,1745.5878898421565,30.7300048335262,39.74426638126122,-0.28021853420620246,31.415642873607265,3.268050156645284,7146.376332057125,-1194.9140897246543,19.418098986336744,909,Yahoo
granite_ttm,data/Yahoo/synthetic_95.csv,value_0,2475.6605151030017,4439.132250908703,15.413740333610415,17.704794774321755,0.27036116124273557,16.122922796299747,3.8959214577800196,38054.0738751642,-2410.0755487601446,10.668640683669656,909,Yahoo
granite_ttm,data/Yahoo/synthetic_96.csv,value_0,1148.209440813261,1411.3491745402728,127.04038918367009,62.90466130975457,-0.35805475235931516,50.38714441731654,2.6875822948362544,3491.753568926445,-691.821754650577,24.48596544268766,909,Yahoo
granite_ttm,data/Yahoo/synthetic_97.csv,value_0,2044.0693605389442,2963.7220792757844,19.35426696511884,22.805076530445568,0.2637435066702315,19.01740856049892,3.8182218194176074,28687.1570193145,-1856.0345369331021,9.846894605995562,909,Yahoo
granite_ttm,data/Yahoo/synthetic_98.csv,value_0,4603.762529936598,7102.091217479896,10.955162279511303,12.089110790231071,0.6606518322813297,10.873301317782143,6.081023920836127,54720.729303771994,-4595.4498491940285,10.915456426832245,909,Yahoo
granite_ttm,data/Yahoo/synthetic_99.csv,value_0,1213.0506573275436,1469.2189608208585,88.40825524130325,62.164457143499405,-0.42409004659870453,47.39974429626942,2.5848908807747697,5546.017847143655,-634.9228558998587,17.866585996306277,909,Yahoo
chronos,data/Yahoo/A3Benchmark-TS1.csv,value_0,227.89861205363877,334.89703142260163,25.874884801698776,19.379442942372084,0.9032494395812475,12.078454188673183,0.538320899878254,2335.91281618407,8.645261811183232,5.477634444263604,192,Yahoo
chronos,data/Yahoo/A3Benchmark-TS10.csv,value_0,60.383354827456515,85.81936559654747,2.1005657729209215,2.1174486338080833,0.9953600861887324,1.9663184236434272,0.652973474064987,580.7266529163799,34.13384573903892,2.191925158106722,192,Yahoo
chronos,data/Yahoo/A3Benchmark-TS100.csv,value_0,9.485105184600547,11.948769813565029,31.887777462373908,19.422023888451992,0.9891764576868222,9.28975292518255,0.20193268224730646,35.0646013581769,3.2414302827219337,2.6811503368771037,192,Yahoo
chronos,data/Yahoo/A3Benchmark-TS11.csv,value_0,112.90137278533929,174.935311416171,6.257784324403621,6.478092217302309,0.9685356389175189,5.018282146955669,0.48918262179790767,1596.79619048408,-85.97829974821106,4.743351985657809,192,Yahoo
chronos,data/Yahoo/A3Benchmark-TS12.csv,value_0,70.97374477318156,225.79978999849945,43.93970950363794,26.120849636260264,0.8212978242315018,15.125957929166937,0.294172016698809,1594.8725213144999,16.72539464144197,6.8493876642876135,192,Yahoo
chronos,data/Yahoo/A3Benchmark-TS13.csv,value_0,62.81977045822265,81.21448056208915,9.409108451434134,8.624437184026695,0.9913006580871137,4.189569183858947,0.2207898936781581,238.1304861614699,13.219916614906571,2.1396179628206107,192,Yahoo
chronos,data/Yahoo/A3Benchmark-TS14.csv,value_0,34.81047622024089,47.79777596617884,1.2787676368627658,1.2851526434163616,0.998538867984333,1.1109297516398655,0.5029432506300243,331.8238655002799,5.204313277365693,1.3314807751044921,192,Yahoo
chronos,data/Yahoo/A3Benchmark-TS15.csv,value_0,141.21568090782637,170.16530321390667,46.12001935072179,10.259364498410745,0.9867110637471589,5.371723605432448,0.4339243727619357,402.91798053722005,60.37657826320057,2.6511596413240044,192,Yahoo
chronos,data/Yahoo/A3Benchmark-TS16.csv,value_0,239.28196921543807,326.15817109353793,9.869229626823927,9.293084932061223,0.9542189053214406,6.903631241540238,0.5778604447929886,1584.51679272921,-115.087685925195,4.4925533145286565,192,Yahoo
chronos,data/Yahoo/A3Benchmark-TS17.csv,value_0,116.57999283659552,136.71435629387094,5.258532290216944,5.586826227062203,0.9904245656617747,3.5417932597598956,0.5832741621591433,317.47990016977997,-112.01106627005701,2.7772939315920655,192,Yahoo
chronos,data/Yahoo/A3Benchmark-TS18.csv,value_0,106.75352725695444,149.00243955224033,5.266017814785498,5.0209834328961245,0.9871072536884606,3.4607659988132475,0.459958392778164,1200.3238500141501,-67.32084822949737,2.8879241007817367,192,Yahoo
chronos,data/Yahoo/A3Benchmark-TS19.csv,value_0,68.9708433691136,158.04383989980346,63.848942839541245,17.03812969854343,0.9428280483272438,8.008790893796983,0.31536248852465504,1179.32560595534,-0.7511154459592504,4.207322268378926,192,Yahoo
chronos,data/Yahoo/A3Benchmark-TS2.csv,value_0,106.24264457441791,148.46607523403097,4.282414613372893,4.332216744247785,0.9876140969510511,3.2605373872506087,0.5427019099196704,1245.22344135491,-81.06469739004156,3.4591618021762716,192,Yahoo
chronos,data/Yahoo/A3Benchmark-TS20.csv,value_0,54.653036865577455,67.42551049670585,2.6338983568201355,2.6828708986040053,0.9973638091849512,1.8953742092796149,0.31225023967336,179.34769178191982,21.89169383413315,1.3886255132517793,192,Yahoo
chronos,data/Yahoo/A3Benchmark-TS21.csv,value_0,18.541913076681904,30.889857618695924,0.7294403661495398,0.7301163171131047,0.9993983788517966,0.5823368121085377,0.3975344817502345,238.22306085811033,-2.261391827943509,0.9118672621330095,192,Yahoo
chronos,data/Yahoo/A3Benchmark-TS22.csv,value_0,134.06595252449014,163.3752476400742,5.34338321416406,5.068414032963161,0.9898985188015139,3.7495942758238745,0.37428352352793326,406.20139493117995,-10.6351595156883,2.419324598731222,192,Yahoo
chronos,data/Yahoo/A3Benchmark-TS23.csv,value_0,33.680662450994426,61.39259542024604,69.15176993577549,43.464478013029776,0.8724968184986572,23.133012055908903,0.4234198159992657,448.584608845106,6.058180652376382,7.360073360592363,192,Yahoo
chronos,data/Yahoo/A3Benchmark-TS24.csv,value_0,5.787715036055961,7.3419687007875725,45.70815538734549,30.124026180956502,0.9744082911781577,13.659316394292025,0.31814106993876573,23.9130285491992,1.5939429402025818,3.917993005856852,192,Yahoo
chronos,data/Yahoo/A3Benchmark-TS25.csv,value_0,91.5279166198198,111.61185146739224,6.04507432290125,6.472898931035416,0.9851013762326593,4.1333145536017755,0.7027498315402168,241.08149754654005,-88.50972391275695,3.5338900170608825,192,Yahoo
chronos,data/Yahoo/A3Benchmark-TS26.csv,value_0,120.43051243499423,153.35081093986435,4.17014440277414,4.318691570818952,0.9871073228181316,3.581035628198801,0.6454378406456275,1144.2978581672996,-117.4871045566532,3.357386965348677,192,Yahoo
chronos,data/Yahoo/A3Benchmark-TS27.csv,value_0,43.77992095866392,48.989187914155764,5.399500960042392,5.7014202543298165,0.989246765155172,3.926231239386804,0.6110984058323502,97.78503395411701,-42.9372133377309,2.878725146020208,192,Yahoo
chronos,data/Yahoo/A3Benchmark-TS28.csv,value_0,28.894045125376504,36.97416559521727,29.173457516466065,14.45097774029051,0.9968016998157389,3.3990942071026238,0.14652195755694397,131.488652200047,22.844414150335382,1.233775185498129,192,Yahoo
chronos,data/Yahoo/A3Benchmark-TS29.csv,value_0,116.29049269480124,165.5334365414847,6.90093504152873,7.3026010574928355,0.9692800294842271,5.299123018180958,0.6168012353163568,1115.02856038353,-93.04419683736752,4.82388450829399,192,Yahoo
chronos,data/Yahoo/A3Benchmark-TS3.csv,value_0,89.53244461654758,112.35850701512624,4.782129258661872,4.927235253798643,0.9845683220647472,3.9838201964503073,0.6327301905810921,805.96685137544,-79.50591176358195,3.5631146260388866,192,Yahoo
chronos,data/Yahoo/A3Benchmark-TS30.csv,value_0,114.64155658259125,144.35275675168705,4.6467204975390475,4.875119023703077,0.9874853889031683,3.501597967811196,1.161181844455151,629.5041819609696,-114.14493705766229,3.521233298049086,192,Yahoo
chronos,data/Yahoo/A3Benchmark-TS31.csv,value_0,60.36561500699569,179.35656663386857,28.077660812238687,26.41206687988367,0.9318630701439671,10.837278317455079,0.22752736969090642,1761.1914765898441,31.499096028522644,4.61025293393315,192,Yahoo
chronos,data/Yahoo/A3Benchmark-TS32.csv,value_0,65.43623536335703,82.67479889018426,70.4737945050563,52.13659161541801,0.9145594716734904,27.328935162353364,0.4982934694464945,243.474082273436,2.049785079854844,6.66957636542895,192,Yahoo
chronos,data/Yahoo/A3Benchmark-TS33.csv,value_0,185.60971307597458,225.89302896465736,166.88277120269598,42.81097908734517,0.9205597352180734,24.46755101632513,0.4917268405694232,557.2595946837359,42.03514841332989,6.204048726980487,192,Yahoo
chronos,data/Yahoo/A3Benchmark-TS34.csv,value_0,184.0661821664991,231.3045201490535,11.754106384791118,11.800147846441861,0.9581667811545297,7.6339089115436245,0.49770863757604744,848.2881895734499,-25.077013219156424,4.771138358952523,192,Yahoo
chronos,data/Yahoo/A3Benchmark-TS35.csv,value_0,72.8380252882424,91.72354443484615,15.185152598567855,12.338975105929888,0.9833520694842969,6.156871158393242,0.326917536321973,239.252591474177,-29.512331358586238,3.0184191210911417,192,Yahoo
chronos,data/Yahoo/A3Benchmark-TS36.csv,value_0,66.39081658346701,138.89364567617844,7.0698942375731155,4.0196529362043325,0.9822121535480276,2.7947510346819073,0.28509367856428824,1621.97966386542,-24.06450645259079,2.98084490866668,192,Yahoo
chronos,data/Yahoo/A3Benchmark-TS37.csv,value_0,152.34402796116132,219.63109391953756,218.41894957417617,58.72745865725085,0.859017369079408,30.79828373689473,0.5047091126704037,1859.42056744097,20.84284134273916,7.980935914970995,192,Yahoo
chronos,data/Yahoo/A3Benchmark-TS38.csv,value_0,43.39907808575725,49.8149374903801,4.556382414434562,4.735676839621324,0.9871663585789427,3.8353795015170986,0.9616896949954414,92.01157095719009,-42.514613156190585,3.435546082312081,192,Yahoo
chronos,data/Yahoo/A3Benchmark-TS39.csv,value_0,30.52968991616592,41.0979196202844,3.9902118428509965,4.167633572526005,0.9909942964167117,2.794672283509792,0.7645361831962696,210.49662856696,-22.63301927268408,2.8458646644017196,192,Yahoo
chronos,data/Yahoo/A3Benchmark-TS4.csv,value_0,79.89452702181856,129.83493333831433,3.7559907534988266,3.8150766934611924,0.9830255545940628,3.32524416142833,0.4126444584631253,1316.3473165000896,-59.72898532360869,3.3765949139425966,192,Yahoo
chronos,data/Yahoo/A3Benchmark-TS40.csv,value_0,52.46829626698337,72.84691037527463,3.0337359574290805,3.0048876893383736,0.9925511935564078,2.522979347213006,0.5551531895042646,575.3501573725098,-0.9667750391812812,2.6177240614276247,192,Yahoo
chronos,data/Yahoo/A3Benchmark-TS41.csv,value_0,15.480678845003075,42.8917728781755,37.62273193299738,26.760673045158228,0.9081717952080967,12.061712533350754,0.2506950159209312,398.414844583974,11.7284206962887,7.452751731424654,192,Yahoo
chronos,data/Yahoo/A3Benchmark-TS42.csv,value_0,93.21778304900107,166.9943255025249,5.4786202660064065,4.274243189474287,0.9835876432536389,3.133985083110015,0.49979755026738026,944.772854213349,30.479434891606076,3.447435453181698,192,Yahoo
chronos,data/Yahoo/A3Benchmark-TS43.csv,value_0,29.59340025800228,40.312350514532156,3.286309590028923,3.347918565104225,0.9915153121669034,2.7310242786536256,0.5946597998711364,272.73900973750006,-16.82994199890229,2.568771401846143,192,Yahoo
chronos,data/Yahoo/A3Benchmark-TS44.csv,value_0,18.89824683242675,44.32381049183265,78.42098686245764,29.799664332554478,0.9175799229984966,13.516180934579056,0.28512993273748877,404.56055836793,0.7340268030136067,5.630426515517692,192,Yahoo
chronos,data/Yahoo/A3Benchmark-TS45.csv,value_0,147.5885880262144,226.5704633370516,86.4345882843498,51.59507851026951,0.8492237754741018,29.620244549958148,0.5248988258595416,1453.7615364723429,46.70686364577259,7.095330706696503,192,Yahoo
chronos,data/Yahoo/A3Benchmark-TS46.csv,value_0,50.10994187921176,63.21593246852654,2.3056886784810193,2.271475777803353,0.9976884935232043,1.6911352620992266,0.2678517799838772,172.95219507716,0.7823512663430469,1.2856290239760184,192,Yahoo
chronos,data/Yahoo/A3Benchmark-TS47.csv,value_0,191.40287936612503,266.82243635855014,13.551080997633653,14.44465407316066,0.9357234021673233,8.660493955533182,0.6276706975281937,1561.3262454287851,-100.4834226550591,5.250413323937118,192,Yahoo
chronos,data/Yahoo/A3Benchmark-TS48.csv,value_0,100.98957966338632,132.0329475813052,5.189499599715103,5.251167137747948,0.9786752159780088,4.43005027305067,0.6313906089696997,647.9972974652301,-52.669447655756926,3.8374254507239534,192,Yahoo
chronos,data/Yahoo/A3Benchmark-TS49.csv,value_0,62.85894632315296,92.15742467248668,8073.552195310979,54.258939086862355,0.8447483265617968,30.61550104870761,0.5602840994715705,663.804290488454,-2.781456808282311,8.710789676397392,192,Yahoo
chronos,data/Yahoo/A3Benchmark-TS5.csv,value_0,65.33089844552639,76.93415827283401,4.011956225136226,4.201111609973806,0.99371753067916,2.924619308080922,0.3294274236010539,196.16718444128992,-55.87780776224215,2.1422773310328087,192,Yahoo
chronos,data/Yahoo/A3Benchmark-TS50.csv,value_0,26.27569312252869,32.577077491446076,0.9817279351661089,0.9866332993487206,0.9993330188960817,0.8219879576587995,0.4945310489769958,120.53247789250963,-6.853171336911291,0.9408092550561998,192,Yahoo
chronos,data/Yahoo/A3Benchmark-TS51.csv,value_0,114.5782170136875,204.16002089800827,4.286312635132768,4.537701154193439,0.9808345296242577,3.3010681334533243,0.39171919357614965,2246.91669071659,-98.77705159656671,3.697522442197971,192,Yahoo
chronos,data/Yahoo/A3Benchmark-TS52.csv,value_0,85.06943676264272,104.37470578373456,48.81777771119158,38.121539939837106,0.9458735752485496,21.1759333417577,0.40139016593610816,291.222837458412,21.883130726401774,5.569211534141565,192,Yahoo
chronos,data/Yahoo/A3Benchmark-TS53.csv,value_0,40.778559525721406,115.81506560465395,10.191763138297729,5.5595831132508415,0.956843132290305,3.5014876135209705,0.2688459937940472,912.087034447127,19.995763997108753,4.5030797968861895,192,Yahoo
chronos,data/Yahoo/A3Benchmark-TS54.csv,value_0,141.67862195689614,256.92665639311286,46.05397846981676,31.520260274569452,0.9017827216092531,14.686334589162781,0.4524468524328543,2090.49430482556,72.97196824564696,5.688680682184066,192,Yahoo
chronos,data/Yahoo/A3Benchmark-TS55.csv,value_0,107.31375762968236,163.41210186444437,37.915386294175946,10.213403814636845,0.9709203733364551,5.366242405413906,0.49257704037453975,1594.7020641493,-98.12620603550052,3.9029260108981583,192,Yahoo
chronos,data/Yahoo/A3Benchmark-TS56.csv,value_0,108.82975094261157,145.86425886071186,6.3588239948988035,6.792533394452809,0.9757304099152915,4.895324285047366,0.6905265166211858,1049.56724750673,-96.91795363021878,4.291560083115118,192,Yahoo
chronos,data/Yahoo/A3Benchmark-TS57.csv,value_0,80.239533438451,100.70422194726258,5.241619031167406,5.041154035257142,0.9875985211130575,3.9952269091184003,0.44374921831385067,296.15919028184,5.1244701921608184,2.727550303792108,192,Yahoo
chronos,data/Yahoo/A3Benchmark-TS58.csv,value_0,114.05302113431317,143.0888473268645,53.68872083417254,38.259560214505186,0.9638176485733101,16.483222101853087,0.3462474628070854,482.421152495706,13.704492687187825,4.667463667484233,192,Yahoo
chronos,data/Yahoo/A3Benchmark-TS59.csv,value_0,69.11063795912925,92.13928298848435,10.229859330889921,7.603178028841655,0.9636975927571457,6.125106139273221,0.6795627813532118,500.6135499339837,-43.379893816291165,4.572362984308173,192,Yahoo
chronos,data/Yahoo/A3Benchmark-TS6.csv,value_0,5.672804564756586,15.50025040061577,28.835132449650892,20.902040553064687,0.9391331564455054,10.228459987172915,0.2153654408968143,198.890428812004,3.456836303306016,4.270493439233493,192,Yahoo
chronos,data/Yahoo/A3Benchmark-TS60.csv,value_0,60.83125089109806,104.46787696111735,2.0402481992747754,2.098200190371102,0.9932130747640704,2.0254843559448514,0.46748581852133286,778.0752487361701,47.64820409315627,2.451455591639529,192,Yahoo
chronos,data/Yahoo/A3Benchmark-TS61.csv,value_0,184.7817868971603,316.3539230954318,26.86167509072644,18.531414715690488,0.9061995080742771,9.982909300633345,0.5382658188794248,2100.62235099007,24.902558041165193,6.066780558074782,192,Yahoo
chronos,data/Yahoo/A3Benchmark-TS62.csv,value_0,21.229357320156037,38.81094843195476,0.760529748341349,0.760148195304718,0.999057839741874,0.6649738431423122,0.4151744677497423,281.0893475831699,4.90653426245053,1.116059314990905,192,Yahoo
chronos,data/Yahoo/A3Benchmark-TS63.csv,value_0,129.7419335924461,188.2869080497663,6.386538576222756,6.628993422294467,0.9603393945509885,5.755794144426735,0.706434292983622,1215.4735246934597,-116.38087161664457,4.849272974301195,192,Yahoo
chronos,data/Yahoo/A3Benchmark-TS64.csv,value_0,11.38979428734549,14.020302903263003,36.7797153237493,19.820078615869267,0.9868073519960142,10.406553410753796,0.21085149131578657,42.99164021164401,4.06090153390737,3.100294573049149,192,Yahoo
chronos,data/Yahoo/A3Benchmark-TS65.csv,value_0,69.80430831589969,150.7613367488169,31.03741271389146,25.706044460825456,0.9374165229891097,12.364408673438477,0.27906158916508866,1324.04639957043,8.72541358850476,5.1629322101576705,192,Yahoo
chronos,data/Yahoo/A3Benchmark-TS66.csv,value_0,28.125114994652222,34.45118104695491,22.987399216569315,14.556174126761995,0.9949518549762305,6.0843027509509815,0.16687148677408786,92.3708836636502,24.417280632585463,1.8999629795613457,192,Yahoo
chronos,data/Yahoo/A3Benchmark-TS67.csv,value_0,130.71400355928094,196.08842789421817,5.835979374957581,6.11392740730457,0.9781515980887241,4.425305136591632,0.5189476511045737,1737.6743159708499,38.82676226251082,3.7539509960722093,192,Yahoo
chronos,data/Yahoo/A3Benchmark-TS68.csv,value_0,92.29359533977754,200.77786241377856,21.391706060429964,16.21419362279819,0.8844470819428155,9.938120295102518,0.41066880276649564,1327.176920974888,-24.159823636551824,7.045853988616145,192,Yahoo
chronos,data/Yahoo/A3Benchmark-TS69.csv,value_0,16.503385825562336,21.109993434572786,137.55550874417767,56.44845816016099,0.9064967747592252,28.92100861247087,0.4752298310629661,57.8626862182607,1.8239174875885995,6.880296458061642,192,Yahoo
chronos,data/Yahoo/A3Benchmark-TS7.csv,value_0,17.649710596350573,22.43589288596078,34.94289177038763,24.95788320607387,0.9814062173029265,11.408403579598481,0.286419368374572,73.0784994333412,-1.5574607929272422,3.5336806612420313,192,Yahoo
chronos,data/Yahoo/A3Benchmark-TS70.csv,value_0,164.76024050346533,209.1651514529717,5.933332735173672,6.154734672590869,0.9756272911600737,5.036411908766928,0.7172650373474118,1101.32088361562,-135.65219546270308,4.461555904553254,192,Yahoo
chronos,data/Yahoo/A3Benchmark-TS71.csv,value_0,31.817623702079942,41.22025886036318,3.801075482019625,3.9436522795415088,0.991015919316216,2.896194758162008,0.7831161156798353,272.9996668942599,-30.767636522441858,2.911230140302229,192,Yahoo
chronos,data/Yahoo/A3Benchmark-TS72.csv,value_0,31.61127328541089,39.568152071126796,1.1294025561211163,1.1266306080942659,0.9990027605947487,1.0033663986220545,0.6940018756725909,163.5132210843699,14.688084248853073,1.1602575665008752,192,Yahoo
chronos,data/Yahoo/A3Benchmark-TS73.csv,value_0,24.557392143777083,37.88078070525176,151.4606960322344,54.399578369885994,0.7954473540499286,32.65755447355104,0.5371539115289892,227.144991928343,-0.13400166515752496,8.036053123666148,192,Yahoo
chronos,data/Yahoo/A3Benchmark-TS74.csv,value_0,57.85019410155642,69.39937456579943,2.3126444393856502,2.2857642515900904,0.9969456229593564,1.85475355894649,0.5822549857848637,171.16400852215975,1.8982159153068305,1.727179601018259,192,Yahoo
chronos,data/Yahoo/A3Benchmark-TS75.csv,value_0,160.31087334299033,265.21743468885774,39.816528029782376,33.92417068529808,0.895755851138333,17.672593878906362,0.48110974779648324,1755.70767674243,15.968404116343232,5.776254580200801,192,Yahoo
chronos,data/Yahoo/A3Benchmark-TS76.csv,value_0,59.526204753217655,78.94271643248564,65.26313655943544,28.217655178478097,0.9775579500430457,12.1535281788089,0.29193193074866874,250.960947501669,21.94033831199016,3.887755001955899,192,Yahoo
chronos,data/Yahoo/A3Benchmark-TS77.csv,value_0,14.514083399694528,49.85345988891202,16.377711780266857,15.761898972942165,0.942423772448225,8.163348094552603,0.16608622419261726,661.746510740714,5.567441125396198,4.715241229602714,192,Yahoo
chronos,data/Yahoo/A3Benchmark-TS78.csv,value_0,86.02091399188951,151.1602388028964,5.788846002659279,5.508486806315173,0.9726687976104913,4.226559274907524,0.3965902863721088,1211.1093318325002,-12.659412162345115,3.2445141303753746,192,Yahoo
chronos,data/Yahoo/A3Benchmark-TS79.csv,value_0,122.67968453773938,214.493676442744,14.697342789401088,13.454901236706709,0.9524297011752216,6.44640187897333,0.4338456281303545,2269.44414681334,27.70633291833676,4.942306156173002,192,Yahoo
chronos,data/Yahoo/A3Benchmark-TS8.csv,value_0,82.64932574332362,135.53568697940295,2.6179213416068663,2.668085873309309,0.9888441620066146,2.68998654751686,0.5557013898135366,1215.8540534948097,59.356006256987314,2.8277627959515392,192,Yahoo
chronos,data/Yahoo/A3Benchmark-TS80.csv,value_0,66.7840773255498,89.88162447934131,2.3442249519320733,2.334513696633975,0.9948947519251818,2.169383203334215,0.8176751487468737,371.20262254063005,24.19060529462605,2.3990286857120497,192,Yahoo
chronos,data/Yahoo/A3Benchmark-TS81.csv,value_0,71.77972508712858,104.14225858746703,11.577350667981161,8.64682108221701,0.9624922061085387,6.031480096944285,0.49659398572443,857.5311528153102,-16.03787921305289,4.682318858519917,192,Yahoo
chronos,data/Yahoo/A3Benchmark-TS82.csv,value_0,162.10525177408348,214.50222687573296,7.533535212273633,6.953664409465311,0.9738309508690279,5.366115053345459,0.5615675293649198,972.3749978546002,-21.198909090790476,3.964008088527307,192,Yahoo
chronos,data/Yahoo/A3Benchmark-TS83.csv,value_0,161.64533085725276,252.39228015131704,27.053966815985607,22.032671980668372,0.9343941540957663,10.462165057484455,0.4181447796865904,2452.22302055355,-4.2554014118198555,6.111170583491837,192,Yahoo
chronos,data/Yahoo/A3Benchmark-TS84.csv,value_0,84.2052234006339,104.62771640366522,6.118446014557166,6.205417831495899,0.9860919543846366,4.407478586279412,0.5037839352799803,271.2290930669701,19.414077826250054,3.1994013301216992,192,Yahoo
chronos,data/Yahoo/A3Benchmark-TS85.csv,value_0,59.76559316991368,75.09314760955601,67.71442986282975,33.545917315988305,0.9725221579971771,14.708409287254613,0.3194430710872376,203.15420542157995,30.628977147320096,4.220428941139707,192,Yahoo
chronos,data/Yahoo/A3Benchmark-TS86.csv,value_0,23.179199661542853,39.87207084591912,56.63547069860125,31.556496322145016,0.9440732820841234,16.333331354499,0.30230307200977835,422.458307084299,4.3940673095312865,4.891010201297606,192,Yahoo
chronos,data/Yahoo/A3Benchmark-TS87.csv,value_0,66.34145096534019,82.0228166853195,67.28199939186385,40.81769380628473,0.9565469944479636,19.162489082724303,0.4025325610385322,215.19622752354297,30.89515106697667,4.8762447949390735,192,Yahoo
chronos,data/Yahoo/A3Benchmark-TS88.csv,value_0,233.96779230245102,343.53753308916623,32.711390689618966,30.8181962696142,0.8998566641370619,16.124200641173125,0.48741008895808263,2456.35819715005,67.46849639205679,6.929420649041382,192,Yahoo
chronos,data/Yahoo/A3Benchmark-TS89.csv,value_0,83.06382289658724,100.97155191539433,9.740918315131442,7.809223544750584,0.9951111392413035,2.8105548035791723,0.25860023225727347,276.03918299181987,-38.493647457690685,1.6165986587573449,192,Yahoo
chronos,data/Yahoo/A3Benchmark-TS9.csv,value_0,64.43064474684581,213.49706366319631,29.150697813822664,15.483060379521016,0.9265656054288705,7.100327101019246,0.2278494711753167,2042.6516935995,-2.6196631902275516,4.788264317271075,192,Yahoo
chronos,data/Yahoo/A3Benchmark-TS90.csv,value_0,42.204199183196366,68.77302614494552,4.346309334295359,4.465279886190383,0.9776418583126236,3.725574221526693,0.5747631500158056,439.5474886788202,-33.75109041757872,3.8023357689598547,192,Yahoo
chronos,data/Yahoo/A3Benchmark-TS91.csv,value_0,102.40873254996144,126.51731312662379,54.081670406295956,33.04489627292124,0.9732153128772115,14.339301410119173,0.34617961564866007,389.381502351642,28.803499563254338,4.085878803863601,192,Yahoo
chronos,data/Yahoo/A3Benchmark-TS92.csv,value_0,145.71081311258465,252.78075936858448,135.35320277466994,44.85448126524753,0.9098310171551475,20.703124561261205,0.3856787300801653,2028.1064706193602,15.22481150805809,5.4377953728035635,192,Yahoo
chronos,data/Yahoo/A3Benchmark-TS93.csv,value_0,23.72787839786201,38.14635985711941,67.48057715834938,45.11902971188328,0.8842664343508416,24.355254159355315,0.43907037611455485,348.62655156308,5.9319917770271955,5.371048869254173,192,Yahoo
chronos,data/Yahoo/A3Benchmark-TS94.csv,value_0,50.99303925250768,61.9091109194672,3.9491398163121354,3.693858515350399,0.9969615470912582,2.1113944578481805,0.18561746834006307,195.6796047145699,2.057106221493624,1.3617736078507894,192,Yahoo
chronos,data/Yahoo/A3Benchmark-TS95.csv,value_0,34.15230934158276,43.74217654739732,1.8775834895387002,1.8968957198308298,0.9972354800520149,1.6351233699587144,0.7851726271845167,230.64368810419,3.4186576099191943,1.870319596162795,192,Yahoo
chronos,data/Yahoo/A3Benchmark-TS96.csv,value_0,90.1592113403223,158.14618935103962,4.057607340657645,4.07183921109047,0.9865184232694454,3.0924399369934807,0.3481854779026444,1674.0974326362202,20.04462112203304,2.999366043470476,192,Yahoo
chronos,data/Yahoo/A3Benchmark-TS97.csv,value_0,45.521634976899044,98.31378187689559,2.733807467219301,2.8294877206020157,0.9876146113746986,2.245028578656061,0.30689525354856734,1179.1099686799998,22.62227532865599,2.969956070293446,192,Yahoo
chronos,data/Yahoo/A3Benchmark-TS98.csv,value_0,113.87809100381723,195.0115211517502,25.718292030818663,10.754444371086109,0.961140737616635,5.782725460013007,0.42264038787832553,1562.06571751194,34.05883490739206,4.442827142740578,192,Yahoo
chronos,data/Yahoo/A3Benchmark-TS99.csv,value_0,61.892289139242486,102.05066015993913,1.9191409666099626,1.93968252734277,0.9934431574565223,1.9899163150263548,0.6681407078195051,529.1785957367701,30.25441321761585,2.490814700560843,192,Yahoo
chronos,data/Yahoo/A4Benchmark-TS1.csv,value_0,33.945839716229166,45.27905094496166,1.647821314490924,1.6493695626169296,0.9782560025384661,1.6677648666134484,0.4988003745484353,193.2023879932699,-7.909211201298441,4.223929905952674,192,Yahoo
chronos,data/Yahoo/A4Benchmark-TS10.csv,value_0,181.24938128571887,247.44301186833812,49.289453856961664,38.93079958939176,0.8467560385559503,24.459609783490947,0.5924492166033263,1575.44940136773,-37.26810145452419,9.383444431488853,192,Yahoo
chronos,data/Yahoo/A4Benchmark-TS100.csv,value_0,41.55450535189415,62.174196648112115,48.177911784553835,30.134628635656007,0.9867108436428096,9.329936028922258,0.4873526240278277,235.07265670467098,33.51556070780793,3.0780415935009566,192,Yahoo
chronos,data/Yahoo/A4Benchmark-TS11.csv,value_0,108.82504292277314,135.66425783714226,4.5823318399684325,4.775376596060629,0.9826885271956302,3.5981718543661363,0.8388887179707173,393.7806530923799,-61.32873171160176,4.280674207859468,192,Yahoo
chronos,data/Yahoo/A4Benchmark-TS12.csv,value_0,99.68100308538438,139.57625989540387,10.155148690816935,10.752846826267827,0.9833059753795091,10.46017830513592,0.7938675785449327,451.61799882695004,-21.476753032881703,3.464077685238525,192,Yahoo
chronos,data/Yahoo/A4Benchmark-TS13.csv,value_0,100.40692240354434,124.9280257855802,10.08470039087216,11.042923130169735,0.9827768779088621,5.673840342014475,0.4561147218419479,298.72965193588016,-47.47380077966295,2.981843202943807,192,Yahoo
chronos,data/Yahoo/A4Benchmark-TS14.csv,value_0,133.0603896770637,220.8109891661848,80.85889243907806,41.32885685139108,0.8677621866045847,21.98152994597961,0.5664923588867216,2206.1280271491,-5.508281461823759,6.524105020378605,192,Yahoo
chronos,data/Yahoo/A4Benchmark-TS15.csv,value_0,52.207315549933185,76.3262772299985,133.61431188031167,60.22579380518022,0.8168626213967731,36.21175321868634,0.539428978894149,477.094023235861,4.560122465011143,7.50009142396379,192,Yahoo
chronos,data/Yahoo/A4Benchmark-TS16.csv,value_0,63.420486510542425,82.22304653098965,48.93793344453265,21.42682483035512,0.9757028483699367,10.558357495801538,0.28276656519720295,247.92948672838304,53.81929306138047,3.998941234716081,192,Yahoo
chronos,data/Yahoo/A4Benchmark-TS17.csv,value_0,43.82929905463532,53.95299063342657,33.604953158278356,20.47043462129976,0.9815118963010133,8.326422673369459,0.3398042090693711,139.02117777553008,11.825179129241683,2.955209360675392,192,Yahoo
chronos,data/Yahoo/A4Benchmark-TS18.csv,value_0,116.67507022679236,165.7316453635243,1004.4825111296464,45.11769417363258,0.9507907003875978,19.39518869432255,1.1106947136341156,499.3446202714399,90.08710353036675,6.462759533717756,192,Yahoo
chronos,data/Yahoo/A4Benchmark-TS19.csv,value_0,234.73138885317073,326.1602756006752,10.314734608097318,12.003141038436128,0.9236194567128192,7.789472909862805,1.1209305035414208,1982.2921993212303,-199.9542217790853,7.310575455992208,192,Yahoo
chronos,data/Yahoo/A4Benchmark-TS2.csv,value_0,42.53762882901855,50.93251194065771,1.6785749443639242,1.7009063913845306,0.9984275523538592,1.31814927641217,0.475546514154341,100.93166528017991,-23.572198135283667,1.3379221188163233,192,Yahoo
chronos,data/Yahoo/A4Benchmark-TS20.csv,value_0,250.76939882540515,371.0234401529864,59.934338848754045,38.361237464333236,0.8219442263257588,23.352226466093363,0.9151863605228538,2355.08107033431,84.71739922547268,8.305996313916168,192,Yahoo
chronos,data/Yahoo/A4Benchmark-TS21.csv,value_0,39.99684449111007,60.79937224730608,2.4826482483162104,2.5518816552286254,0.9951447806297449,1.8511906864226713,0.4703240283463992,527.2860576544799,-22.559333784662382,2.1982711555973045,192,Yahoo
chronos,data/Yahoo/A4Benchmark-TS22.csv,value_0,53.88372483100617,91.02272117137359,41.863624488151515,21.322013395052775,0.9868518017853314,7.957830850314886,0.24601851882625822,358.02649999249,-13.70619901407283,2.7917731828419954,192,Yahoo
chronos,data/Yahoo/A4Benchmark-TS23.csv,value_0,76.92714356833748,95.22855100901043,136.86106928461638,24.934354439113807,0.9925227387091845,7.805622926586424,0.30164808489891615,259.951599121998,58.468130761699456,2.0387211660968094,192,Yahoo
chronos,data/Yahoo/A4Benchmark-TS24.csv,value_0,110.78415070034698,140.2892937789078,42.52235253624718,31.25313009763233,0.9339180921876706,16.15858784155943,0.6555468134370691,590.53509601425,-94.80216752362863,6.044553953098517,192,Yahoo
chronos,data/Yahoo/A4Benchmark-TS25.csv,value_0,175.55566221024765,217.6378078506262,20.710886209971953,25.517033352365193,0.9318506592300781,15.272945284720087,1.0794496056384617,715.7627675557601,-139.7611793814883,6.72612148651073,192,Yahoo
chronos,data/Yahoo/A4Benchmark-TS26.csv,value_0,250.55064316335006,437.86443388034826,334.16643779012554,58.11115649532137,0.6150679337433671,41.020341613657365,1.3053781069984618,1630.0953751274667,-114.86381357473526,11.435621956844894,192,Yahoo
chronos,data/Yahoo/A4Benchmark-TS27.csv,value_0,148.77964902644342,248.40615561597895,205.255766579836,36.467463621292296,0.9045942039096843,21.50281087191445,0.8483637260759607,1184.483718432346,9.507941808905363,7.561889146986614,192,Yahoo
chronos,data/Yahoo/A4Benchmark-TS28.csv,value_0,166.37947699131664,251.80416929911948,120.51845103413947,41.07768820226874,0.8779101109594767,26.37448250506273,0.508634054350143,1470.4011988849988,-2.4569749445290605,6.702457884162641,192,Yahoo
chronos,data/Yahoo/A4Benchmark-TS29.csv,value_0,48.86425983414019,82.54291205295287,4.989513258289463,4.976184916817239,0.9757344665778409,4.0384010113770215,0.38704182047478997,642.69404211387,-2.3340331957335985,3.7838220434235375,192,Yahoo
chronos,data/Yahoo/A4Benchmark-TS3.csv,value_0,44.28578745960476,73.05133776447077,5.368006641427586,5.75687487843506,0.9910336979526484,3.412546262438447,0.34557389463158056,686.40895608154,25.11462872944522,2.702502570715901,192,Yahoo
chronos,data/Yahoo/A4Benchmark-TS30.csv,value_0,166.00003545782718,203.9512110798845,5.517828013381033,5.680487522228691,0.9804299371581124,4.722740910316614,0.5762195277970924,577.4947191963101,-99.90879152840317,3.587649814738743,192,Yahoo
chronos,data/Yahoo/A4Benchmark-TS31.csv,value_0,30.648139272332184,75.84911029758257,107.61849501895023,16.99127776969435,0.9910064790702611,2.7886461202606037,0.5689271227806083,444.1511477371497,2.1404395534651575,2.93839755310377,192,Yahoo
chronos,data/Yahoo/A4Benchmark-TS32.csv,value_0,183.69182765672176,301.2943076481639,45.43661116161359,35.20512546338739,0.9371380926249622,17.554183689415424,0.5984548868668017,2100.27305553533,-46.35533880244284,5.955308611879028,192,Yahoo
chronos,data/Yahoo/A4Benchmark-TS33.csv,value_0,93.7006993130288,127.70441236082414,10.251381282901392,11.525125638520128,0.9424185568837751,8.260293253399176,0.8072262144194667,402.9869563208099,-67.69451017997602,6.453300394749946,192,Yahoo
chronos,data/Yahoo/A4Benchmark-TS34.csv,value_0,12.206002354944095,23.214513109778373,55.040111084241516,34.00986519650147,0.9160430666091648,17.80013182350875,0.3336671773635059,254.35076252600498,4.684407076038586,5.159710552006415,192,Yahoo
chronos,data/Yahoo/A4Benchmark-TS35.csv,value_0,135.64526442055293,183.85715105477172,90.21837102223941,61.97748270431119,0.8566743425750796,34.14047924995294,1.1563203721732367,922.9492690224805,9.609275188246835,8.126671237919654,192,Yahoo
chronos,data/Yahoo/A4Benchmark-TS36.csv,value_0,197.13430144305457,236.97242875771116,37.88482499909694,23.87755886888656,0.908365387263241,14.724610398642984,0.6410337714995241,625.6309517984901,-95.34972589184656,5.728370975418186,192,Yahoo
chronos,data/Yahoo/A4Benchmark-TS37.csv,value_0,189.84282491070874,318.49188954603795,84.26493671269543,35.422800344563974,0.8937746360113054,13.728876084225053,0.6983676258673158,1671.4238086331202,8.928002497903032,6.92506653274825,192,Yahoo
chronos,data/Yahoo/A4Benchmark-TS38.csv,value_0,224.91479485055697,330.4739681879004,27.893745947316845,18.98856831994514,0.628816293302417,15.471465410674027,1.1128996455306677,1476.3936068894109,-128.92090858754406,13.137906385066625,192,Yahoo
chronos,data/Yahoo/A4Benchmark-TS39.csv,value_0,86.58007531690991,142.09606860598288,5.108020502777385,5.270686982314787,0.9578057610729277,4.466313813952703,0.3904200179269964,1392.6703796339002,-14.44011496212192,4.66977809671937,192,Yahoo
chronos,data/Yahoo/A4Benchmark-TS4.csv,value_0,79.89452702181856,129.83493333831433,3.7559907534988266,3.8150766934611924,0.9830255545940628,3.32524416142833,0.4126444584631253,1316.3473165000896,-59.72898532360869,3.3765949139425966,192,Yahoo
chronos,data/Yahoo/A4Benchmark-TS40.csv,value_0,222.14585728572413,312.77799097039144,129.09783490662772,36.42437711175644,0.7475511117733507,22.723219274021154,0.775161316059799,1285.152061223608,65.13202082412379,11.128257170723996,192,Yahoo
chronos,data/Yahoo/A4Benchmark-TS41.csv,value_0,154.5103249260379,206.63472334694973,10.960985943820448,11.937684726318972,0.8415093534181743,9.375514283536468,0.7425052868975583,1292.06808643961,-81.98847727362973,8.862235080634735,192,Yahoo
chronos,data/Yahoo/A4Benchmark-TS42.csv,value_0,53.292183560958314,73.02745158539932,1.7526066660431228,1.7760301948425803,0.9943403709157237,1.9063076652696551,0.4954808299460316,203.84032585944988,-52.44596327469842,2.246514747936157,192,Yahoo
chronos,data/Yahoo/A4Benchmark-TS43.csv,value_0,69.53014514549928,95.62375603717564,21.69265501299427,19.994710312829476,0.9713703762497939,11.476116323467254,0.3410178701474463,311.7984930406501,15.425197920358974,3.8116981714598897,192,Yahoo
chronos,data/Yahoo/A4Benchmark-TS44.csv,value_0,87.66694908221285,123.27637002867844,58.79304751237922,37.50440151879977,0.8888651490511756,23.36935023954553,0.6461928082464252,678.354814266954,-67.51712014865375,6.328632928788161,192,Yahoo
chronos,data/Yahoo/A4Benchmark-TS45.csv,value_0,129.3036545999073,167.50909516594066,71.16141350244578,27.4431827606526,0.9744299262255701,13.816965123269512,0.42991144360105965,631.9515419920001,-30.307740253023027,3.8484590001867303,192,Yahoo
chronos,data/Yahoo/A4Benchmark-TS46.csv,value_0,190.02035886177748,250.43101745437414,102.6048941459637,55.973092513870704,0.8957210134908165,26.463788232804358,0.553115115670263,1579.94615548887,86.95137190839637,6.33625253327033,192,Yahoo
chronos,data/Yahoo/A4Benchmark-TS47.csv,value_0,125.12229133147873,208.26521664031435,24.28268611249362,20.197091165463668,0.9774083120580727,7.859630665628304,0.5334008933285498,2144.47604201309,63.41215213286574,4.249751180650219,192,Yahoo
chronos,data/Yahoo/A4Benchmark-TS48.csv,value_0,125.39365703728869,179.04396826576033,30.339485776329116,30.640312195544972,0.907823666149406,17.6306471555871,0.9650670625195604,1005.3057163360841,-21.772265739520325,7.233151853615713,192,Yahoo
chronos,data/Yahoo/A4Benchmark-TS49.csv,value_0,35.774446140125384,57.65890076223026,2.3134407051708825,2.276387055825693,0.9954272146894744,1.7315802501294004,0.6181872852664482,409.26689523194,13.999894457792038,2.2153780498183386,192,Yahoo
chronos,data/Yahoo/A4Benchmark-TS5.csv,value_0,64.41234500461636,85.4272292183174,36.35504835404071,13.849083453399757,0.9855205702396681,5.660804210834032,0.584010192225771,278.26309633846995,40.71785685538696,3.8915224113944262,192,Yahoo
chronos,data/Yahoo/A4Benchmark-TS50.csv,value_0,178.67601723940967,254.09966118100948,159.91816148510313,72.66601909916943,0.8023463222064231,42.83520903501696,1.0464151339352838,868.81715666322,-4.8361571668281895,10.115375428225452,192,Yahoo
chronos,data/Yahoo/A4Benchmark-TS51.csv,value_0,69.35976518896074,88.85991928497944,29.627794660704705,26.659798476631813,0.9696265236596483,13.913552384685454,0.5004946700825745,266.44279025858305,-51.88381331387574,3.917994579046706,192,Yahoo
chronos,data/Yahoo/A4Benchmark-TS52.csv,value_0,69.63173557203267,110.5135342823234,41.095851987233516,31.8337543682289,0.9268632085629063,18.108008221422608,0.4227431781038236,987.5870165615199,17.900942329660058,5.3590298302010355,192,Yahoo
chronos,data/Yahoo/A4Benchmark-TS53.csv,value_0,94.12449061147578,121.9852315181831,32.86630404981391,20.20907264948629,0.9741687672268725,12.602568700878908,0.5640566268854817,353.24433654473296,74.04289568295826,3.7819066888292987,192,Yahoo
chronos,data/Yahoo/A4Benchmark-TS54.csv,value_0,77.4504165155101,92.82745562187544,4.36098262886795,4.533115435903082,0.989306715711351,3.4051386836307476,0.6783004418695332,216.4009337069101,-65.41160820709426,2.941340136868224,192,Yahoo
chronos,data/Yahoo/A4Benchmark-TS55.csv,value_0,118.33721421750768,145.45395021289318,91.11984019906743,18.74802290539711,0.8649749795606584,13.291540565696552,0.7622038971243685,389.6330964527201,-23.82498452931526,7.172356263282846,192,Yahoo
chronos,data/Yahoo/A4Benchmark-TS56.csv,value_0,228.86995968474193,297.72522681171273,118.18559350812099,46.16375907313433,0.8963764057775115,25.595412908869953,0.9775996762257436,942.21606453825,-157.00128627743752,7.536673848562471,192,Yahoo
chronos,data/Yahoo/A4Benchmark-TS57.csv,value_0,93.31887222479247,116.53453435296272,141.00436506997164,39.86647703133948,0.9445068049091605,18.401723171498755,0.5397390560390215,331.435419651913,3.0840639614039085,5.166909276774431,192,Yahoo
chronos,data/Yahoo/A4Benchmark-TS58.csv,value_0,130.50044962571442,159.9450592417844,38.47336260615826,28.8568519046162,0.8755016832594913,15.366279183754566,0.917419252175787,537.134646172316,-16.826566812313086,8.212782504548365,192,Yahoo
chronos,data/Yahoo/A4Benchmark-TS59.csv,value_0,94.11505186856812,135.95256612583896,7.154977459998896,7.422419234045667,0.9712877143092683,7.057982414648363,0.6634878902760046,484.31087506391987,-23.88254325681955,4.781965748949431,192,Yahoo
chronos,data/Yahoo/A4Benchmark-TS6.csv,value_0,65.06121458769921,131.90252884576358,63.00434137719571,42.71526169050963,0.8567106241879494,21.76462063507128,0.4242028912808061,1165.2035331738089,2.6837969994510797,7.439721886894548,192,Yahoo
chronos,data/Yahoo/A4Benchmark-TS60.csv,value_0,61.58258128675482,87.77683954463505,25.20993594092067,24.801041562520563,0.9780119839594207,12.242565235496137,0.5973238628387983,273.70678608305,29.12223047198144,4.012510139092347,192,Yahoo
chronos,data/Yahoo/A4Benchmark-TS61.csv,value_0,132.48386584659156,166.94939557848664,82.81654574707113,51.19460909387031,0.8726126640512342,32.430900692735044,0.5603354805851739,645.1162262688799,-20.52877721636938,7.867709098110506,192,Yahoo
chronos,data/Yahoo/A4Benchmark-TS62.csv,value_0,154.5258711268112,225.12981247009765,65.68289381868448,27.61041346064989,0.9665297650059312,12.231887813836671,1.4533226018683407,1162.7634734070598,-98.21511272847194,4.516819375442827,192,Yahoo
chronos,data/Yahoo/A4Benchmark-TS63.csv,value_0,58.294223563525556,64.91916236458792,6.388316252514187,6.726338348906362,0.9775424547135525,5.226516343000814,1.6106332623677542,111.77878851596006,-57.9489835408145,4.787742868052704,192,Yahoo
chronos,data/Yahoo/A4Benchmark-TS64.csv,value_0,27.44700545360537,42.25352897258047,2.9693494303038563,2.919223113179389,0.9076810842153403,2.9286254346143217,0.5186475577767385,285.94069326569,-14.927462575076952,6.28334410685238,192,Yahoo
chronos,data/Yahoo/A4Benchmark-TS65.csv,value_0,93.37907604796062,199.026791177921,48.32097782385007,37.93786447645856,0.8838561428964709,18.88023234183899,0.35982494178666413,1734.374905536928,27.065417096303822,7.492546262222972,192,Yahoo
chronos,data/Yahoo/A4Benchmark-TS66.csv,value_0,26.371046192149745,34.18321247265982,26.976044667149885,20.336356563048742,0.9875451932674769,8.791924185896663,0.3655404040640833,93.62072074516095,1.1472666487408354,2.776535005105185,192,Yahoo
chronos,data/Yahoo/A4Benchmark-TS67.csv,value_0,119.92117687968148,174.41392978116238,20.344719641021477,14.078682516954878,0.9694148365639084,7.154795061654712,0.4975882624912278,1527.9019454066665,-54.08755471489582,3.744713254945016,192,Yahoo
chronos,data/Yahoo/A4Benchmark-TS68.csv,value_0,58.30194921705336,72.49969898175125,12.526339680566384,8.533600186479754,0.985088464927605,4.649443117583442,0.4015459579251296,220.638026322521,14.52363387253881,2.9263852186396293,192,Yahoo
chronos,data/Yahoo/A4Benchmark-TS69.csv,value_0,124.86036385672317,232.05769870545308,82.2410705393509,43.56368128502924,0.8938773358391733,22.35959074107786,0.4808935385577085,2502.47515319954,-41.87621753855788,5.547794262639285,192,Yahoo
chronos,data/Yahoo/A4Benchmark-TS7.csv,value_0,135.83452335651538,281.50030984426445,17.923240478616577,12.505812144151632,0.7152736229650711,11.94758892794163,0.685603295934792,2580.459528352519,-89.10565928352158,5.968790533581543,192,Yahoo
chronos,data/Yahoo/A4Benchmark-TS70.csv,value_0,89.86663555726818,132.96352280869525,163.88898541079928,54.80261028797672,0.8630253395412695,29.146364052984026,0.5014352455540396,1066.817108797263,31.10304105228539,7.679020015324569,192,Yahoo
chronos,data/Yahoo/A4Benchmark-TS71.csv,value_0,165.89437073871838,268.2026856297879,7.003603830654644,6.839527043198595,0.9385066941909694,7.1487854292673525,0.5258954004371064,2171.56061954682,-39.761855599622756,7.070298071783589,192,Yahoo
chronos,data/Yahoo/A4Benchmark-TS72.csv,value_0,94.04670520691013,165.60821399294042,40.622097073725904,25.39620116135273,0.9484060364485587,12.489626529814423,0.3366531366810701,1769.21717481829,1.6731593279080184,3.8428833714383117,192,Yahoo
chronos,data/Yahoo/A4Benchmark-TS73.csv,value_0,159.47580508610778,248.5141265043789,13.182075191089057,12.323057391767609,0.92932401741647,8.411548038720221,0.4148319448970036,2352.69743624729,-14.336441266302996,5.097732217847692,192,Yahoo
chronos,data/Yahoo/A4Benchmark-TS74.csv,value_0,54.36741611006301,121.2460025937173,51.21176946410121,13.163586911315473,0.9783360582470754,5.741863966451005,0.3545647876639855,1481.85783672101,5.508606578055598,3.3805038444200934,192,Yahoo
chronos,data/Yahoo/A4Benchmark-TS75.csv,value_0,124.50348313554855,167.22131856794948,42.49540837253352,25.090381267014056,0.9622294900308938,14.486784909031435,0.5940677817006441,451.5673326975195,-46.589627326013925,5.137204926536934,192,Yahoo
chronos,data/Yahoo/A4Benchmark-TS76.csv,value_0,261.15312829585724,367.83179285797206,77.4378118661661,39.47696680520532,0.9224169874095856,16.99539539381483,1.029351764507506,1173.318995892979,-234.78491018231998,6.764515727927349,192,Yahoo
chronos,data/Yahoo/A4Benchmark-TS77.csv,value_0,181.32700048789243,290.5373768502847,32.59625722976266,18.974073909659513,0.8018817520577399,14.45544405608446,0.6351505332507372,2164.479084696402,-10.536803031914715,5.778489073028563,192,Yahoo
chronos,data/Yahoo/A4Benchmark-TS78.csv,value_0,152.73727606114744,277.36166069285815,132.45231615284504,36.28462696386688,0.8421396282308047,26.93154563097538,0.9044430723502397,1932.0617676644208,-61.21094402224099,9.15874102812189,192,Yahoo
chronos,data/Yahoo/A4Benchmark-TS79.csv,value_0,90.97667528581661,122.29275451607796,4.379171070087129,4.501211311423314,0.9308502994755774,4.098825327438836,1.705248685333827,336.60884815194004,-34.99588798136673,7.176631454097279,192,Yahoo
chronos,data/Yahoo/A4Benchmark-TS8.csv,value_0,71.6103300013893,168.40559560426917,34.916242568467126,32.395041849044176,0.8269269639080674,20.261030183229924,0.5382163368894346,937.271884722035,-15.715595827972914,8.887536205654326,192,Yahoo
chronos,data/Yahoo/A4Benchmark-TS80.csv,value_0,136.64103491470394,268.3263659391087,163.98951396677745,37.01283021120057,0.8337471936792433,25.227334637096615,0.719708470007222,2190.79254452811,-76.41124825003398,6.660790595118357,192,Yahoo
chronos,data/Yahoo/A4Benchmark-TS81.csv,value_0,142.73328184277614,181.59242389381868,18.61213783837851,19.462079391272447,0.9125199192447054,10.642617319608854,0.6890723651804553,690.69834924011,-100.30146268655523,6.598753166820573,192,Yahoo
chronos,data/Yahoo/A4Benchmark-TS82.csv,value_0,52.710359649244616,160.48515977789606,31.552532180977956,21.99268507669606,0.9337862027043206,10.098020671262178,0.22656987007420773,2090.38861652463,4.807979217565003,5.200218075647785,192,Yahoo
chronos,data/Yahoo/A4Benchmark-TS83.csv,value_0,22.463168500627827,33.29272885590581,24.485558335088996,21.48586460745281,0.988426853649325,9.24004337574244,0.23497099160307366,115.92654473258199,2.5623886556439572,2.4824835195119266,192,Yahoo
chronos,data/Yahoo/A4Benchmark-TS84.csv,value_0,77.51476005404349,120.03185673110653,5.580340030104786,6.105183799769433,0.9784717713735915,4.526685887102408,0.4567950937877499,471.908164252,15.775589574635022,3.5610302681258874,192,Yahoo
chronos,data/Yahoo/A4Benchmark-TS85.csv,value_0,161.34619874849673,281.1150388727613,46.74667122694435,37.75545006594229,0.8256581600994894,26.337522709409278,0.49334109644052876,2695.53362030914,-0.31736329330598184,5.3617632374400435,192,Yahoo
chronos,data/Yahoo/A4Benchmark-TS86.csv,value_0,141.64393188645795,216.08285204005696,15.138678514744411,15.03081719937929,0.8819339270717446,10.240390717051886,0.5440307442235086,1833.30206328867,-61.025806228897615,7.3891307137689415,192,Yahoo
chronos,data/Yahoo/A4Benchmark-TS87.csv,value_0,38.94503384552653,48.7930904559657,9.39909719221766,9.714423584834208,0.994742177872859,2.8974587992399528,0.21168573814197988,137.84755211128697,17.04653903169374,1.7176857447263498,192,Yahoo
chronos,data/Yahoo/A4Benchmark-TS88.csv,value_0,153.04761604914734,241.7295967558238,54.57227581722706,23.58244690597856,0.8938647791229795,10.382171529055759,0.7427126768632132,1981.6611605785101,-17.841880183550117,6.776440784461347,192,Yahoo
chronos,data/Yahoo/A4Benchmark-TS89.csv,value_0,139.60645564252897,229.4575526400845,58.7309070306936,37.755994905881145,0.8988455410509649,21.628464164205027,0.5952028693845524,1722.86749976773,-85.23045036636294,7.174519118586146,192,Yahoo
chronos,data/Yahoo/A4Benchmark-TS9.csv,value_0,110.45001101473572,143.87935945821357,109.68028347204621,54.21766066652338,0.9049089594407368,30.435052865959133,0.5828996834856192,442.87522028082003,44.28126048341613,5.268453569579847,192,Yahoo
chronos,data/Yahoo/A4Benchmark-TS90.csv,value_0,37.578744243589966,47.69801651800851,3.7982826841053585,3.7577119612602745,0.9930407260764058,2.9790175888614585,0.28622394836346776,157.24676957735983,-13.093378460183748,2.033329083941413,192,Yahoo
chronos,data/Yahoo/A4Benchmark-TS91.csv,value_0,42.929743937460444,63.56939360844434,84.64744113677321,38.878112973266916,0.9896287499689642,9.033928113973934,0.5798794929482737,226.38060010909498,-0.5719237108595668,3.2508732346984064,192,Yahoo
chronos,data/Yahoo/A4Benchmark-TS92.csv,value_0,45.685123376556305,71.66946835724075,1.7259204233696246,1.7024484008683167,0.9967341111816626,1.4612547123102737,0.502134008899162,542.4346557168201,-14.735457125710765,1.9489990391601721,192,Yahoo
chronos,data/Yahoo/A4Benchmark-TS93.csv,value_0,202.47589231477482,280.9996668989714,80.76167537853011,38.004109422010785,0.9361640042007617,20.148230800157467,0.5563321045082215,1491.0905388647002,87.1541780515771,5.350731353089777,192,Yahoo
chronos,data/Yahoo/A4Benchmark-TS94.csv,value_0,191.15800882647855,226.18621988810705,145.33215335495117,53.45286811666467,0.7967286058396854,44.95273559850916,1.6646406041619912,772.3354399953773,44.707854720469165,10.029997998887834,192,Yahoo
chronos,data/Yahoo/A4Benchmark-TS95.csv,value_0,134.3675841535904,166.72644857514675,5.9740111137497,6.165106524794065,0.9659389093213238,5.746750234369892,0.6872967297092935,464.29726562417704,-111.8781843492361,4.380773284905224,192,Yahoo
chronos,data/Yahoo/A4Benchmark-TS96.csv,value_0,150.63225900363867,187.5381887139318,7.214312016330392,7.715742360412313,0.9469240449613542,5.879110081835326,0.8161391878373486,412.2685540570701,-129.7858867139064,5.580755523218457,192,Yahoo
chronos,data/Yahoo/A4Benchmark-TS97.csv,value_0,66.68109883140914,87.41084931927122,23.730677070234538,20.11041511543811,0.9913347063524567,6.641490927521357,0.6377799736973815,427.3363847863302,48.57159559071104,2.7369610416637826,192,Yahoo
chronos,data/Yahoo/A4Benchmark-TS98.csv,value_0,84.05451991431202,102.75257709502881,3.4550009972737836,3.553294767813443,0.9921306155292342,2.6394607942999513,0.6590586094935713,275.1212365910201,-64.65875385730277,2.7078591198230315,192,Yahoo
chronos,data/Yahoo/A4Benchmark-TS99.csv,value_0,186.93828060676412,283.59898285340813,81.20815221939922,55.71662083174811,0.6931834780162311,34.17992239855533,0.99412250364386,1401.751598110383,-44.46159664854442,11.1935382033511,192,Yahoo
chronos,data/Yahoo/real_1.csv,value_0,0.03451485172797422,0.04265596262363731,43792779.46228104,68.6107794777265,-0.0017947248985152875,55.87902522470021,0.8343138969163949,0.13764819624983,-0.0036570983234455946,22.39120748569114,128,Yahoo
chronos,data/Yahoo/real_10.csv,value_0,0.2596926915441953,0.35625839580834345,2.7954227440159234,2.815955301651653,-0.08826052617062907,2.8080031774615826,1.0562498476544713,1.3148693938970002,-0.049574292035771864,16.799902067980995,128,Yahoo
chronos,data/Yahoo/real_11.csv,value_0,578.765625,783.4974573187842,12.751512104795113,12.533581175006056,0.8143850078267572,13.02197222710494,1.6486830041719938,3195.0,-78.53125,11.624591354878104,128,Yahoo
chronos,data/Yahoo/real_12.csv,value_0,11.3017578125,14.360892364062462,51.940847070258634,39.82100929922381,0.31450786368051575,36.51249369005553,0.7671422994053981,47.375,-2.0146484375,19.147856485416614,128,Yahoo
chronos,data/Yahoo/real_13.csv,value_0,868.078125,1057.0815218089851,10.199992718775746,9.511127963305913,0.9209746964031745,8.606069806492387,1.1658339524026058,2627.0,555.9375,7.813449048776593,128,Yahoo
chronos,data/Yahoo/real_14.csv,value_0,190.87109375,314.2869937702243,33.39518472924084,28.668535186017685,0.3769740587729349,31.39770989423361,0.8470413343437696,1693.0,9.88671875,12.276835694149387,128,Yahoo
chronos,data/Yahoo/real_15.csv,value_0,892.6015625,1090.8751253294301,10.217046357422262,9.515324831928273,0.9200807838933082,8.596947317333775,1.1656716103764564,2720.0,585.7265625,7.8991681776207825,128,Yahoo
chronos,data/Yahoo/real_16.csv,value_0,0.056168891059031084,0.07711946174217274,3.7647782747543017,3.7943670484298675,0.9249677613093542,3.898813603491327,0.510362434758709,0.37736111111109993,-0.00554660373264046,6.042003531486775,128,Yahoo
chronos,data/Yahoo/real_17.csv,value_0,1541.015625,2219.323246369262,227.42169484792964,71.95541427924937,0.09303756495516569,94.42859331316303,3.0601045168477836,6154.0,1139.109375,20.583595310417937,128,Yahoo
chronos,data/Yahoo/real_18.csv,value_0,0.025254347059461793,0.03987565086473102,7.823593125332316,7.963718584470138,0.844798320394621,7.726097864189821,0.6879751817664226,0.23810763888888997,-0.004032830132378513,10.159401494198987,128,Yahoo
chronos,data/Yahoo/real_19.csv,value_0,51.9755859375,76.56814502068846,6137695648.189529,103.47718617503969,0.48263801558475605,76.68136237897649,2.306393925248952,268.0,-13.28173828125,16.93985509307267,128,Yahoo
chronos,data/Yahoo/real_2.csv,value_0,1661.1796875,1994.359258399173,29.743402503814142,23.551937711033545,0.642767251527178,19.6989081947925,8.312443668735224,4178.0,1300.8984375,20.282307112775076,128,Yahoo
chronos,data/Yahoo/real_20.csv,value_0,0.17207702636718752,0.30225411433361105,143.57189160437161,43.822938759421916,-0.987595991090439,70.37015774760384,7.026939661939813,0.9790625,0.15402069091796874,33.21473783885836,128,Yahoo
chronos,data/Yahoo/real_21.csv,value_0,48.15625,68.45666826312467,26.23322081807672,27.6469090784698,0.5137588559025348,26.98419647156678,0.7136340431738623,227.0,-23.2890625,15.665141478975897,128,Yahoo
chronos,data/Yahoo/real_22.csv,value_0,305.359375,501.00659613921255,23.680766031898585,20.27290631361538,0.45671473096264514,20.564435511874823,1.1755984183642536,2694.0,54.234375,12.569156952815167,128,Yahoo
chronos,data/Yahoo/real_23.csv,value_0,0.04938405799247102,0.06491997347082898,6.294785811891314,6.161053319933673,0.25492193167679145,6.031953962116409,0.8705439001413716,0.23539970447207004,0.0026121048117885145,16.477283573110828,128,Yahoo
chronos,data/Yahoo/real_24.csv,value_0,0.6094916797190159,0.7861847170216194,1.6479396707555514,1.6431695600281218,0.6297735797059504,1.637075086053784,0.7324928342941766,2.9310441880099987,0.01361375966159395,12.550218523830244,128,Yahoo
chronos,data/Yahoo/real_25.csv,value_0,1.5388555526733398,2.0748687039174607,4879369790.545136,111.85383140629637,-0.07654929087929441,91.61558639171513,1.1041505942910406,5.375,0.7793416976928711,18.862442762886005,128,Yahoo
chronos,data/Yahoo/real_26.csv,value_0,83.3125,155.1301872621831,144.85619792320784,41.06634962931742,0.3536382849178613,40.13398065560197,0.9859008106597092,672.0,-13.21875,16.21005091558862,128,Yahoo
chronos,data/Yahoo/real_27.csv,value_0,42.5390625,54.57527771344824,8.514536721553306,8.293326081583139,0.9452616216167019,7.65338393421885,0.5451524659434914,145.0,12.5703125,5.830692063402589,128,Yahoo
chronos,data/Yahoo/real_28.csv,value_0,1442.0078125,2151.7484042779024,57.519015616809035,10.456282411248226,0.793357327792273,9.594461341094414,1.0911284091247615,14360.0,21.9140625,8.083809468321821,128,Yahoo
chronos,data/Yahoo/real_29.csv,value_0,9821.578125,15901.27135149105,104.2946526256888,8.199534171030145,0.4390690107549565,7.3878287777204745,1.3579346974384825,132061.0,1801.3125,9.361012646064893,128,Yahoo
chronos,data/Yahoo/real_3.csv,value_0,0.11886338975694609,0.19980526822992847,3.9717248886220387,4.104860370057159,0.8889071789343009,4.0925512201683265,0.6289563191157275,1.6271527777778,-0.07198621961805392,5.7998626481837,128,Yahoo
chronos,data/Yahoo/real_30.csv,value_0,0.0889314778645797,0.13760449731400598,4.986439770132077,5.1912689870789706,0.8560230611291229,5.12883852896836,0.7989678066356036,0.9787499999999998,-0.05615424262152655,6.749914025486092,128,Yahoo
chronos,data/Yahoo/real_31.csv,value_0,10.5224609375,16.14764375770599,34.65777165738353,28.474838405099856,0.7985300286566598,25.787382730231666,1.2006761357255165,63.0,4.369140625,9.611692712920233,128,Yahoo
chronos,data/Yahoo/real_32.csv,value_0,0.01128531238081568,0.013962237030681213,40.90037745171249,30.873309370253832,0.1719567331769204,28.81775702547652,0.9391929333334841,0.031245678926990997,0.001328229562446258,17.363094639141156,128,Yahoo
chronos,data/Yahoo/real_33.csv,value_0,11.3017578125,14.360892364062462,51.940847070258634,39.82100929922381,0.31450786368051575,36.51249369005553,0.7671422994053981,47.375,-2.0146484375,19.147856485416614,128,Yahoo
chronos,data/Yahoo/real_34.csv,value_0,1160.109375,1438.7680005390027,6.065690044750728,6.159365934986555,0.9608504474716741,5.912595172738371,0.6106015948452711,3964.0,-285.484375,5.886457738887991,128,Yahoo
chronos,data/Yahoo/real_35.csv,value_0,23.990234375,30.51804505892784,41.44606024815039,38.09522788959212,0.13811173327742277,34.21067290552585,1.0626996043337984,87.0,-9.216796875,24.61132666042568,128,Yahoo
chronos,data/Yahoo/real_36.csv,value_0,0.09815321180555549,0.1267217754924927,1.7854656541272744,1.763324290094955,0.7809451657434446,1.7523529238556164,1.0565439666031275,0.35833333333329964,0.061861979166664846,10.235548390687848,128,Yahoo
chronos,data/Yahoo/real_37.csv,value_0,28.384765625,51.01918469287876,371093875.7105414,50.722565211875,0.7209688353217958,48.23751991502921,1.3113369350218262,209.0,6.671630859375,13.751801804010446,128,Yahoo
chronos,data/Yahoo/real_38.csv,value_0,14330.3671875,19337.342349672497,3.293688810368257,3.2850204426378364,0.9812218663491269,3.234373521318954,0.4421657973720877,66199.0,-712.6953125,4.067097903426275,128,Yahoo
chronos,data/Yahoo/real_39.csv,value_0,5076.7734375,18505.93054752145,9.922482967560708,11.117676896684552,0.46256457560880027,16.15607743357276,0.9671828872255399,141381.0,-3548.3046875,10.26664219043314,128,Yahoo
chronos,data/Yahoo/real_4.csv,value_0,54.3916015625,253.8601787528822,46.10358923826594,37.54829094097022,0.005962339938758721,55.970134255165206,0.6649724103232094,2078.5,-35.7861328125,11.862625175368327,128,Yahoo
chronos,data/Yahoo/real_40.csv,value_0,50.7265625,69.33456028561802,23.22575700493064,21.752561575224718,0.7661685737143823,20.462639059594718,1.1426522592231287,215.0,-5.8046875,11.441346581785153,128,Yahoo
chronos,data/Yahoo/real_41.csv,value_0,22.45263671875,44.969307499041605,76.64317855949189,36.90404036578987,0.4158978592460897,38.81601161534306,0.6663904798507245,260.0,-10.39111328125,12.811768518245472,128,Yahoo
chronos,data/Yahoo/real_42.csv,value_0,3.763824462890625,6.355429143377781,2392120401.640522,83.63861076714305,0.4233725390563394,52.30939535830619,0.9139688466292722,28.5,-2.886962890625,16.29597216250713,128,Yahoo
chronos,data/Yahoo/real_43.csv,value_0,0.04262936328125,0.05193308186358296,2.674740421964222,2.636664354349528,0.9422961712884499,2.580948501862371,2.1117317857702167,0.13229899999999994,0.02549137890624999,8.36820526322639,128,Yahoo
chronos,data/Yahoo/real_44.csv,value_0,442.09357148353104,893.9342185659364,1.1964429942228714,1.219488815301441,0.8998465411669258,1.2700218243137487,0.5913135530332049,8548.398392256,-387.9192486250779,5.842679094334248,128,Yahoo
chronos,data/Yahoo/real_45.csv,value_0,25.40985107421875,39.69136805270196,5100097763.670622,81.37644188751659,-0.1903401283481938,77.21892064339981,0.632507072996037,114.125,-12.74212646484375,31.008881291173406,128,Yahoo
chronos,data/Yahoo/real_46.csv,value_0,125.421875,174.5784655248178,43.102656959153215,14.114479977013225,0.6827442102332821,13.948840927258194,0.9273201446701985,1154.0,20.140625,11.592195585977278,128,Yahoo
chronos,data/Yahoo/real_47.csv,value_0,579.6640625,732.7964044074589,6.765240783889172,6.833386507303577,0.9761174857551351,5.750194328777166,0.35948948856838703,2023.0,-321.5234375,4.191000311166479,128,Yahoo
chronos,data/Yahoo/real_48.csv,value_0,154.46875,283.37000988107405,26.98040702507142,30.891814276741634,0.16660453757234905,32.28503314718657,1.1346828185551507,1657.0,-112.9375,14.19689428261894,128,Yahoo
chronos,data/Yahoo/real_49.csv,value_0,0.025254347059461793,0.03987565086473102,7.823593125332316,7.963718584470138,0.844798320394621,7.726097864189821,0.6879751817664226,0.23810763888888997,-0.004032830132378513,10.159401494198987,128,Yahoo
chronos,data/Yahoo/real_5.csv,value_0,1193.7578125,7173.755224667029,20.721567221122353,21.741264310358844,0.04068813388877224,38.13285018729396,0.69144961318754,79827.0,-746.7734375,8.686300779380568,128,Yahoo
chronos,data/Yahoo/real_50.csv,value_0,940.7734375,1195.6193249996004,10.25255199699468,10.416849071623888,0.5452732254419871,10.226119536704195,1.2667998363197794,3994.0,-241.7109375,16.165756151968637,128,Yahoo
chronos,data/Yahoo/real_51.csv,value_0,81.8125,106.46089364174998,6.365874073663089,6.443390052169823,0.9730112322802399,5.80056942182636,0.42128644122775005,271.0,-24.21875,4.903772162217871,128,Yahoo
chronos,data/Yahoo/real_52.csv,value_0,176611.4453125,616207.1696461383,100.3888097445371,3.6464856247986552,0.6922794845028237,3.0151704067814795,0.4549848253155337,6696973.0,37483.6796875,8.316686472613874,128,Yahoo
chronos,data/Yahoo/real_53.csv,value_0,0.6094916797190159,0.7861847170216194,1.6479396707555514,1.6431695600281218,0.6297735797059504,1.637075086053784,0.7324928342941766,2.9310441880099987,0.01361375966159395,12.550218523830244,128,Yahoo
chronos,data/Yahoo/real_54.csv,value_0,0.8200213828835876,1.1844193399801872,9.955316985687013,9.62606339477169,0.9315701631109726,7.957884399531623,0.575803663190029,4.975572277421001,0.0958757349388719,7.855000827638098,64,Yahoo
chronos,data/Yahoo/real_55.csv,value_0,77.6953125,99.13496954909503,6.697159849303304,6.392186217858839,0.964894358217302,6.108834929390591,0.7040531350338922,308.0,66.5390625,5.0450366182745565,128,Yahoo
chronos,data/Yahoo/real_56.csv,value_0,2247.4140625,3118.6905567982376,6.463723930127313,5.9810666004091555,0.9523338718824637,4.899134563261591,0.6462853537940919,16349.0,1698.3046875,5.417497102156162,128,Yahoo
chronos,data/Yahoo/real_57.csv,value_0,2515.3828125,4132.724635644444,71.05414954920946,32.141038732971026,0.762380341064574,29.71199658925116,1.2637514426956824,14312.0,-2010.3671875,14.208638642798748,128,Yahoo
chronos,data/Yahoo/real_58.csv,value_0,3.370849609375,4.055373764028021,15522460985.3939,137.65340233940083,-0.11178948378232301,123.63001432664757,0.9955765125363372,10.125,0.5721435546875,31.195182800215544,128,Yahoo
chronos,data/Yahoo/real_59.csv,value_0,0.1395458298662385,0.22713515197514583,549926769.1760406,27.0485636104493,-0.02004738582088872,20.43546203774833,0.7753664335049081,0.76953125,0.036346619605399616,22.71351519751458,128,Yahoo
chronos,data/Yahoo/real_6.csv,value_0,11.53125,14.316729724346967,12.185255524086221,11.573538010276371,0.8529915998089097,10.628645495787428,0.907353624535316,46.0,-1.078125,11.012869018728436,128,Yahoo
chronos,data/Yahoo/real_60.csv,value_0,0.0773822699652772,0.16920654046879,6.357967018181415,6.962258375320787,0.4169906754823527,7.742410721071017,0.7175429730281272,0.9194097222222,-0.04486979166666546,12.97706744115153,128,Yahoo
chronos,data/Yahoo/real_61.csv,value_0,38.83154296875,59.26998757382992,6997070396.333734,59.439602903771814,0.5970824117460336,42.73072128610729,1.24284424320344,263.0,-7.15869140625,14.967168579249982,128,Yahoo
chronos,data/Yahoo/real_62.csv,value_0,0.06621489201751643,0.07466316652755671,51.11654725730605,37.999034959342836,-2.1048357522211805,43.75431244784426,1.9622769011094026,0.1596862296748,0.056842251537993924,34.95638158721238,64,Yahoo
chronos,data/Yahoo/real_63.csv,value_0,1.178409864268976,1.4807841531515953,8.67988289336683,8.716694341050887,0.328367995305904,8.631065012635272,0.8185458458638042,3.853776021247999,-0.2698215454138211,16.05659802072541,128,Yahoo
chronos,data/Yahoo/real_64.csv,value_0,5.33154296875,6.93407458720047,66.19203864881655,41.927270941879335,0.027353936191228723,38.95191210045662,0.7067911868802192,28.5,-0.05322265625,18.740742127568836,128,Yahoo
chronos,data/Yahoo/real_65.csv,value_0,313.5078125,475.5831535467799,17.79203254165187,19.115569584411624,0.8193478209980578,20.39551927787999,1.185761277845613,1420.0,-263.3984375,12.333588006918566,128,Yahoo
chronos,data/Yahoo/real_66.csv,value_0,7.2661285400390625,16.439731565177077,5053558391.460441,137.15929429798805,-0.12397456298365395,92.54372667910448,0.6886554661081797,80.8125,-6.1335906982421875,19.34086066491421,128,Yahoo
chronos,data/Yahoo/real_67.csv,value_0,15.92425537109375,20.37508051803687,58.05527042680602,37.79611027436462,0.7874602879125632,24.41375838423763,0.7476452614154921,62.5,-1.30242919921875,11.709816389676362,128,Yahoo
chronos,data/Yahoo/real_7.csv,value_0,4.247314453125,5.797640932384428,58.555941096784636,44.85476743872579,0.20514073255114107,42.63970588235294,0.7967635680160635,19.9375,0.159912109375,19.32546977461476,128,Yahoo
chronos,data/Yahoo/real_8.csv,value_0,27.98388671875,69.1699198620376,60.4165620961072,45.25128812408175,0.06066701715305867,53.310574490251526,0.8851690194971981,609.75,-0.74951171875,10.432868757471734,128,Yahoo
chronos,data/Yahoo/real_9.csv,value_0,0.0034876201890190733,0.004512094199811431,16.306900419006347,15.480754114552624,0.8596604311899385,14.042022594238182,0.6682759396370714,0.013220486111110999,0.0007440998147117719,10.767497522277202,128,Yahoo
chronos,data/Yahoo/synthetic_1.csv,value_0,490.48304396207436,653.1445882832844,142.59539426242478,67.26060903524137,-0.03969039848191591,55.120453033603745,15.460130908367393,1653.512834948263,490.441446544654,29.88520321351477,128,Yahoo
chronos,data/Yahoo/synthetic_10.csv,value_0,415.01769321759605,510.2229892727605,901.265920219988,72.63737351354334,0.690727020077761,49.794182776576584,3.0816741420187728,954.9439092277865,341.1909150830895,16.321448078889173,128,Yahoo
chronos,data/Yahoo/synthetic_100.csv,value_0,1040.0376526426721,1365.8059935824874,6.676937538665843,7.104464461892787,0.9543236181434233,5.598743542534333,1.8528125988700899,3396.9237202799995,-340.2688492762719,8.628678320861052,128,Yahoo
chronos,data/Yahoo/synthetic_11.csv,value_0,1057.9878490842002,1220.1686433084665,118.96802161467974,132.48745516278495,-1.3362205922177082,77.93335763478865,7.399060193059708,2378.26562821089,-1057.478408000085,40.92868732640757,128,Yahoo
chronos,data/Yahoo/synthetic_12.csv,value_0,554.882434046963,748.0823655814735,99.39729632257348,98.69536018803034,0.3319014793585525,62.83154920000699,4.001365754368174,1570.79433585409,114.29598194240637,24.346234700209365,128,Yahoo
chronos,data/Yahoo/synthetic_13.csv,value_0,940.8657305089697,1148.6469644681742,52.14653053851457,68.44535272907379,-0.3910670119612756,49.786410638126924,5.6380198935738814,2012.2240121608002,-938.2047439590642,31.157947945205112,128,Yahoo
chronos,data/Yahoo/synthetic_14.csv,value_0,231.0470024473404,292.7701860476127,6.979066232996719,7.46121402402371,0.9898012846870287,4.434027562536583,1.0944849683387634,680.7414077994099,-47.14555089763301,4.305970258617515,128,Yahoo
chronos,data/Yahoo/synthetic_15.csv,value_0,553.6566422847636,716.3179176592777,1795.6730690284176,63.89030001982475,-0.2869224106736239,57.04552071321447,3.166454786905524,1620.592056540915,426.79728859113754,29.92626273003412,128,Yahoo
chronos,data/Yahoo/synthetic_16.csv,value_0,221.72176023548388,268.5387725017898,11.50666223568809,10.53350524595692,0.9651449560308902,7.853980910454353,1.052714601699499,671.883175733772,42.731859335549146,5.6206473677019275,128,Yahoo
chronos,data/Yahoo/synthetic_17.csv,value_0,424.29238041737995,511.8437361346742,192.576525400031,76.5026632614877,0.6621881595584665,56.379135168118246,1.9620246178128018,1060.129674983277,350.81535172650325,15.627714285699474,128,Yahoo
chronos,data/Yahoo/synthetic_18.csv,value_0,1148.1601200101222,1330.3183453393929,52.737101423707955,84.30314130927718,-1.0487426759917957,46.16546168565244,5.650163773770551,2317.0075413427303,-1118.7259742733258,32.492670779102006,128,Yahoo
chronos,data/Yahoo/synthetic_19.csv,value_0,846.7036938584638,1017.2225515387114,653.6752845073764,131.00383931441266,-0.16708327787773603,101.29885893934673,3.6942884868090076,1945.48395173851,115.46023186269181,31.25869558108816,128,Yahoo
chronos,data/Yahoo/synthetic_2.csv,value_0,165.8630483393187,244.5444844559942,56.341472489420376,55.77602867542687,0.8765230876534147,26.148285451302645,3.721157956895307,835.484832911692,97.56966579124493,9.89403366269116,128,Yahoo
chronos,data/Yahoo/synthetic_20.csv,value_0,902.9464475011441,1182.3117514048251,33.61389228342529,47.456039838639875,-0.21823717633091166,35.41757615739639,3.7047327008513236,2335.51344888301,-847.5397580630101,27.34351168289179,128,Yahoo
chronos,data/Yahoo/synthetic_21.csv,value_0,679.6025311422396,827.9643467611148,11.988739707755508,13.407978315139735,0.9518952439259405,8.529244473372884,2.34793512808076,1990.4098017138303,-161.16009173044858,9.566233067152922,128,Yahoo
chronos,data/Yahoo/synthetic_22.csv,value_0,580.9193909629274,739.0564729411592,1424.234318539695,47.368563685513955,-0.6291260377841035,45.40064798160991,2.145969976464789,1928.214103507427,536.4571835341571,28.641252127864504,128,Yahoo
chronos,data/Yahoo/synthetic_23.csv,value_0,356.24655542109065,453.4139038670839,10.76557778188322,9.89470109739464,0.9397412962594885,8.531887112390011,1.192947272526021,1171.2691672190103,278.52802377390657,7.6171808804741294,128,Yahoo
chronos,data/Yahoo/synthetic_24.csv,value_0,389.4691130171672,458.90482025747906,236.81734088117753,84.58005785167992,0.7336038621098746,51.864046562591746,1.3936949487816401,1093.2994575486318,293.1987910969327,13.658717328616868,128,Yahoo
chronos,data/Yahoo/synthetic_25.csv,value_0,1308.975867082396,1535.0449167604502,39.14012060087213,51.1685336692876,-1.0616875970591146,41.73112361649067,4.370910873893837,3261.5003783703496,-1307.283476142756,35.00847596816859,128,Yahoo
chronos,data/Yahoo/synthetic_26.csv,value_0,880.698027481109,1043.6424369220317,245.6136478774854,132.75048768084164,-0.1293480966645002,105.01929456790067,2.8184632569512926,2143.15215289756,95.499323815635,28.277553561718076,128,Yahoo
chronos,data/Yahoo/synthetic_27.csv,value_0,1327.9096243162355,1624.4902530719874,41.512708537781805,60.89881231464616,-0.6580282340820258,37.6070152366563,4.434484945233295,3262.48765458531,-1050.3751069315676,30.432302252462822,128,Yahoo
chronos,data/Yahoo/synthetic_28.csv,value_0,386.2676159361532,471.85296894757965,4.819270137034388,4.954556685368404,0.9888581163820496,3.829383359779252,0.9728603783535172,974.4575796694999,-32.94036729767156,4.449120473774819,128,Yahoo
chronos,data/Yahoo/synthetic_29.csv,value_0,680.5117106405361,830.0149228940102,60.90164591218421,38.44363667218604,-1.1759910397562487,40.83408951777579,1.9192054703626822,2001.002220133983,625.9090707465512,29.516260352996284,128,Yahoo
chronos,data/Yahoo/synthetic_3.csv,value_0,374.70244695350016,452.9830998376522,242.77076282494608,68.73454736613702,0.7662074378699506,42.3002254596921,6.526974197674493,846.531892564537,306.17154279092176,15.866107071441713,128,Yahoo
chronos,data/Yahoo/synthetic_30.csv,value_0,730.0701111256628,1000.5354024971979,11.275219630202793,10.629809945367137,0.823654233875429,12.273635115722838,1.995348688866809,2459.87095639997,547.4705844711434,14.46395640731531,128,Yahoo
chronos,data/Yahoo/synthetic_31.csv,value_0,526.2811334452279,636.6617420925829,188.9518036488607,92.94803945221209,0.34121366770404093,62.55709695278364,1.372535005853593,1505.334497766929,306.30596468092034,18.881269882971864,128,Yahoo
chronos,data/Yahoo/synthetic_32.csv,value_0,1386.0883597830116,1648.5811529301727,32.99591832387434,41.46920216546061,-0.7360998895774282,35.78773797353433,3.6027299188195423,3596.0498081327096,-1377.3942823916354,32.53309103701661,128,Yahoo
chronos,data/Yahoo/synthetic_33.csv,value_0,616.2643850934392,747.3657320898026,174.51101402068775,118.43198082352926,0.40926776983793833,75.2893778841527,1.6845628877684096,1714.72110993129,47.23291017603202,17.90532089210018,128,Yahoo
chronos,data/Yahoo/synthetic_34.csv,value_0,1105.442952844693,1393.9007280539897,30.218228476442988,40.06325559099309,-0.17152737658791972,31.21958557850033,2.719218730379664,2790.84403922392,-1040.301135313491,25.97544555161686,128,Yahoo
chronos,data/Yahoo/synthetic_35.csv,value_0,519.4375700795258,635.8407561877129,4.836349471966383,4.916688152755973,0.9850750193360355,4.202257602699631,1.0609150301417527,1457.8760978399005,73.33310271539162,5.124841572661048,128,Yahoo
chronos,data/Yahoo/synthetic_36.csv,value_0,644.9262997556913,837.3703537470261,247.90046709693866,44.945694873550934,-0.8803484808377575,44.02957042139605,1.5827366309757245,2113.3572188459448,346.1342859152908,32.09374047062737,128,Yahoo
chronos,data/Yahoo/synthetic_37.csv,value_0,408.89382532936327,491.72523448318555,7.991455553381933,7.504439874066948,0.9641141119219764,6.240652629434887,0.863647440174809,1451.15593418229,210.6496090767825,5.989248049272572,128,Yahoo
chronos,data/Yahoo/synthetic_38.csv,value_0,634.2112396959444,768.8286784035487,248.48836642187626,57.209770286530045,-0.03196632981679093,49.05567622243,1.355700227983644,1840.349368917429,336.6096409919235,21.654596884225043,128,Yahoo
chronos,data/Yahoo/synthetic_39.csv,value_0,1223.2288265864497,1507.3605690556867,25.845110224041356,32.365236798260554,0.15936745123321627,22.708728233183212,2.8055918588607662,3040.36550222618,-1100.1645766367794,22.691825921126917,128,Yahoo
chronos,data/Yahoo/synthetic_4.csv,value_0,787.7856978818211,950.3633915097872,599.3733140736458,115.76450913075196,-0.33360413837423386,115.13350137793184,10.710696127137131,1672.58550323326,-766.9159820437948,33.93143932643689,128,Yahoo
chronos,data/Yahoo/synthetic_40.csv,value_0,1037.486851238277,1211.47115732605,365.60546349085513,91.73760579837892,-0.0904953576133849,73.98720999571017,2.155233191016755,2885.2494458503998,-78.72396550151407,25.3717952421987,128,Yahoo
chronos,data/Yahoo/synthetic_41.csv,value_0,1096.5464311336664,1398.9258866684286,28.506543488571467,36.62770741852542,-0.028864736397616664,28.31644655403609,2.2369786289987537,2946.88519284262,-922.5656332256514,24.24003827910272,128,Yahoo
chronos,data/Yahoo/synthetic_42.csv,value_0,921.8782431455893,1123.4090304552906,7.34797162325039,7.754688639388942,0.9672842677129048,5.928010039007623,1.6667382255437757,2679.481147464099,-174.47607889368618,7.778129674059732,128,Yahoo
chronos,data/Yahoo/synthetic_43.csv,value_0,693.8730152603747,850.5274852969571,30.0755419679264,24.124788385884884,-0.6372238998768434,24.93677648608735,1.323805987691187,2054.4099940473498,578.8460887451788,25.316456039945866,128,Yahoo
chronos,data/Yahoo/synthetic_44.csv,value_0,493.1571218385608,609.8790089383315,8.042647628951215,7.547828565818702,0.956544151822556,6.509202604996342,0.8804079026885671,1665.69877804643,316.44377994130036,6.602381452078555,128,Yahoo
chronos,data/Yahoo/synthetic_45.csv,value_0,483.7813528206646,582.8654185738793,258.1650551697045,87.06663472831434,0.49152490974492313,52.17732838531042,0.9442739260050608,1544.824839911225,272.9265474503155,16.39506507941824,128,Yahoo
chronos,data/Yahoo/synthetic_46.csv,value_0,1399.5755587316871,1670.844227161931,25.822309224363504,30.70787651117409,-0.1177423136851139,27.89305350195007,2.526547363018082,3821.51277702269,-1360.2741384632345,26.87036289485051,128,Yahoo
chronos,data/Yahoo/synthetic_47.csv,value_0,1105.49695663534,1308.9484297952108,319.92578238018694,65.11334563250972,0.003865858165548519,54.84008274076173,1.950322694785728,3337.1160376441803,-157.22572665441916,24.13905295740373,128,Yahoo
chronos,data/Yahoo/synthetic_48.csv,value_0,1395.2096699239023,1721.289492022489,28.90723505684672,37.504414093787176,0.04681522609757516,25.697987561937346,2.6115634001273165,3741.2601648730197,-914.7565383229517,23.78765038403006,128,Yahoo
chronos,data/Yahoo/synthetic_49.csv,value_0,648.2423720285082,794.8829586037491,4.333272201968762,4.362823349233647,0.9853610503646411,3.9096310873685454,0.9627628240944731,1832.4890471826984,148.8467991676784,5.028784206500812,128,Yahoo
chronos,data/Yahoo/synthetic_5.csv,value_0,775.5632677054435,978.0532539561597,200.09871749220602,119.862362846284,-0.14462976028716024,85.26668997519963,11.172604926674934,1746.2620106006,217.81824563220727,34.74470348066846,128,Yahoo
chronos,data/Yahoo/synthetic_50.csv,value_0,784.4876534079324,952.2953800529743,26.713565163103915,21.979211464917014,-0.3686034085279555,22.38427359713409,1.2866939254993526,2211.02965133415,653.2374695314122,22.676263152479166,128,Yahoo
chronos,data/Yahoo/synthetic_51.csv,value_0,1056.865131201661,1436.1046854247456,9.544806817548785,9.041520605810765,0.8465868975228223,10.573591507220735,1.7216905467635966,3539.0759191292,808.6722016835555,14.23228181786513,128,Yahoo
chronos,data/Yahoo/synthetic_52.csv,value_0,856.6393881590448,1008.4167702390245,44.93339451420787,33.99181411614652,-0.3607298975809934,32.02819636191887,1.3414923072242548,2402.20122464648,283.4211356252695,22.26868110544735,128,Yahoo
chronos,data/Yahoo/synthetic_53.csv,value_0,1554.2848756146475,1882.3664040159636,26.299826894332433,31.41746505547978,-0.20994964062907773,28.646059106653553,2.435722849406681,4376.42631615032,-1498.4494382859543,28.04570480191938,128,Yahoo
chronos,data/Yahoo/synthetic_54.csv,value_0,703.4318844724908,858.9486352663097,101.7389933759556,75.06586955059547,0.44694888514207587,52.316911992658376,1.1718149925696881,2220.6878346540498,-66.1419826445337,15.343603371090028,128,Yahoo
chronos,data/Yahoo/synthetic_55.csv,value_0,1183.6878368812252,1480.3872520030006,28.74802818894107,35.460492988014096,0.025851179943145453,28.13299632293345,1.8034263320195163,3209.9620167758703,-961.0028726238111,23.318750408802345,128,Yahoo
chronos,data/Yahoo/synthetic_56.csv,value_0,594.7142114415126,729.9624095246808,3.7351064063566293,3.7695170321890146,0.9897218761588534,3.2100882791694025,0.7779695141565007,1704.9390990067986,11.087025606893931,4.191536488216848,128,Yahoo
chronos,data/Yahoo/synthetic_57.csv,value_0,770.4758487907129,991.8132299379249,38.234178305336854,28.959722781778453,-0.9383027317665911,30.31787753259326,1.1986499027174031,2605.563902037907,384.2998430446286,30.330115886125142,128,Yahoo
chronos,data/Yahoo/synthetic_58.csv,value_0,553.5125094017224,676.2877952399464,7.365600046805919,6.978246754183642,0.9624172851215574,5.953987442626029,0.7558343884677751,2122.96235234666,165.49887809649996,6.099199319584097,128,Yahoo
chronos,data/Yahoo/synthetic_59.csv,value_0,937.7381047788635,1100.1773630919106,33.80177199749626,28.18470081034056,-0.1416608758422928,26.509139817713805,1.2939045389568822,2597.03820922503,239.9606922288632,20.757770371722657,128,Yahoo
chronos,data/Yahoo/synthetic_6.csv,value_0,896.6880503448874,1079.9772980253067,167.21651437954446,119.82300165882629,-0.37765031953809935,71.50883575343283,9.974183791871202,1974.6910664611,-664.5033876891193,34.86338521674999,128,Yahoo
chronos,data/Yahoo/synthetic_60.csv,value_0,1142.3151515212026,1514.3433112208718,12.124249757888176,13.638438278082422,0.731503498859378,11.663844635223432,14.470458911305448,2933.8950190818505,-1141.1416957368046,16.815439882679694,128,Yahoo
chronos,data/Yahoo/synthetic_61.csv,value_0,740.019009241161,963.2477301834423,1007.2925455301822,118.60347122684973,-0.10900265573384926,82.90852914325151,15.597765984306593,1741.38666455691,269.04240036838337,35.245594488246454,128,Yahoo
chronos,data/Yahoo/synthetic_62.csv,value_0,1188.1074538364187,1564.514207711602,14.682187904147453,17.14158948110349,0.6317375109905506,14.126602970953739,14.668367380132612,2827.42144460069,-1185.925749766826,19.210471764932304,128,Yahoo
chronos,data/Yahoo/synthetic_63.csv,value_0,724.8818338502342,924.5665925611282,3.784438885584804,3.9175593109741467,0.9897660916417222,2.929817757230957,4.312539927584828,2265.8767192402993,-292.5332254432753,4.775345263691704,128,Yahoo
chronos,data/Yahoo/synthetic_64.csv,value_0,467.96540735752683,621.041063355689,180.75062824690298,52.994287973306385,-0.15209972960815543,43.558664470934296,7.685897436187974,1593.380552928706,464.94403997911775,30.485355416385346,128,Yahoo
chronos,data/Yahoo/synthetic_65.csv,value_0,940.1087850896935,1157.1636204194535,7.356713518419788,7.742687821713296,0.9469946335484534,6.531707519525715,6.75986633895943,2721.9786463164,-97.50186481646695,9.795401040444194,128,Yahoo
chronos,data/Yahoo/synthetic_66.csv,value_0,367.84637734114636,431.3468663465667,141.23122941135878,75.70017382254318,0.7632912379209611,46.96426112269791,4.268342246800245,837.208935886621,288.985802264751,15.441736758662202,128,Yahoo
chronos,data/Yahoo/synthetic_67.csv,value_0,1265.7450242472057,1600.384117878834,12.104299630821336,13.420254672646713,0.7383423668348834,12.114205679273514,9.99516777242311,3169.0194994832,-1253.4359747399649,16.89693689526593,128,Yahoo
chronos,data/Yahoo/synthetic_68.csv,value_0,887.8600208603286,1066.5139088780677,292.3343026148922,132.4099856760295,-0.27989216099422576,109.10299180908123,8.667187645800576,1978.4905519376098,75.61511964811834,33.64191318150951,128,Yahoo
chronos,data/Yahoo/synthetic_69.csv,value_0,1404.8381889005889,1813.6148935915173,17.64742615836854,21.251939251713566,0.5790816329928454,15.381181152804915,10.459621954445439,3616.7621980758704,-1245.1120511189733,20.608205246016734,128,Yahoo
chronos,data/Yahoo/synthetic_7.csv,value_0,139.78836379583183,183.57291563287157,17.67629346508275,23.461869067827813,0.9920938807466719,5.358797138157783,1.1873594846182631,445.294600363379,-63.64757698453466,3.8289804851902276,128,Yahoo
chronos,data/Yahoo/synthetic_70.csv,value_0,507.1409130371319,676.3764256922531,2.4361869283720394,2.4974743333156617,0.995249040235076,1.8905432214271753,1.9514093573784552,1761.3632567323002,-234.14249286985725,3.226602027224685,128,Yahoo
chronos,data/Yahoo/synthetic_71.csv,value_0,483.7484676490896,606.188801244525,41.05417445801491,29.626902443049165,-0.5032160644168755,29.893881244679992,3.369396376523857,1547.21526421826,471.2809949479915,28.075992638348218,128,Yahoo
chronos,data/Yahoo/synthetic_72.csv,value_0,1539.8326898863759,1834.4793549922224,11.368398537841006,12.373185860378364,0.8895796999365859,9.655415783488491,7.244584636719714,4310.2686091489995,-337.36516101781035,14.229594995409242,128,Yahoo
chronos,data/Yahoo/synthetic_73.csv,value_0,489.2767447047175,598.6019883579073,295.840950334244,87.27565178351392,0.3296216513132675,61.39971292008435,2.827586150591475,1074.50587325143,253.34538591992504,21.28016926501278,128,Yahoo
chronos,data/Yahoo/synthetic_74.csv,value_0,1446.0582769456464,1786.1302217438097,12.774329618184725,14.089880162300423,0.7077792939444374,13.149241045760707,6.999112725888995,3677.350820060199,-1437.7755987453224,18.002599859839215,128,Yahoo
chronos,data/Yahoo/synthetic_75.csv,value_0,570.7401854014217,754.5765932497268,68.53199189963921,102.56535180668405,0.3615199036444664,70.40316272118194,3.332729466072092,1807.7340314141202,12.844383983597643,21.304712587452222,128,Yahoo
chronos,data/Yahoo/synthetic_76.csv,value_0,1284.481214021255,1649.7301422184687,14.944150906928883,17.346279851609083,0.6457308828339643,14.229713077935804,5.787835731847125,3006.1431569365604,-1270.3791375302612,18.71568006692204,128,Yahoo
chronos,data/Yahoo/synthetic_77.csv,value_0,605.5771054557172,754.3629665256602,2.4613783658650474,2.5043074219449086,0.9948249179073946,2.0945841988802156,1.7249843894304697,1622.9342382149007,-85.56659061327505,3.336359688170592,128,Yahoo
chronos,data/Yahoo/synthetic_78.csv,value_0,550.5300615448036,709.8114987194938,69.15479418147628,36.635993342781106,-0.8397537850458161,36.07897351488808,2.617326331085493,1641.626138180067,343.59721532785267,33.67779507104561,128,Yahoo
chronos,data/Yahoo/synthetic_79.csv,value_0,987.4205898345675,1246.788811846129,6.834783251147794,7.2001317485047815,0.951718834718748,6.0228677856666595,3.2371133225344186,2905.7492450304,-137.0254150265534,9.25018005768989,128,Yahoo
chronos,data/Yahoo/synthetic_8.csv,value_0,473.26562526037986,608.0435510856163,99.09715928719687,64.41899114655672,0.07202487430717575,50.8476493278652,4.486186836434726,1578.469410914567,465.4977854957089,26.597326524842103,128,Yahoo
chronos,data/Yahoo/synthetic_80.csv,value_0,601.3829380044415,724.2022534493875,91.03469335977346,48.60510148619473,-0.174795354677463,40.878594137504386,2.334204323049356,1349.76289694704,260.88959873740816,24.319525240863022,128,Yahoo
chronos,data/Yahoo/synthetic_81.csv,value_0,1403.9351160525487,1838.1075547153441,13.688967618952693,15.677228048138698,0.758921160177588,11.30875003194128,5.174728907192557,3844.2943566057,-1232.091463134027,16.295528323005623,128,Yahoo
chronos,data/Yahoo/synthetic_82.csv,value_0,1101.00938553466,1295.7411373550303,596.3562634665786,84.00933395458578,-0.25494457304350115,69.26060366956577,4.057321374550145,2872.94399813358,-166.9835419685731,29.549234011179376,128,Yahoo
chronos,data/Yahoo/synthetic_83.csv,value_0,1208.1295707879376,1586.5207966873,14.250625100372691,16.571756521111205,0.6838929749140619,13.17364089925912,3.9803154193608283,3149.1289066941,-1112.05995319891,17.459691314196352,128,Yahoo
chronos,data/Yahoo/synthetic_84.csv,value_0,1029.9090213751665,1269.7770085421644,3.9973334434297,4.125264773831917,0.9877755494157724,3.213820591507166,2.4095556651163945,3041.7718327356015,-314.2512467808995,5.065224641017483,128,Yahoo
chronos,data/Yahoo/synthetic_85.csv,value_0,565.7291041404852,699.5510741585832,20.88275636258344,17.806480671870585,-0.35204603012547464,18.194599217679297,1.8033106150121871,1762.71622745763,523.8006484595792,24.758031226648622,128,Yahoo
chronos,data/Yahoo/synthetic_86.csv,value_0,1029.6861117661556,1295.4804989983024,6.822450089684756,7.196432277589793,0.9525500743410499,5.975714853901574,2.635082557718058,3056.1220881161007,-157.6788119185147,9.082957455316217,128,Yahoo
chronos,data/Yahoo/synthetic_87.csv,value_0,408.4817070633624,486.1966203877682,126.34759503026845,64.34046155351498,0.5476167410657702,40.44458987518952,1.291509430290181,1190.8816424654985,242.75658400346276,17.361488166108593,128,Yahoo
chronos,data/Yahoo/synthetic_88.csv,value_0,1447.5223360444766,1756.2359864982072,11.930956543905621,12.993625755790623,0.7563157368234817,12.301814869441824,3.8780515496729215,3838.579373880999,-1433.9880903298827,16.58906431432143,128,Yahoo
chronos,data/Yahoo/synthetic_89.csv,value_0,1226.36931573784,1460.5205160480255,77.03582425715858,56.40847770217212,-0.16512403732954573,50.14017739926716,3.4346706208020183,3450.3168131472203,-290.88148536499693,28.341204754278387,128,Yahoo
chronos,data/Yahoo/synthetic_9.csv,value_0,457.74791312130026,562.7648427775167,271.7296105377229,58.87692116469313,0.7068645270137368,32.1028735162215,3.897550962030303,1277.53256680266,179.93747776604522,15.493594264783914,128,Yahoo
chronos,data/Yahoo/synthetic_90.csv,value_0,1519.47541437093,1957.9647309703178,16.71541932592282,19.87949287087717,0.6477642741135481,14.130540872066657,4.199247406375893,4219.20917708239,-1123.8798916847463,18.666528464873267,128,Yahoo
chronos,data/Yahoo/synthetic_91.csv,value_0,660.0268790803655,802.5041482054985,2.184789778361744,2.2025527849895665,0.995318495780596,2.0149679107521723,1.2389008241162334,1729.1216466136975,92.80197032604687,3.1117070121496453,128,Yahoo
chronos,data/Yahoo/synthetic_92.csv,value_0,652.2692957893827,798.1089893275065,18.677985153966688,16.20998060144905,0.052039126240110756,16.229700543397428,1.6309592049057635,1944.3824794074399,590.6395970022907,22.022954623816624,128,Yahoo
chronos,data/Yahoo/synthetic_93.csv,value_0,2268.400050992465,2644.8192516348954,13.421957793857942,14.739635512806167,0.8455918261361515,11.50519244846097,4.944762167506732,5982.3523616002,-421.3155779797914,16.772605588290844,128,Yahoo
chronos,data/Yahoo/synthetic_94.csv,value_0,797.089048732121,926.6568890679035,29.964755026320088,26.495325185063606,-0.2023573051285268,24.58197234925928,1.8565644798637075,1978.8688170348396,171.04935388371376,22.410556503037817,128,Yahoo
chronos,data/Yahoo/synthetic_95.csv,value_0,1550.2960910045315,1884.2609771439436,12.375055680619615,13.499738750652114,0.7313291941212052,12.93275556186259,3.3975770572496895,4139.9866897887005,-1531.1109579090798,17.30637157104927,128,Yahoo
chronos,data/Yahoo/synthetic_96.csv,value_0,628.7937207544292,779.513279453948,133.06161127092318,60.01216342760164,0.5418854934882164,40.48654830124404,1.5553935841712911,2170.0092993628996,-135.11793465403147,15.13504003600474,128,Yahoo
chronos,data/Yahoo/synthetic_97.csv,value_0,1161.9996183727294,1516.2704424688325,13.856173585712689,15.906576386948585,0.7124630148872798,12.726286089058176,2.49086194246695,3245.67917870971,-963.204828110026,16.133246944012516,128,Yahoo
chronos,data/Yahoo/synthetic_98.csv,value_0,508.1581550705743,630.1320545440819,1.7517868968294394,1.771331017654846,0.9973745682226736,1.4723074310811481,0.8157035402635318,1440.9136230902004,-117.40537099119769,2.30685107357878,128,Yahoo
chronos,data/Yahoo/synthetic_99.csv,value_0,739.2690614248833,907.8064552394371,27.92370616301402,24.639310745614814,-1.1234379001857997,25.6382613890459,1.6556587348546465,2182.65654759313,263.1023066315827,34.50283454135542,128,Yahoo
timesfm,data/Yahoo/A3Benchmark-TS1.csv,value_0,317.93293922195215,401.6604543977729,23.175087973231932,21.999836881647678,0.8501743428876375,14.399483187647553,0.8013594398153336,2051.5170031957887,249.70439161734498,6.114907110311258,1168,Yahoo
timesfm,data/Yahoo/A3Benchmark-TS10.csv,value_0,181.8278763141616,236.32246579845037,6.186088267101353,6.321863111348669,0.9491358110350466,5.518703162652227,2.1670820579562022,952.32279875322,79.22842189709841,4.900832661146449,1168,Yahoo
timesfm,data/Yahoo/A3Benchmark-TS100.csv,value_0,14.765333248759655,27.50798451097957,117.91951543294212,28.233974818083208,0.9496802023946354,14.626898331219268,0.3018307261394721,322.81064994252216,3.8247331335374395,4.261689466955057,1168,Yahoo
timesfm,data/Yahoo/A3Benchmark-TS11.csv,value_0,164.49357069488318,216.87155231749117,12.624435319196683,8.996055404652504,0.9293541823378741,7.529237176695598,0.749941742079541,1833.3719961481424,-57.5017077368359,5.4570681449984715,1168,Yahoo
timesfm,data/Yahoo/A3Benchmark-TS12.csv,value_0,69.87779723524005,157.88305823267007,73.97183000544693,31.105143390161928,0.9179195309638251,15.669109763896477,0.3358009268567602,1567.1457027147599,11.090096464101146,4.532403253056382,1168,Yahoo
timesfm,data/Yahoo/A3Benchmark-TS13.csv,value_0,133.54532143989837,205.64522314737383,32.05045435437674,25.238777855700977,0.9462703352903278,11.294820927519334,0.4495999320535076,1987.5900559267125,-69.5639784193813,4.034277290096592,1168,Yahoo
timesfm,data/Yahoo/A3Benchmark-TS14.csv,value_0,78.24620745296589,107.88795229489601,2.4974977465913457,2.540196391966169,0.9888839681692742,2.377761852278685,1.3036597324535644,557.64764368342,40.17093846731693,2.758286037016391,1168,Yahoo
timesfm,data/Yahoo/A3Benchmark-TS15.csv,value_0,310.757187283175,385.56595447510614,27.851062466291193,15.814782151046941,0.9326748619876962,9.414013311851942,0.9316365454423892,2558.4295939529,275.7080993107455,4.999072454434958,1168,Yahoo
timesfm,data/Yahoo/A3Benchmark-TS16.csv,value_0,292.8080723238551,378.48736112576904,10.78729893476334,10.5974106987002,0.9083500191043529,8.932717234866411,0.7730387211281663,2063.8136497850446,-104.94618447674594,5.213343706925352,1168,Yahoo
timesfm,data/Yahoo/A3Benchmark-TS17.csv,value_0,156.38192335267127,207.74250022802192,5.180103777952332,5.322235862114074,0.9658662391615074,4.753508150418364,0.8265441595749684,1982.9517206874998,-45.311308810119776,4.208751041610781,1168,Yahoo
timesfm,data/Yahoo/A3Benchmark-TS18.csv,value_0,129.03547281569192,189.73176048336984,4.284288832060614,4.401293740420569,0.9735225757703754,3.9129004248738894,0.571540676898256,1503.7851727264897,72.39447763442784,3.2881772207988327,1168,Yahoo
timesfm,data/Yahoo/A3Benchmark-TS19.csv,value_0,124.95773253134548,166.80181857332767,116.59240565205235,22.495684955160474,0.9403824048778955,11.09448735707241,0.6038568503702779,1391.4090091922512,98.99631039860586,3.6627126002125547,1168,Yahoo
timesfm,data/Yahoo/A3Benchmark-TS2.csv,value_0,158.98013771921927,239.1651550601779,5.5091948826216885,5.435560564193997,0.9507809513509242,4.830141861015479,0.8020310495933676,1807.8065412761648,-60.95206534087325,4.270701212066462,1168,Yahoo
timesfm,data/Yahoo/A3Benchmark-TS20.csv,value_0,225.92770296755242,299.1572966293147,7.686399623356416,8.127017804002612,0.9355513343862472,6.860904137960161,1.2454140199103894,1320.61716109529,147.39913031459312,5.2515554260909125,1168,Yahoo
timesfm,data/Yahoo/A3Benchmark-TS21.csv,value_0,43.154549590587244,59.37979778229545,1.4705493177189,1.4853990122907632,0.9965626618423216,1.3120938657585004,1.3701099920251227,284.6145859529952,-25.044646881797764,1.6396705988978362,1168,Yahoo
timesfm,data/Yahoo/A3Benchmark-TS22.csv,value_0,333.13715711498685,429.61592994382875,15.680503245771915,14.497811549640108,0.9043939610618733,10.157414589200691,0.9125987218020853,2750.2154048616803,-193.85980735392712,5.7608698988324525,1168,Yahoo
timesfm,data/Yahoo/A3Benchmark-TS23.csv,value_0,34.047693259386634,54.9782735878544,158.09359820553908,45.90655527123837,0.9043474946649157,23.631481316801242,0.43879632901559434,444.6579425853404,1.221999939247257,4.634612083068854,1168,Yahoo
timesfm,data/Yahoo/A3Benchmark-TS24.csv,value_0,7.31538574254857,11.994912618545879,108.83776880019435,35.71423192588048,0.9441084454712735,17.681125754924594,0.3890025541710433,131.01939490875878,1.931733138520755,4.662276884416565,1168,Yahoo
timesfm,data/Yahoo/A3Benchmark-TS25.csv,value_0,141.1946605369825,191.7528909517225,7.084741395207617,7.371754755876844,0.9327024070090321,6.44929303973554,1.1280198303409865,1036.9445232571102,-65.76865256710911,5.927824717311323,1168,Yahoo
timesfm,data/Yahoo/A3Benchmark-TS26.csv,value_0,230.83011081722998,307.02220325796384,7.994793398126037,7.885445987530683,0.9201438612253738,7.022260740109969,1.3414695545761266,1302.0344304329246,-108.57535656614259,5.625188337960461,1168,Yahoo
timesfm,data/Yahoo/A3Benchmark-TS27.csv,value_0,67.20426693242547,91.8406165889409,6.9612892982259185,7.2520318157928765,0.942252356048921,6.128957218215905,0.9541504287916259,474.9857986024499,-25.300103910930666,5.289545738720755,1168,Yahoo
timesfm,data/Yahoo/A3Benchmark-TS28.csv,value_0,103.37306217230078,130.90664687754955,33.687628640418765,19.413335061432388,0.9644303819261221,9.160500995210876,0.5194406539640748,1172.8645011214371,94.35391830569951,3.6293845061885834,1168,Yahoo
timesfm,data/Yahoo/A3Benchmark-TS29.csv,value_0,143.26457985298384,186.33361320901375,7.36094310822054,7.42741162187339,0.9402114438185547,6.544605972756747,0.8883774302550744,1227.367671711655,-27.836046089629697,5.358515075012483,1168,Yahoo
timesfm,data/Yahoo/A3Benchmark-TS3.csv,value_0,122.73785563368268,174.9322336381509,6.163630470216059,6.449801109395933,0.9430536003401391,5.605820139662203,0.9600003741776013,1145.5954979509324,-67.73821458913653,5.431740484182719,1168,Yahoo
timesfm,data/Yahoo/A3Benchmark-TS30.csv,value_0,147.05373115785258,205.10216364412202,4.95277155815187,5.148829901203101,0.959867770628426,4.46911409503437,1.8883841486802537,974.8093577422196,-77.18301202044432,5.003108942130782,1168,Yahoo
timesfm,data/Yahoo/A3Benchmark-TS31.csv,value_0,55.255940691936075,126.08586941626555,54.771226276766384,25.992463851140734,0.9668820234037816,10.006282157660623,0.22202263161288108,1725.2290742460941,11.85755495854119,2.7615490155313065,1168,Yahoo
timesfm,data/Yahoo/A3Benchmark-TS32.csv,value_0,72.41130710616996,106.16579637387137,233.02123987404704,56.631732377812995,0.8730212136557839,30.107873763075947,0.5181422848912843,817.5942970080448,-0.4937316528288794,4.990780276265692,1168,Yahoo
timesfm,data/Yahoo/A3Benchmark-TS33.csv,value_0,208.32182945629557,286.8373572797361,217.02887268059862,49.74900353795096,0.905505605573481,27.61463940487367,0.5377455786215845,2456.7060625669405,45.630664715039316,4.450677731033497,1168,Yahoo
timesfm,data/Yahoo/A3Benchmark-TS34.csv,value_0,271.92602852891224,333.9118282881731,19.142927522521607,19.41416311165678,0.8884850388698187,12.454265100481361,0.7547064291716548,956.5940130567851,-125.0262816585096,5.99037660145578,1168,Yahoo
timesfm,data/Yahoo/A3Benchmark-TS35.csv,value_0,123.20568006448748,159.9642194578757,26.358903123550547,21.093879866002922,0.938138455119226,11.066552102511963,0.5594643447759475,1586.932002148885,-99.46045269506914,4.290730063593759,1168,Yahoo
timesfm,data/Yahoo/A3Benchmark-TS36.csv,value_0,182.81281902449695,258.0131844998856,10.40749201345136,10.948239121630879,0.9126023098982087,8.34006162716783,0.8386415595408545,1954.9595194710523,-122.15821414097084,5.537310822544477,1168,Yahoo
timesfm,data/Yahoo/A3Benchmark-TS37.csv,value_0,145.15539153566635,216.78887423992944,119.36780790698806,54.389470406207444,0.8714422113422292,29.68158096142348,0.5079639388805496,1860.537965192811,30.581442688650572,5.0039570264591475,1168,Yahoo
timesfm,data/Yahoo/A3Benchmark-TS38.csv,value_0,58.454998487833706,83.64829346387596,5.683869192790981,5.93251121275599,0.943982827632752,5.3368209356220255,1.428486923686116,362.7302557710575,-28.78408916530517,5.51714081522609,1168,Yahoo
timesfm,data/Yahoo/A3Benchmark-TS39.csv,value_0,49.798344917343094,70.42955844027395,4.953485616202609,5.185781516145574,0.9578546220218855,4.542560556660763,1.3601444287080147,240.20401923870395,-31.154788974578235,4.876961986067667,1168,Yahoo
timesfm,data/Yahoo/A3Benchmark-TS4.csv,value_0,173.97840541719233,236.72739254338833,9.48902531967384,9.6565006120047,0.920272960760083,7.942210824209065,0.9420026646958375,1412.6190937986303,-91.30865435916198,5.514871374800949,1168,Yahoo
timesfm,data/Yahoo/A3Benchmark-TS40.csv,value_0,71.11784500703725,94.93138743143012,3.7287420493513164,3.7752599365209805,0.9819470057698222,3.245027668105883,0.8480358651584811,626.3484794952051,24.899741798085003,3.1018273325416175,1168,Yahoo
timesfm,data/Yahoo/A3Benchmark-TS41.csv,value_0,18.335395313492743,39.41565121593096,76.63752245320516,30.787203781586236,0.9362030622032447,14.42480871198236,0.3094852572982896,409.17831612643596,6.55446489690055,3.832204899678804,1168,Yahoo
timesfm,data/Yahoo/A3Benchmark-TS42.csv,value_0,204.71161739070288,274.4192535119184,6.872450957258587,6.95618118896996,0.9387268445690244,6.225947316787185,1.3380581356971804,1137.2957402347301,114.52923632335941,5.105366628059644,1168,Yahoo
timesfm,data/Yahoo/A3Benchmark-TS43.csv,value_0,47.79986014749595,62.590368480794034,4.8501998434087135,4.905842608308033,0.9674667816351943,4.364519013803744,1.0369947084950826,274.9692755502349,-5.632430092588339,3.852508001772569,1168,Yahoo
timesfm,data/Yahoo/A3Benchmark-TS44.csv,value_0,25.504821847652934,46.5677456419486,63.142540875779474,37.121305420954684,0.9227200277311981,18.74844741341533,0.3899010547881462,434.9974906198163,7.8287275711656505,3.9426868236962704,1168,Yahoo
timesfm,data/Yahoo/A3Benchmark-TS45.csv,value_0,140.48711431370904,189.22581516713436,122.22573272118598,55.83538561518899,0.8973932367000557,29.489560029782165,0.5234544306658564,1430.07952272709,24.099548684859517,5.293053579769868,1168,Yahoo
timesfm,data/Yahoo/A3Benchmark-TS46.csv,value_0,228.27581273833374,299.6843306544349,7.2863687597444935,7.67658022359792,0.9322785479357656,6.931849770017005,1.2640712895249224,998.394037360345,156.4628179142629,5.433366989381109,1168,Yahoo
timesfm,data/Yahoo/A3Benchmark-TS47.csv,value_0,220.56330496769388,300.23173392612466,17.44461089573957,13.462104028927287,0.8842205784850584,10.076220265791928,0.754885872280241,2046.0749611824403,-112.53551215521287,4.876533362667565,1168,Yahoo
timesfm,data/Yahoo/A3Benchmark-TS48.csv,value_0,192.54655199033178,249.76065762684917,10.041526758737794,10.551416299816173,0.8866148649682221,8.794484715413397,1.2858875958135008,1193.3693394042211,-76.30647427196455,6.4373102866014715,1168,Yahoo
timesfm,data/Yahoo/A3Benchmark-TS49.csv,value_0,60.377076832415234,89.61722894082953,1168.4717041090246,57.33438553438355,0.8652098764416339,30.528754579891725,0.5536444813936854,692.1828221268818,8.460513494777384,5.712311867531886,1168,Yahoo
timesfm,data/Yahoo/A3Benchmark-TS5.csv,value_0,128.85282838758425,176.63965853872512,6.881393963719121,6.903472417362648,0.9509125758050916,5.891109189379461,0.6743079165289406,1593.01545356049,-47.87928311653628,4.844417352527868,1168,Yahoo
timesfm,data/Yahoo/A3Benchmark-TS50.csv,value_0,65.23743800854224,94.17984397232769,2.2059341015466982,2.251920250829395,0.9913069799344753,1.9846576309442587,1.6602571834911035,372.1111292385099,-34.25459499458165,2.609123093549433,1168,Yahoo
timesfm,data/Yahoo/A3Benchmark-TS51.csv,value_0,305.1610332862981,417.771179705834,11.725256481364228,11.89489027001634,0.8853888564016451,9.290292115316143,1.056488974227154,2495.30340946659,-130.59793524901252,6.4229253408435865,1168,Yahoo
timesfm,data/Yahoo/A3Benchmark-TS52.csv,value_0,99.31596430628649,141.96809650202718,120.63109464039088,42.66764248409323,0.9103412825739019,24.862083610430876,0.45128442479563424,1576.3511421998662,36.37686515245028,4.707145222825442,1168,Yahoo
timesfm,data/Yahoo/A3Benchmark-TS53.csv,value_0,118.85857079781017,166.35832926367522,14.682257653413217,13.75256573505306,0.8760924395182148,10.831164184090348,0.8488193813103495,1101.02495234357,-53.75856111967275,6.468284826675378,1168,Yahoo
timesfm,data/Yahoo/A3Benchmark-TS54.csv,value_0,189.610298801305,283.68010991522107,39.758736177731805,31.438850601478226,0.8823052961525828,16.23699123246489,0.6091486448779897,2316.24828098717,145.4696627325661,4.98732821547869,1168,Yahoo
timesfm,data/Yahoo/A3Benchmark-TS55.csv,value_0,140.39996317598133,218.97041234269884,14.321645020197908,8.711490101215052,0.9397380987947679,6.395451964517104,0.6213972735696145,1811.1724411344362,106.93996149792157,4.709550907354551,1168,Yahoo
timesfm,data/Yahoo/A3Benchmark-TS56.csv,value_0,142.0886577972824,181.36134486900016,7.061704092524994,7.139550162993645,0.9420235181961384,6.4817800795124265,1.0478148800078075,1195.28111469423,-27.8210025223294,5.3359411986119865,1168,Yahoo
timesfm,data/Yahoo/A3Benchmark-TS57.csv,value_0,158.11835750343087,209.77556105145277,7.944218506653132,8.52800742092691,0.9310269759907951,7.197659138188736,0.8779196840175192,1371.4230800794776,137.55226535302842,5.257523114585517,1168,Yahoo
timesfm,data/Yahoo/A3Benchmark-TS58.csv,value_0,138.07369730797933,188.54837565625616,148.08405409829817,40.38975325868452,0.9494615773469711,20.019647357039492,0.40612987302770226,2032.399664470889,55.77198447417598,4.82935539667249,1168,Yahoo
timesfm,data/Yahoo/A3Benchmark-TS59.csv,value_0,96.61577363150214,127.41700716990823,10.70772911930423,10.8664550113805,0.8957566858749944,8.823925513354151,0.9826731574365355,753.519705986847,-47.85672510138225,5.4084949576613806,1168,Yahoo
timesfm,data/Yahoo/A3Benchmark-TS6.csv,value_0,8.051074910873323,14.81731091725992,75.79877546314852,29.85357429209396,0.9500661740517746,14.648230746253708,0.3003432510544229,205.9525302979304,1.9876937693295422,3.328965685967923,1168,Yahoo
timesfm,data/Yahoo/A3Benchmark-TS60.csv,value_0,199.26620030642528,269.47383772352754,6.526195890051064,6.850187744349484,0.9383165148316236,6.056439610708664,1.7058178344743098,1369.0505914996625,115.86121367495583,5.611843991209986,1168,Yahoo
timesfm,data/Yahoo/A3Benchmark-TS61.csv,value_0,296.41354005091785,387.02680942978367,20.248015309363538,20.37353296402032,0.8500679117429902,13.423653361970118,0.919228072030501,2331.84296985873,241.0142231000651,6.2531034634201035,1168,Yahoo
timesfm,data/Yahoo/A3Benchmark-TS62.csv,value_0,55.19017027088111,75.44108160817471,1.797119568203239,1.8237192871868078,0.994445552444959,1.6780720693834583,1.6428548222519364,403.21670655694015,-38.42775075647458,2.065324305442556,1168,Yahoo
timesfm,data/Yahoo/A3Benchmark-TS63.csv,value_0,164.06203540019223,227.67671876443646,8.31302269594471,8.723624333646478,0.9107914339200526,7.496400987798811,1.0173065827945713,1337.414081094995,-81.94908874611006,5.777181921467757,1168,Yahoo
timesfm,data/Yahoo/A3Benchmark-TS64.csv,value_0,15.118655549247244,32.86910041487315,39.49136492324575,24.21164274091636,0.9366959369342204,13.765422977099654,0.2665885808807495,461.4569408656346,4.225025638964567,2.540383868036326,1168,Yahoo
timesfm,data/Yahoo/A3Benchmark-TS65.csv,value_0,69.89041675403591,126.967508985298,39.95971341521645,27.42029090707168,0.9629861264480837,12.998545297495637,0.29844948969720075,1444.1822132437424,12.780419819133344,3.2080703247396243,1168,Yahoo
timesfm,data/Yahoo/A3Benchmark-TS66.csv,value_0,44.5934083917905,67.40064171435509,77.97511497893852,24.497160948395884,0.9849381439271263,9.941557954227953,0.26140452963007355,1383.2693068543388,12.693665846642265,2.658602823056949,1168,Yahoo
timesfm,data/Yahoo/A3Benchmark-TS67.csv,value_0,268.19806049332493,364.2700376865058,8.994087296786965,9.496817474377343,0.9076305373416562,8.148108435432485,1.0052986394622205,2141.16706525655,218.20177561908864,6.113988252836056,1168,Yahoo
timesfm,data/Yahoo/A3Benchmark-TS68.csv,value_0,157.6875081123824,225.1103213998477,31.166706727356353,23.7677391812216,0.8397026321619303,14.259202945280602,0.7855000355565657,1619.9507368822974,123.11669049710655,6.27130031293164,1168,Yahoo
timesfm,data/Yahoo/A3Benchmark-TS69.csv,value_0,18.00442016614174,25.400394811193845,217.37449057800197,57.239610267361364,0.8725289946332805,31.119650476151822,0.5152751811122274,244.8675578397218,-0.01136143808576859,5.402057499624339,1168,Yahoo
timesfm,data/Yahoo/A3Benchmark-TS7.csv,value_0,24.663038767067167,35.88321864141273,53.04495261001724,34.5130643542914,0.9631783000420108,16.242437315832436,0.3832137556340992,399.8347571959713,9.231233716437732,2.695464421147222,1168,Yahoo
timesfm,data/Yahoo/A3Benchmark-TS70.csv,value_0,211.87654329778107,282.4509440146216,7.5198274222683406,7.185305104043821,0.9328387638667855,6.446958547125013,0.9507196452986914,1622.22663071909,-38.06864569650617,5.219782739470095,1168,Yahoo
timesfm,data/Yahoo/A3Benchmark-TS71.csv,value_0,66.08143148757154,89.53255279900432,6.547307845332181,6.797219450598675,0.9329392729410907,6.031045578354919,1.767441602128663,352.19688748374756,-25.478943027204682,6.323343750208695,1168,Yahoo
timesfm,data/Yahoo/A3Benchmark-TS72.csv,value_0,38.63587171848503,48.490928911259225,1.2426416964433087,1.2488649059051373,0.9977226154993366,1.174237437455119,1.2484341680466964,171.2034066312449,14.907614316089406,1.3093388162987658,1168,Yahoo
timesfm,data/Yahoo/A3Benchmark-TS73.csv,value_0,22.589596941311722,32.34496200997092,175.58937232558404,57.059439613115316,0.862000639348469,32.038943582287835,0.5783426024975518,228.25756936669748,2.7454801420102064,6.06355449064091,1168,Yahoo
timesfm,data/Yahoo/A3Benchmark-TS74.csv,value_0,81.38843895439898,111.46350951282663,2.6421241440426972,2.662246364629424,0.9886898983176952,2.4741165270447145,0.9079154619952396,663.6591875623151,37.354124322464756,2.576345626827947,1168,Yahoo
timesfm,data/Yahoo/A3Benchmark-TS75.csv,value_0,206.62219441528913,278.20390242720106,47.70005085225184,36.24950919328327,0.8965749266437717,17.50267349543522,0.6563840755619071,1964.9263780457204,158.40720429504861,5.021826287886171,1168,Yahoo
timesfm,data/Yahoo/A3Benchmark-TS76.csv,value_0,85.90725799770134,134.56720948947128,74.14855934334736,36.96763768721546,0.9485791313664743,17.81250855656234,0.40191741113252544,1655.006384915735,39.114987801277366,4.060186721110182,1168,Yahoo
timesfm,data/Yahoo/A3Benchmark-TS77.csv,value_0,27.636900053783272,75.24821546224365,39.46248958814644,24.56291334280928,0.881989668697367,15.504031603618154,0.29263338276531353,717.6929560466805,12.44063168238145,4.355002935740967,1168,Yahoo
timesfm,data/Yahoo/A3Benchmark-TS78.csv,value_0,156.76279559520964,222.651550669448,7.973239473317241,8.238256581690132,0.924291711496746,7.119834073820433,0.757859695575334,1553.20267742332,131.0802856322083,4.779008739454114,1168,Yahoo
timesfm,data/Yahoo/A3Benchmark-TS79.csv,value_0,231.44214938362094,298.8482364319649,14.847132941020222,14.351406044837283,0.8968399880566735,10.509720592060399,0.8444097910487021,2456.4955384149025,199.2216141954254,6.099713724969693,1168,Yahoo
timesfm,data/Yahoo/A3Benchmark-TS8.csv,value_0,134.22944347053277,194.26648234281004,4.366993397316426,4.468924748209256,0.9674919802038466,4.077960110387866,0.9767852610237806,1162.75434679297,47.29505974928365,4.053098807496041,1168,Yahoo
timesfm,data/Yahoo/A3Benchmark-TS80.csv,value_0,144.52071080222285,192.8689154585647,4.4957055162669395,4.613889099924995,0.9655468157086756,4.394860408206994,2.0082457643519556,568.8990757166603,65.29390811472264,4.570437486041565,1168,Yahoo
timesfm,data/Yahoo/A3Benchmark-TS81.csv,value_0,120.81782973183104,159.69691428538218,15.234769202114858,14.556231746585347,0.87393452347333,11.087907613753671,0.8782313819264798,1088.6285649246852,-51.43310389464791,5.552648595379696,1168,Yahoo
timesfm,data/Yahoo/A3Benchmark-TS82.csv,value_0,207.04184678927652,266.8081902058158,7.160378700843008,7.382478279698169,0.9492192497559158,6.29077291087967,0.7904026655016813,1857.8911609778052,128.12819196508127,4.27506593017161,1168,Yahoo
timesfm,data/Yahoo/A3Benchmark-TS83.csv,value_0,212.46408271250317,315.9340571404357,117.3013839617138,34.85252021085558,0.8978122338596143,17.332478925918277,0.5495723062800015,2586.971799850425,-60.172159275041814,4.389823465417759,1168,Yahoo
timesfm,data/Yahoo/A3Benchmark-TS84.csv,value_0,165.83089330129266,207.25342234057575,8.844955527782489,9.765147652603078,0.9331649717996948,7.555057325531338,1.0650163362739518,602.20273715749,129.7366642496222,5.332916666119998,1168,Yahoo
timesfm,data/Yahoo/A3Benchmark-TS85.csv,value_0,68.77323331236418,120.16795557730667,106.63432842457567,34.87223349695092,0.939829452418185,17.21220698293753,0.35988470798170147,1487.048254598395,24.100526863420473,4.25557795916468,1168,Yahoo
timesfm,data/Yahoo/A3Benchmark-TS86.csv,value_0,27.62418479371698,49.143232950117735,52.14398247846199,36.114105565842806,0.9185109548982274,19.361677315178103,0.3681938061540535,457.507248985983,7.045684336147525,4.392646703306848,1168,Yahoo
timesfm,data/Yahoo/A3Benchmark-TS87.csv,value_0,78.06144091226146,105.84709677185819,87.08321884302444,45.38177756636846,0.9385450373875123,22.478336149758,0.4572563655374856,960.8293545404255,36.330666469901374,4.152369756601815,1168,Yahoo
timesfm,data/Yahoo/A3Benchmark-TS88.csv,value_0,251.57838291945433,343.2575824674727,80.7670050188476,38.14445054827455,0.8960213534975857,19.871667745365553,0.5611817439753356,2636.0090150211436,-134.7988518242994,6.159293623233995,1168,Yahoo
timesfm,data/Yahoo/A3Benchmark-TS89.csv,value_0,278.19966889413115,396.9756844764045,11.641894999481375,11.425640652355531,0.9165340000953913,8.428842058065097,0.8032135993602247,2997.63818272358,223.0606010722231,4.549669294322693,1168,Yahoo
timesfm,data/Yahoo/A3Benchmark-TS9.csv,value_0,153.91334814828917,228.079957424237,43.20318392199425,25.762191836196564,0.9219912509955146,13.21926463841672,0.5961715593926613,2322.2758679933777,136.3168927428163,4.05837728788274,1168,Yahoo
timesfm,data/Yahoo/A3Benchmark-TS90.csv,value_0,77.22260639650175,108.72794447364419,7.109346060173406,7.425422343754268,0.9143059530079047,7.043900613777368,1.2750432748825282,627.5311312569452,-20.30150862869866,5.779923076246223,1168,Yahoo
timesfm,data/Yahoo/A3Benchmark-TS91.csv,value_0,126.43299655337893,176.52070008810165,70.68758341773372,40.15689333561247,0.9570112143832531,18.266245638192622,0.41600543831732933,2268.977915498457,36.568910047529165,2.9560864639365834,1168,Yahoo
timesfm,data/Yahoo/A3Benchmark-TS92.csv,value_0,141.00501119793424,201.5274379968405,205.6115277091596,43.66337839437243,0.9441096400728761,20.4102335089334,0.40746543509052613,1932.5323739396727,11.987410546845942,3.430501842898749,1168,Yahoo
timesfm,data/Yahoo/A3Benchmark-TS93.csv,value_0,30.253115237367314,45.34023667328386,126.53619615190424,52.20705679723594,0.8576309737916153,30.53663804794016,0.5309039211897432,360.99346332679136,8.400080036476018,5.339115126472993,1168,Yahoo
timesfm,data/Yahoo/A3Benchmark-TS94.csv,value_0,150.7233952528032,223.79796535034316,15.131124653120306,9.975865718144835,0.9482814537901759,6.893764743858813,0.5512437652485979,2146.8903619724897,-87.36693428113998,4.448127628047553,1168,Yahoo
timesfm,data/Yahoo/A3Benchmark-TS95.csv,value_0,56.51018953758878,72.97354156042701,2.729689786032528,2.7740043608676253,0.9884771550795811,2.5753660930537223,1.75088962621031,219.4333743939901,21.561547182541364,2.843245329799838,1168,Yahoo
timesfm,data/Yahoo/A3Benchmark-TS96.csv,value_0,248.66421700580793,330.04166883363956,8.439039340150526,9.038710107947065,0.9261400724252131,7.543495463461358,1.0270473522961696,1612.0550139984725,202.87834139444396,5.537645336569798,1168,Yahoo
timesfm,data/Yahoo/A3Benchmark-TS97.csv,value_0,121.66797824558297,168.78220724482875,6.279259388821891,6.65933668188889,0.9516925834353278,5.5361770093935405,0.873963321200502,1159.8138261018748,94.22110718593927,4.641408164040239,1168,Yahoo
timesfm,data/Yahoo/A3Benchmark-TS98.csv,value_0,204.31737094568646,273.37405818374174,16.711287055792226,13.031609686977156,0.9151378907289378,9.267319292987146,0.7832677477211342,1816.5205741874452,183.83018844660631,5.765108254375088,1168,Yahoo
timesfm,data/Yahoo/A3Benchmark-TS99.csv,value_0,106.70187586686565,140.43377154044668,3.4404955327537032,3.5179139435298095,0.9815036232110294,3.24103936513164,1.6460255529921435,576.6522285492701,43.0863963078155,3.4276554611203034,1168,Yahoo
timesfm,data/Yahoo/A4Benchmark-TS1.csv,value_0,83.98296459076963,135.74605018603492,4.025133046103247,3.952436721865129,0.6423449667602374,3.9945051998083123,1.0431249877086162,722.9846142798999,13.910350461119542,8.346383722049048,1168,Yahoo
timesfm,data/Yahoo/A4Benchmark-TS10.csv,value_0,178.47013331911143,235.67849664379375,76.49261258231303,38.376373817572194,0.8807333553232396,19.437708601767703,0.5860318899352056,1614.7488898009174,6.052580247849888,5.484239688763129,1168,Yahoo
timesfm,data/Yahoo/A4Benchmark-TS100.csv,value_0,98.241841750193,147.4249881730239,55.17383864462385,38.93053535693025,0.9224499200226617,20.204759772098196,1.2093058023155927,718.760115973408,65.65121537617333,5.986516357392243,1168,Yahoo
timesfm,data/Yahoo/A4Benchmark-TS11.csv,value_0,175.4715960311855,258.22145617931795,6.20445291611852,6.343362867606442,0.9209389021016299,5.55103468564369,1.1611644285532907,2041.46030899261,-31.84026249266368,6.315636238936727,1168,Yahoo
timesfm,data/Yahoo/A4Benchmark-TS12.csv,value_0,164.46430664532647,282.4416620135618,34.93999792154134,27.3424667133996,0.9145482685614867,18.547726568562773,1.9858295405274422,1790.067192690493,38.036258387694595,6.437685206629924,1168,Yahoo
timesfm,data/Yahoo/A4Benchmark-TS13.csv,value_0,202.6893598228088,309.26531175647654,19.382397272620764,18.239667029865974,0.8758756424996977,11.379684079963312,0.8418758002953329,2785.1548071770003,-74.93527836766381,4.486108116062723,1168,Yahoo
timesfm,data/Yahoo/A4Benchmark-TS14.csv,value_0,192.072019555788,297.05197707535785,97.5562648161955,49.84155042987567,0.780581308218292,32.56327671976563,0.8979911597248662,2627.2279694903873,100.1725139518784,5.446083483097159,1168,Yahoo
timesfm,data/Yahoo/A4Benchmark-TS15.csv,value_0,51.3991412369964,69.00675606197358,132.60613500634412,58.557818304504416,0.8459391490031025,35.45670142045875,0.5686250803131653,520.5583234891742,2.9263252056129403,5.684203097642401,1168,Yahoo
timesfm,data/Yahoo/A4Benchmark-TS16.csv,value_0,53.70282477753389,68.60022516466611,53.066931222553116,24.490081606975362,0.985473454872968,10.353472066924821,0.24168120877679397,270.66017589029,19.478153338575147,2.686572310273478,1168,Yahoo
timesfm,data/Yahoo/A4Benchmark-TS17.csv,value_0,89.75882430144495,121.98042023963589,70.00711633241067,32.32535945960961,0.9148994143253794,16.82543436172697,0.701575514790642,1156.9304727059957,12.448065537507393,5.682552123044524,1168,Yahoo
timesfm,data/Yahoo/A4Benchmark-TS18.csv,value_0,143.66679222384005,202.8432080015367,245.45569784393155,45.890617371112405,0.9106674383668714,23.004790277509624,1.5601755284503926,762.5998186708248,99.8038691261008,6.3564611037568035,1168,Yahoo
timesfm,data/Yahoo/A4Benchmark-TS19.csv,value_0,231.8917078633758,323.6194681788835,11.386355889077121,10.070741078931594,0.8829854342892223,8.227403978684587,1.1824325937464728,2321.7587520556053,-164.21494076857854,5.655273445912726,1168,Yahoo
timesfm,data/Yahoo/A4Benchmark-TS2.csv,value_0,97.6884872150246,132.6106199496254,3.1228920959104367,3.1751511813610604,0.9832921340340867,2.9704389284936923,1.240601856861981,633.7867937416149,-34.46081469424006,3.351161757835322,1168,Yahoo
timesfm,data/Yahoo/A4Benchmark-TS20.csv,value_0,272.19834245480826,384.33155058285405,114.3750339479539,47.53500048048062,0.868462351989573,27.577839929683822,0.8070659813727418,2702.7158169952563,-34.829078330266704,6.1532045734865255,1168,Yahoo
timesfm,data/Yahoo/A4Benchmark-TS21.csv,value_0,93.82007407791008,123.01715210067692,4.569846805109054,4.627267101881075,0.9686422255514213,4.279954713071166,1.1761370690597832,705.8654033576049,-21.32565826483455,4.317629203149669,1168,Yahoo
timesfm,data/Yahoo/A4Benchmark-TS22.csv,value_0,201.63021498413767,323.6868184959745,96.45590865409991,45.14236884846939,0.8260000679365722,24.259628485654588,0.9747176693601809,2092.763934472916,105.65928909329341,8.110260051279798,1168,Yahoo
timesfm,data/Yahoo/A4Benchmark-TS23.csv,value_0,170.63547052798984,238.42814109492528,106.3994392889857,32.17713228506516,0.9573107212638459,14.538603266542266,0.6642144451363315,1708.476326200422,142.45502925477913,4.238521411985653,1168,Yahoo
timesfm,data/Yahoo/A4Benchmark-TS24.csv,value_0,145.86535184746322,221.71103370036968,88.93216380372334,34.842683720410356,0.8103548969729251,20.66211348573815,0.8684312697307273,1212.4424086727943,-50.99314121613585,7.233318474772902,1168,Yahoo
timesfm,data/Yahoo/A4Benchmark-TS25.csv,value_0,187.64195923208618,289.8009347216625,25.133585752443565,22.182301331104227,0.7848360621942334,20.08826133121966,1.4481001456037401,1579.7629091386302,-71.28977397525234,8.086785038990833,1168,Yahoo
timesfm,data/Yahoo/A4Benchmark-TS26.csv,value_0,227.5595834884647,323.9376472632817,607.5485408284449,61.40620923786029,0.8318641827124831,35.0202038319911,1.0107608392394702,1670.870876222702,47.18517461280722,5.980388102231127,1168,Yahoo
timesfm,data/Yahoo/A4Benchmark-TS27.csv,value_0,281.79264240651975,390.8230915165465,259.90260847236914,58.357404558675796,0.7720841680065957,41.57489304581123,1.5200042800690934,1883.9819500986646,129.35224196781584,9.594872565528494,1168,Yahoo
timesfm,data/Yahoo/A4Benchmark-TS28.csv,value_0,213.86066564971287,282.65288364696795,148.40970365164637,58.556481565392104,0.8231448628483562,36.4858494572792,0.7415846608925476,1679.7875282666175,85.82766399377597,6.655607212728339,1168,Yahoo
timesfm,data/Yahoo/A4Benchmark-TS29.csv,value_0,111.67891577665621,152.60508142130092,13.703634870492257,13.033274348411853,0.8892087420757697,10.183037651189888,0.9266593679363074,909.0428221525499,-84.24304861271594,5.793490523535787,1168,Yahoo
timesfm,data/Yahoo/A4Benchmark-TS3.csv,value_0,185.1967430087234,283.8589367545814,27.5933315434255,19.58496158803779,0.8432083071560159,11.78015165530824,1.322443589076949,1907.031906751115,84.1933811057246,8.057749805189628,1168,Yahoo
timesfm,data/Yahoo/A4Benchmark-TS30.csv,value_0,311.01063995422084,408.0363615217639,10.82403238063082,11.498829717317294,0.8866882524080125,9.455093964375362,1.0844143309577778,2151.367110301074,-139.25948862353664,6.8057030722264615,1168,Yahoo
timesfm,data/Yahoo/A4Benchmark-TS31.csv,value_0,74.1231581258876,120.32543849132836,61.34990853580287,26.179638516395197,0.967248067744162,6.815734733932459,3.9154699056768334,629.5969719507796,-50.237520157816185,4.450579355514886,1168,Yahoo
timesfm,data/Yahoo/A4Benchmark-TS32.csv,value_0,312.21282883137417,430.49509764523924,522.9222305555701,50.14309331982039,0.8827001023895007,28.70909331531436,0.8889848999786841,2591.297652703299,225.20073501227606,5.781155447263552,1168,Yahoo
timesfm,data/Yahoo/A4Benchmark-TS33.csv,value_0,175.2397688015972,241.2551492511949,23.20918827583608,21.824439033989528,0.7697666336414477,17.429130086223925,1.7034966578990316,1028.5934339217251,-69.31778011703229,10.689009018229171,1168,Yahoo
timesfm,data/Yahoo/A4Benchmark-TS34.csv,value_0,13.359258485367068,20.53227613786176,51.747647236706364,33.64954064927017,0.9365675308158953,19.652554610013357,0.37213868200587275,273.70842509130506,5.861478503636852,2.83996525814824,1168,Yahoo
timesfm,data/Yahoo/A4Benchmark-TS35.csv,value_0,182.1025410932031,236.83885691021214,123.24542245321884,59.438858141015274,0.865784127327715,33.450790922925506,1.580432875773043,1000.0480432434035,45.71897218394028,7.453096744449475,1168,Yahoo
timesfm,data/Yahoo/A4Benchmark-TS36.csv,value_0,292.9672925332274,414.36879542937606,41.37585269165623,27.718538515851044,0.7267691600087539,18.857043287697458,0.7872401577288546,2836.6652800031925,72.12783655694804,6.825518230015256,1168,Yahoo
timesfm,data/Yahoo/A4Benchmark-TS37.csv,value_0,252.43005406398436,348.0901435386446,53.04324485582297,40.61141923155337,0.837386159011487,19.555359677987212,1.0530077621866978,2134.151103554995,-123.36441992461144,6.744294121112813,1168,Yahoo
timesfm,data/Yahoo/A4Benchmark-TS38.csv,value_0,183.4937287805324,266.3980327770541,15.987130562086774,14.331873215096733,0.7198464072894866,11.699894627419102,0.9296731075533805,1989.3815131614188,29.027239093568863,5.986396255438262,1168,Yahoo
timesfm,data/Yahoo/A4Benchmark-TS39.csv,value_0,197.56267051738303,287.4367760254031,14.88052669768822,13.195540325110173,0.7902399000090612,10.898618610873335,0.8479078555310894,1953.7993552105286,-69.09646265480019,6.477399564276906,1168,Yahoo
timesfm,data/Yahoo/A4Benchmark-TS4.csv,value_0,173.97840541719233,236.72739254338833,9.48902531967384,9.6565006120047,0.920272960760083,7.942210824209065,0.9420026646958375,1412.6190937986303,-91.30865435916198,5.514871374800949,1168,Yahoo
timesfm,data/Yahoo/A4Benchmark-TS40.csv,value_0,178.55951265420907,255.29027723433063,78.31596876114041,35.350103157908485,0.8466349397870043,20.790500885381597,0.635350888835274,2368.6477623379074,61.27031289882801,4.521713000059954,1168,Yahoo
timesfm,data/Yahoo/A4Benchmark-TS41.csv,value_0,133.28396131361265,177.08771032436542,9.293764935370003,9.295503552400747,0.8584378206134585,8.11414944868024,0.6389653908251469,1217.8655107560162,-36.044402993209516,6.880426716691676,1168,Yahoo
timesfm,data/Yahoo/A4Benchmark-TS42.csv,value_0,119.12572165653123,186.885106741417,4.1074753713157435,4.124723383304744,0.9353613718821686,4.2416381445641695,1.0859451003896503,1601.86814176952,-23.29460554665178,5.465193152533215,1168,Yahoo
timesfm,data/Yahoo/A4Benchmark-TS43.csv,value_0,192.92304719111903,293.322736091051,81.92729476904982,43.25570827141137,0.7448578589343893,27.554764073294198,0.9267925793054383,2088.6308867125226,34.30733189281884,7.5866049720714495,1168,Yahoo
timesfm,data/Yahoo/A4Benchmark-TS44.csv,value_0,80.6334102717669,140.68957127641676,73.2578139651897,33.7034073316643,0.8503576270967681,18.696800520280938,0.6040683469387244,1394.757590476375,7.0672705460800564,4.218010915793256,1168,Yahoo
timesfm,data/Yahoo/A4Benchmark-TS45.csv,value_0,256.17943380032307,361.66729916479113,98.58563916768335,48.90409548668222,0.9010638755133715,27.243157433307346,0.7151383350821623,2702.8391936625926,169.84400946242684,5.592096438026367,1168,Yahoo
timesfm,data/Yahoo/A4Benchmark-TS46.csv,value_0,215.66608326478067,291.82377479021534,182.97170961925417,47.96807796171672,0.8690216695331542,25.091922878134753,0.6630783745391157,2116.3068090504,137.3674989777598,5.547696613483458,1168,Yahoo
timesfm,data/Yahoo/A4Benchmark-TS47.csv,value_0,281.2523881699257,366.6891634061157,56.385998908954704,34.12939999597548,0.9027820108648732,16.557337725811042,1.2128785686873822,2270.21334670059,250.9411736384138,7.119164900918734,1168,Yahoo
timesfm,data/Yahoo/A4Benchmark-TS48.csv,value_0,175.49691552456875,248.92457744273102,56.81160916147008,39.78106809235008,0.7910158918218175,21.826178374942735,1.1503229298418716,1798.6519752627755,112.81514451975427,7.35151152259434,1168,Yahoo
timesfm,data/Yahoo/A4Benchmark-TS49.csv,value_0,66.08751629373297,91.001076319826,3.3135496091771084,3.382207358352522,0.9824257172140036,3.011268362063799,1.6545830818406497,412.90091279007595,35.976536004796436,3.2236856011428485,1168,Yahoo
timesfm,data/Yahoo/A4Benchmark-TS5.csv,value_0,158.7858305684836,215.05336028010848,17.560733818618697,16.74039954266999,0.8673029894631532,12.48271980671512,1.2850731808581013,1338.9893383785754,93.26284627572977,7.457684390607828,1168,Yahoo
timesfm,data/Yahoo/A4Benchmark-TS50.csv,value_0,260.83759669965815,354.7982616539126,271.84770058786063,86.46331330645968,0.5397243072099769,54.98099108972592,1.553885542206174,2843.2875359964805,-21.07001713445959,7.141549509704953,1168,Yahoo
timesfm,data/Yahoo/A4Benchmark-TS51.csv,value_0,117.47707269687781,145.17399416227502,182.74642948212963,51.69880482704987,0.914363858474829,27.678280554728495,0.7984513923485201,749.5526535992567,78.16056088569273,5.628008586999346,1168,Yahoo
timesfm,data/Yahoo/A4Benchmark-TS52.csv,value_0,80.95539500354742,126.30855405624337,71.14905366109639,40.590119345970294,0.9236778188893954,21.835615513611216,0.483683856068528,1099.200788485238,18.701534515411005,3.9254444512794313,1168,Yahoo
timesfm,data/Yahoo/A4Benchmark-TS53.csv,value_0,191.65191414216312,255.5910075961067,105.72142696139466,51.02040359772418,0.8803282014247131,28.159205680952493,1.1912281170649044,1056.753079864005,84.16483758990141,6.888264371385786,1168,Yahoo
timesfm,data/Yahoo/A4Benchmark-TS54.csv,value_0,138.49688583009305,193.7207961215123,6.608183349671329,6.879324376741451,0.9285279210262041,6.322046080096801,1.311378522206877,1048.6760657601048,-53.20556142526406,5.889825621555389,1168,Yahoo
timesfm,data/Yahoo/A4Benchmark-TS55.csv,value_0,149.6766073039064,192.92928130634317,62.580821413151845,24.009979501826102,0.7397664515228155,17.919927938887557,0.9966124471780319,1388.1325238983177,13.69134671346851,7.420910824847289,1168,Yahoo
timesfm,data/Yahoo/A4Benchmark-TS56.csv,value_0,240.52017323581074,316.77679036244996,129.7163248071582,56.475434756828115,0.8327014369571064,34.14928047518596,1.2070334164456447,1229.2711309697074,-177.95956577653465,5.979130034898919,1168,Yahoo
timesfm,data/Yahoo/A4Benchmark-TS57.csv,value_0,136.70778312367284,189.9548071311822,134.37551710484098,61.206941929862744,0.8158528949789428,33.37915688139061,0.7611703446162187,1079.86928665131,-67.18149423937744,7.0225019272569345,1168,Yahoo
timesfm,data/Yahoo/A4Benchmark-TS58.csv,value_0,225.09641518221616,300.8700234024424,999.6407963578225,41.37507456145667,0.6836678256028235,28.47473226156923,1.3872196091646816,1367.2770593117127,18.33616469271458,9.071090840505871,1168,Yahoo
timesfm,data/Yahoo/A4Benchmark-TS59.csv,value_0,132.11131396308653,213.70787803444952,22.784088885689307,12.457233450407385,0.9305759450664496,8.96071645647023,1.159795574805373,1214.6952507678552,21.274650466819825,5.888601614324118,1168,Yahoo
timesfm,data/Yahoo/A4Benchmark-TS6.csv,value_0,62.693687024517835,98.5408759277825,92.89366625350137,39.68550922364045,0.9247710018413097,21.62040205828282,0.4426461172350376,1149.5527153027151,19.464483383187613,4.8195744008385475,1168,Yahoo
timesfm,data/Yahoo/A4Benchmark-TS60.csv,value_0,109.62196758408912,171.66167604110754,139.79841303209898,44.776579543135114,0.8951163113434328,24.400520517303736,1.1877343659861777,676.033645826345,85.28569440376062,6.248516351824392,1168,Yahoo
timesfm,data/Yahoo/A4Benchmark-TS61.csv,value_0,135.2278844806906,175.62873746615023,138.72983137115926,55.1421550838339,0.8634477910868583,33.94095610652858,0.558620506285006,1535.0942526513618,22.892021187620223,7.507692041889033,1168,Yahoo
timesfm,data/Yahoo/A4Benchmark-TS62.csv,value_0,178.75005811933588,255.04989850861963,259.06115249204265,34.155023074902466,0.9421440092609714,15.210858395004866,1.8208841780934286,1210.5244597351848,-67.20260115458763,4.947545323400186,1168,Yahoo
timesfm,data/Yahoo/A4Benchmark-TS63.csv,value_0,70.74009653862116,101.89972269186198,6.541668577547416,6.863650848600663,0.9135471632709011,6.454762898307596,2.169331392124993,499.7278420251225,-30.755238500562154,7.307703275516952,1168,Yahoo
timesfm,data/Yahoo/A4Benchmark-TS64.csv,value_0,22.536703614483606,36.64488562305394,2.308458478926096,2.318465608339847,0.9378820876569902,2.2342949172703577,0.44509989027383046,277.269062406315,9.180603925313918,4.226124574279289,1168,Yahoo
timesfm,data/Yahoo/A4Benchmark-TS65.csv,value_0,93.04398433127426,195.26602584180384,54.081961893908684,37.27697421840632,0.9002386556286671,18.835654473991983,0.37143876536931536,1917.2750983661826,26.75803600179149,4.3559402231943825,1168,Yahoo
timesfm,data/Yahoo/A4Benchmark-TS66.csv,value_0,45.560537468258865,70.90507525877436,48.78875324023885,35.53005385654494,0.9354370656617461,19.35258915776352,0.6094666473895325,248.41719565472113,-22.658268885277295,4.496133302069398,1168,Yahoo
timesfm,data/Yahoo/A4Benchmark-TS67.csv,value_0,241.9150284550551,377.8813799684554,22.06332635784868,19.953387979150094,0.8241476697512801,12.30578507795995,0.9744746888605602,2747.75007866136,196.15703492742892,5.0283443366697975,1168,Yahoo
timesfm,data/Yahoo/A4Benchmark-TS68.csv,value_0,94.47857288719402,119.38359834151063,22.76580069603211,13.800510900935894,0.9494367827571297,8.600978486187378,0.6480370831118429,664.4813530442076,-61.5486066381476,4.094785734970919,1168,Yahoo
timesfm,data/Yahoo/A4Benchmark-TS69.csv,value_0,196.94524930592831,291.3348840057867,135.13015640152005,57.72114638069381,0.8409310426339329,35.63469295045885,0.7496002132362795,2757.4426214612586,-16.34072313286271,5.406390178352263,1168,Yahoo
timesfm,data/Yahoo/A4Benchmark-TS7.csv,value_0,127.77519037784872,221.81679571674502,16.285677307736453,12.3571827920805,0.6564168593424288,11.265374300584345,1.1098610403557667,2294.820905964225,-47.40032403918576,4.703291414478258,1168,Yahoo
timesfm,data/Yahoo/A4Benchmark-TS70.csv,value_0,91.49753865150123,120.41339833990786,234.9961724719623,57.36388467014225,0.8967807522942327,30.153934003516113,0.5366857843993049,1038.2664157233876,7.60325929907849,5.148144890116497,1168,Yahoo
timesfm,data/Yahoo/A4Benchmark-TS71.csv,value_0,301.16119595194505,430.8467896161982,30.12148520272755,15.336020978502152,0.7938117439877653,12.680625606877493,0.9859162919329786,2982.92247186687,-61.93505717770149,6.184557043630713,1168,Yahoo
timesfm,data/Yahoo/A4Benchmark-TS72.csv,value_0,100.75501995411386,145.18572396477614,59.12002054360952,33.151041878147936,0.9636612711892961,15.391454942203259,0.3711147398460017,1832.5597343565594,23.970418383138018,2.7624331736937506,1168,Yahoo
timesfm,data/Yahoo/A4Benchmark-TS73.csv,value_0,179.97763942311326,260.85439726949664,63.31332131814128,19.73181026629801,0.9129438036603237,10.875695578015488,0.4907683558402994,2665.3950065050226,-60.334327202533515,4.038294400862628,1168,Yahoo
timesfm,data/Yahoo/A4Benchmark-TS74.csv,value_0,112.66123665292652,159.6690796408434,57.79695461421323,26.076721370867723,0.9512446129347045,11.866191823980113,0.9391552092195821,1500.967440602846,84.12064191461636,4.105164185838736,1168,Yahoo
timesfm,data/Yahoo/A4Benchmark-TS75.csv,value_0,225.9034509750267,294.1531585779489,568.0270899192002,44.4758840896957,0.8937745788413599,22.84780112978123,1.0340669528955644,2013.703776132072,-87.76955860888401,6.648371867232407,1168,Yahoo
timesfm,data/Yahoo/A4Benchmark-TS76.csv,value_0,275.3603503547931,380.8080231878886,286.71600816118575,47.363011609428646,0.8848365815130691,19.86161033715983,1.2712953894375694,1556.323305071745,-173.25623821247024,6.824125084977786,1168,Yahoo
timesfm,data/Yahoo/A4Benchmark-TS77.csv,value_0,314.71024474733724,418.60482664886723,96.2200075413021,44.813484167786484,0.7199594475998289,28.651376374266324,1.0926052550005712,2817.056410713785,46.00167171967847,6.351786575875133,1168,Yahoo
timesfm,data/Yahoo/A4Benchmark-TS78.csv,value_0,178.8326815629103,281.4823908907482,107.60351626826932,45.39964932319442,0.7714488452400525,34.29188843826662,1.0943004086053507,1958.2084961800458,-104.17465438211953,5.650274175653635,1168,Yahoo
timesfm,data/Yahoo/A4Benchmark-TS79.csv,value_0,143.33856954527812,234.66118926757977,6.484804174510692,6.840960232377237,0.5797117442274214,6.223604601513565,1.7570083342567244,1215.3839749488652,-64.67802472260281,10.67431841833958,1168,Yahoo
timesfm,data/Yahoo/A4Benchmark-TS8.csv,value_0,167.766109823971,244.37387030815003,134.55441494410826,56.560332794141466,0.7764249690589258,34.23562472930154,0.9618061050767839,1761.1899093489187,96.348693790481,6.025485727923287,1168,Yahoo
timesfm,data/Yahoo/A4Benchmark-TS80.csv,value_0,203.4702882659064,310.0644856680529,162.86620473075547,66.6302169362135,0.7228568242872613,46.22971788782923,1.3293627982519636,2191.7716705046723,-26.99561434386886,5.79217283188618,1168,Yahoo
timesfm,data/Yahoo/A4Benchmark-TS81.csv,value_0,225.21993812665065,300.048357522164,108.54134948938716,41.91360222150972,0.7734988135770529,22.720273877306546,1.221410407114622,1488.6577069622213,2.8794557780970287,8.766353482569004,1168,Yahoo
timesfm,data/Yahoo/A4Benchmark-TS82.csv,value_0,69.59353631401562,169.59110542752248,55.168300456298084,29.809487020488127,0.9215655839490985,14.484763994593816,0.31813028876659605,2265.388114162751,0.34981287203607914,3.9529901630332596,1168,Yahoo
timesfm,data/Yahoo/A4Benchmark-TS83.csv,value_0,58.6445984596155,107.55195676015542,89.47947658089478,42.14773089223424,0.8963196044500144,23.687531127365535,0.5812035248309878,633.8844796920001,19.600664681076704,6.40476797571414,1168,Yahoo
timesfm,data/Yahoo/A4Benchmark-TS84.csv,value_0,184.23638988330939,275.1894134161171,9.747079486832533,10.248231476569245,0.8327925645449862,9.295371291996625,1.5419961984964374,1537.3533594049927,91.91638820777932,7.304858289965889,1168,Yahoo
timesfm,data/Yahoo/A4Benchmark-TS85.csv,value_0,207.86549655620138,305.1813962918123,185.68036703794607,64.25959134199128,0.7663377514495012,42.21655338163641,0.7213410429124857,2749.2409045503337,-8.538443916549332,4.292690080366296,1168,Yahoo
timesfm,data/Yahoo/A4Benchmark-TS86.csv,value_0,212.0970141429267,301.3952697819363,357.4662810219781,30.015132199008786,0.8448150695181287,17.9204503675428,0.7198554902072497,2360.4185811142474,82.9700476555201,4.498150128344863,1168,Yahoo
timesfm,data/Yahoo/A4Benchmark-TS87.csv,value_0,89.84375335962001,115.233027467639,17.97255102819964,15.335856724211228,0.9671965443699538,8.09515085216779,0.4945252501751625,995.3440340497325,-73.34486633995044,3.3823927298346574,1168,Yahoo
timesfm,data/Yahoo/A4Benchmark-TS88.csv,value_0,160.5438747157477,252.20089407653964,28.49657119786401,18.742065962184864,0.8404157824383606,9.579366758996873,0.7829993041065679,2099.2552157542914,104.28585455052757,6.582802763700108,1168,Yahoo
timesfm,data/Yahoo/A4Benchmark-TS89.csv,value_0,145.6819574920247,208.56395532413268,110.83840260258258,40.064077295329,0.9003407289919403,20.18677404565755,0.6389253152725238,1787.6017526974174,-78.15216662403066,5.880435056241906,1168,Yahoo
timesfm,data/Yahoo/A4Benchmark-TS9.csv,value_0,168.32684924674595,234.71094454172564,138.35270671127225,59.87834024036146,0.8486726154487814,32.855374931511776,0.7871213054894184,1149.7082954242,94.00319960876527,6.837162013395942,1168,Yahoo
timesfm,data/Yahoo/A4Benchmark-TS90.csv,value_0,98.79951453919041,139.40291112132223,15.241010085708373,14.750022179920105,0.9262457136183158,9.00179859443487,0.7188371593659393,1118.5023491725551,-75.28622587461005,5.282633166282472,1168,Yahoo
timesfm,data/Yahoo/A4Benchmark-TS91.csv,value_0,107.54730318106628,174.32703112615567,71.65483471132691,53.733007127096386,0.9063707754636404,23.652626132730763,1.5623963478386091,649.484223609225,83.56330076261669,7.495336759812857,1168,Yahoo
timesfm,data/Yahoo/A4Benchmark-TS92.csv,value_0,87.18239267776573,117.54924388255321,2.7249046044805074,2.737700259612074,0.9870190054805105,2.6496271235503945,1.1113262114243865,801.527184370605,26.58875640147275,2.8553807366652393,1168,Yahoo
timesfm,data/Yahoo/A4Benchmark-TS93.csv,value_0,281.10893919408454,373.8050064281335,76.55782115720717,42.42386409487302,0.869229784027691,23.400188366033557,0.8556952932812577,2738.00886025604,189.17959743837457,6.472139091168183,1168,Yahoo
timesfm,data/Yahoo/A4Benchmark-TS94.csv,value_0,271.1689371395315,364.76263751948267,228.72373304316355,79.47943445000163,0.5119056142169432,58.558439070163004,2.043457820883863,1899.1317288414316,-39.22829992673691,10.956960588528323,1168,Yahoo
timesfm,data/Yahoo/A4Benchmark-TS95.csv,value_0,246.45213110728298,331.8097642088709,16.06961295574838,14.140297263177173,0.8216942062168953,11.866501417154256,1.2035653784535894,1849.0426317676574,-84.24868600201653,7.657210483001759,1168,Yahoo
timesfm,data/Yahoo/A4Benchmark-TS96.csv,value_0,230.32073079808768,371.39367780181976,10.078130394559023,10.660845728062075,0.736004593386515,9.11296583901054,1.1227116856096881,1988.499315253035,-97.1730122557021,7.880638376084972,1168,Yahoo
timesfm,data/Yahoo/A4Benchmark-TS97.csv,value_0,97.19926999904827,138.8311869913387,54.56967909480935,30.71370654557658,0.97470608107308,9.782257957570021,0.9827411313728267,881.7353977447525,60.12866358962867,3.4368786805016183,1168,Yahoo
timesfm,data/Yahoo/A4Benchmark-TS98.csv,value_0,163.07076108556095,218.15462545331778,5.53158285344169,5.748754839653546,0.9454785641052016,5.074494904734803,1.4493657020700024,989.8202910013952,-45.55565480613818,5.749072274060988,1168,Yahoo
timesfm,data/Yahoo/A4Benchmark-TS99.csv,value_0,165.20990817196335,246.8007121823058,93.7763219403203,60.49369013242677,0.6839219664325559,35.48231378242464,1.0487269036553961,2005.9219057238188,-55.92862049511715,7.0179666711052855,1168,Yahoo
timesfm,data/Yahoo/real_1.csv,value_0,0.04606941063850486,0.06859563747632859,50199011.65095167,71.11599981227654,0.10262686124683262,55.01472906877769,0.8231067115106114,0.7172726694370106,-0.018648919323923294,8.714689438629701,908,Yahoo
timesfm,data/Yahoo/real_10.csv,value_0,0.422494802018893,0.7170901995766944,4.286342535462738,4.4221179732580795,-0.04309380522559403,4.532464226477327,1.441320420683631,5.096605952224438,-0.15740515281255332,10.814996673036273,927,Yahoo
timesfm,data/Yahoo/real_11.csv,value_0,2858.2143565222154,20077.71550105806,15.651348661412573,18.154703709635957,0.019113480987688947,37.614773485605355,2.7766830266154403,292701.49658203125,-2520.781657691141,6.7269916074106035,927,Yahoo
timesfm,data/Yahoo/real_12.csv,value_0,11.764444675260377,35.35650549205189,53.95176608044571,38.00344270308097,0.01570459303391636,37.97096275883977,0.7618627714729078,972.356861114502,-1.134155062538649,3.5785936732846038,927,Yahoo
timesfm,data/Yahoo/real_13.csv,value_0,1432.1771175709614,2160.1027779116716,15.044714030292782,13.91588443298773,0.566462201465318,14.499834461061587,1.8628389217789454,15408.3525390625,518.5843704700984,9.409342587932533,927,Yahoo
timesfm,data/Yahoo/real_14.csv,value_0,395.3394155492032,652.0904038241863,52.26680027779371,44.29920667731591,0.12939991515301907,43.79678099246884,1.3711998187083057,4267.90966796875,-218.62270996357117,13.070563315778438,927,Yahoo
timesfm,data/Yahoo/real_15.csv,value_0,1463.6343800566342,2205.605434999934,14.973658321986722,13.829623159880173,0.5682675543462323,14.41009902787869,1.8593967341912994,15494.69140625,551.1900441191343,9.493825047348201,927,Yahoo
timesfm,data/Yahoo/real_16.csv,value_0,0.13636819944631637,1.4813260204109155,5.375831929014905,5.531738847932481,0.01757934626465396,8.658518829979622,0.620245368884659,44.14421465237902,-0.052467560210672094,3.3140314286917536,949,Yahoo
timesfm,data/Yahoo/real_17.csv,value_0,1439.5414654915794,2695.612422954408,85.02296203804707,59.13963999250969,0.15475865268319777,64.7121100551082,3.4698484316965,11702.18603515625,-549.8819774159214,18.79654433410786,912,Yahoo
timesfm,data/Yahoo/real_18.csv,value_0,0.02349841250788214,0.032061703278506916,7.5992206282122705,7.642837947665558,0.8951770850625353,7.381951407833491,0.6439585835861373,0.2558503919177596,-0.004618318966213603,6.903237548003947,949,Yahoo
timesfm,data/Yahoo/real_19.csv,value_0,42.79848694749046,83.52154916089223,6290456172.563902,100.65123091601384,0.038735285444085,75.11107280935862,2.3719078725613705,435.0608263015747,-35.5207865395044,18.47821884090536,912,Yahoo
timesfm,data/Yahoo/real_2.csv,value_0,2497.223624384776,9454.652877310707,24.217280095377845,21.472401477866836,0.016588606628478275,24.76990327558093,2.619867961606912,159832.359375,-265.2966843227481,5.680687882543159,927,Yahoo
timesfm,data/Yahoo/real_20.csv,value_0,0.0692501388590087,0.2161827260658427,54.40478366527699,27.083484148442732,-0.6432460741154544,48.98377486334855,3.224814355678223,3.720494142174721,0.028794806068251414,5.659233666645097,910,Yahoo
timesfm,data/Yahoo/real_21.csv,value_0,53.63153151793627,165.3748712638858,27.892197951288445,25.650373441476965,0.19273405692732704,29.27724708311457,0.7327197548769084,3143.9728393554688,-17.049438711830174,4.95579476367653,908,Yahoo
timesfm,data/Yahoo/real_22.csv,value_0,3432.2366572308647,14456.895512563435,24.342178830338803,25.407415063459617,0.03412048688067382,71.63439624995948,3.3021669584888866,105032.8447265625,-3251.0414910001377,12.827541226032753,908,Yahoo
timesfm,data/Yahoo/real_23.csv,value_0,0.06572041175958868,0.09600483092338144,9.571421383086136,8.553284024101584,-0.12639373061412829,8.102033046736503,1.1196596908816914,0.6167543763590322,0.005039645029650701,12.86130623188091,908,Yahoo
timesfm,data/Yahoo/real_24.csv,value_0,0.8916338937799039,1.9217708989570406,2.7657446650954434,2.54819358909091,0.22237324554616833,2.4246983842576513,0.997920375943276,16.165657776795282,0.25354724538756784,7.316108778068396,949,Yahoo
timesfm,data/Yahoo/real_25.csv,value_0,16.686362068353468,69.42116229010777,2982280449.0427275,121.17074366496806,-0.05421222930831826,96.91361810401618,3.8109551218781017,445.11749935150146,-15.384137453586025,15.600261188788265,923,Yahoo
timesfm,data/Yahoo/real_26.csv,value_0,70.95753457512654,123.68984914103373,5329697447.946148,39.71252450304197,0.44723509916983784,34.76261227944449,0.8899130376825001,727.3355102539062,-9.026445977736914,12.234406443227867,923,Yahoo
timesfm,data/Yahoo/real_27.csv,value_0,57.345266440136186,94.29139543036179,16.401556440759606,10.703173437975478,0.884586682221756,9.309692910194993,0.6375106247723615,1616.9249877929688,-17.61179616125555,4.155636643030489,915,Yahoo
timesfm,data/Yahoo/real_28.csv,value_0,3179.13156420294,4627.437985054414,129.7642953588217,38.85889304557425,0.7312835762741918,22.906422348704638,2.8398846920994214,20876.2236328125,-881.8330619491725,12.563293744887503,929,Yahoo
timesfm,data/Yahoo/real_29.csv,value_0,9031.32724199408,13234.017011179643,21.561008997203228,7.308542276798999,0.6353194650006531,7.03160642117451,1.559357344223842,129265.78125,-1189.7231650296017,6.999607025609644,929,Yahoo
timesfm,data/Yahoo/real_3.csv,value_0,0.22091108104633111,1.2601949064070077,3.819378295017057,4.593487030894501,0.11828527117852594,7.298728973563749,1.2406066367425672,15.696304876539887,-0.16682615160230252,7.41678927390972,949,Yahoo
timesfm,data/Yahoo/real_30.csv,value_0,0.08755856050706355,0.29506477358705147,4.092830433381236,4.475260642392725,0.5273265293291173,5.0676971772514,0.8402005755568049,3.881471038924345,-0.043761195086885744,6.454597951712845,949,Yahoo
timesfm,data/Yahoo/real_31.csv,value_0,209.77813465139255,553.3520832079143,690713024.2662275,46.1920431996693,0.39349207289214816,50.77277753689956,5.356236977159337,2607.473865509033,-189.7376914644502,21.160691518467086,915,Yahoo
timesfm,data/Yahoo/real_32.csv,value_0,0.08893161379633577,0.25043007776284015,758277.2100732322,38.130054273863365,0.5231991263837343,38.11989998144802,7.211959206592102,0.9710262753069401,-0.06728910919438466,25.043007776284014,915,Yahoo
timesfm,data/Yahoo/real_33.csv,value_0,11.764444675260377,35.35650549205189,53.95176608044571,38.00344270308097,0.01570459303391636,37.97096275883977,0.7618627714729078,972.356861114502,-1.134155062538649,3.5785936732846038,927,Yahoo
timesfm,data/Yahoo/real_34.csv,value_0,1581.1608126280737,3482.2303266255494,21.983024249681407,7.508412664096414,0.8435040000582373,6.953300996632346,0.6926387154009465,38491.3916015625,-682.901704448429,6.0817547664487295,915,Yahoo
timesfm,data/Yahoo/real_35.csv,value_0,21.190693914694865,28.086659546212125,654967390.7405577,35.66885208678975,0.284875563220216,33.34850010654226,1.0800364823527075,118.99468994140625,-3.6915825307043524,14.043329773106061,915,Yahoo
timesfm,data/Yahoo/real_36.csv,value_0,0.12591463962381036,0.17954794920912426,2.26086574725774,2.2261537700370146,0.7377501165967268,2.211330886525733,1.2640874789176575,2.441365432739258,0.012828934869030507,5.416227728782029,949,Yahoo
timesfm,data/Yahoo/real_37.csv,value_0,36.36309669359129,73.54181230946801,1973945162.4892242,75.50927840131031,0.5925729524543607,51.891000079695345,1.5499079995741196,354.63616943359375,-18.254261874583694,11.09227938302685,922,Yahoo
timesfm,data/Yahoo/real_38.csv,value_0,23324.16656420765,37531.11588416486,51.146932765120944,5.512948334794527,0.9410474782924674,5.131419886050546,0.6402753981840367,342416.75,7906.91106557377,4.221851044313478,915,Yahoo
timesfm,data/Yahoo/real_39.csv,value_0,3177.7390326161203,8720.437122418278,18.168101886380907,9.47984799909531,0.7640687732278768,9.88046960353784,0.7412190424279438,139724.578125,-641.0868062670766,4.569358080556196,915,Yahoo
timesfm,data/Yahoo/real_4.csv,value_0,76.01811879447996,589.211225926714,43.6361846557772,38.13179944756817,0.0019265993255979108,63.09276005737019,0.8259188856212228,12579.295822143555,-58.41600752243226,4.651177975424013,911,Yahoo
timesfm,data/Yahoo/real_40.csv,value_0,131.20003950608884,182.2040959696284,10757947979.472424,66.10131925237853,-0.02878911668871731,49.80708975300229,2.041102893713557,716.181884765625,-6.31172056771367,20.9670996512806,915,Yahoo
timesfm,data/Yahoo/real_41.csv,value_0,39.05375885472654,107.9816446959929,458421115.05308664,47.087262529253614,0.0015701154941550888,49.88461032786133,0.8461816009225641,1897.6603088378906,-20.351854235482758,5.526184477788787,923,Yahoo
timesfm,data/Yahoo/real_42.csv,value_0,42.488929194751485,164.8648181043337,1185061021.6399164,86.54242629777366,0.15723015180832844,77.26470899186663,2.786898561065211,1387.5100708007812,-41.718451365700055,10.796648205915762,928,Yahoo
timesfm,data/Yahoo/real_43.csv,value_0,0.09234958374039058,0.15477527066932373,5.630070038980009,5.54292357376678,0.4231632789526186,5.606066445740905,4.835007586595078,1.3378495912246704,-0.018603428926180145,9.143870038780442,928,Yahoo
timesfm,data/Yahoo/real_44.csv,value_0,654.9566421893709,1343.816658281363,1.854888161064808,1.944324088308041,0.762162891376911,1.8239451079860403,1.0221922254217068,14628.077401260001,-473.97414110299144,8.641757664819243,949,Yahoo
timesfm,data/Yahoo/real_45.csv,value_0,22.87953979804598,43.465523282646686,2233794731.1864614,70.41636848003333,-0.0841238620528666,71.22513563430617,0.6466654488928782,779.8370246887207,-9.365918609602698,5.433190410330836,928,Yahoo
timesfm,data/Yahoo/real_46.csv,value_0,187.93916874321977,278.7603248155489,148.838516774945,44.88242879233561,0.6163434649031425,26.210383207274724,1.963894159173353,1050.0517578125,-23.691467449405863,15.426692020783006,929,Yahoo
timesfm,data/Yahoo/real_47.csv,value_0,700.5645694586749,1332.613142914991,22.45938887244403,7.293310462961064,0.926841227491737,6.872931269620451,0.41035218813900287,20138.49609375,100.84361232069672,6.109821387900559,915,Yahoo
timesfm,data/Yahoo/real_48.csv,value_0,184.66054662480195,289.6917466767264,28.77190992167524,34.925801523319905,0.35317303694969393,31.47333591740819,1.5389763853349527,2134.0753784179688,-139.69610068970385,10.003168048229503,927,Yahoo
timesfm,data/Yahoo/real_49.csv,value_0,0.02349841250788214,0.032061703278506916,7.5992206282122705,7.642837947665558,0.8951770850625353,7.381951407833491,0.6439585835861373,0.2558503919177596,-0.004618318966213603,6.903237548003947,949,Yahoo
timesfm,data/Yahoo/real_5.csv,value_0,668.0412250012641,2776.769726510509,22.68217533799291,21.56075258983111,0.06854103532628542,24.20612357074818,1.0466348038149011,79844.875,-103.9488068449973,3.3541942701099345,927,Yahoo
timesfm,data/Yahoo/real_50.csv,value_0,1099.8820292484156,1683.0190236377412,11.469570277770114,11.912740300933468,0.35592911744035094,11.791564502777696,1.2942912900891244,14683.8896484375,-471.96113397131205,9.068967688531853,927,Yahoo
timesfm,data/Yahoo/real_51.csv,value_0,134.9272949885801,198.65022372058405,21.459143412192102,10.784577995250942,0.9167195713395396,8.837576910242353,0.6723084048102698,1909.4100341796875,-24.426550159558573,6.972629825222325,915,Yahoo
timesfm,data/Yahoo/real_52.csv,value_0,265409.2864130435,454086.3001753682,17.37750586504522,4.813804884380394,0.8226317527516445,4.543315404526446,0.89022666842154,5999697.5,-118087.24945652173,5.827203636502523,920,Yahoo
timesfm,data/Yahoo/real_53.csv,value_0,0.8916338937799039,1.9217708989570406,2.7657446650954434,2.54819358909091,0.22237324554616833,2.4246983842576513,0.997920375943276,16.165657776795282,0.25354724538756784,7.316108778068396,949,Yahoo
timesfm,data/Yahoo/real_54.csv,value_0,0.6853201210858918,0.9213044823321991,7.639037748978297,7.508918305386501,0.9564784286222072,6.512460610219762,0.5387004573423828,5.518983532303814,0.0010078246997682115,6.018910233659927,229,Yahoo
timesfm,data/Yahoo/real_55.csv,value_0,168.4210031644894,259.36038874312806,42.24266491938924,16.72448569655515,0.6963982206928636,13.176352616285952,1.5095690753755204,1559.0614013671875,37.89926651084358,10.802181955149024,915,Yahoo
timesfm,data/Yahoo/real_56.csv,value_0,6902.931301229508,11452.673639916939,32.85653349248599,16.630512965149837,0.45145059779308194,13.632419195388437,1.5255808712675567,66314.421875,638.6737832991803,14.5137736378828,915,Yahoo
timesfm,data/Yahoo/real_57.csv,value_0,1925.11863966368,3938.9595990841162,29.762917461520516,28.505588436169383,0.7487452025310102,23.929713220365098,1.0557977522585287,19993.751953125,-1251.347684698033,11.739515390826801,929,Yahoo
timesfm,data/Yahoo/real_58.csv,value_0,32.23839787515698,133.65684803371022,10950575765.971582,157.75233927825377,-0.05892457798633943,100.64957799610977,5.670317214974196,781.9908828735352,-29.613747727008835,17.09166854651026,923,Yahoo
timesfm,data/Yahoo/real_59.csv,value_0,0.16049558566634428,0.2526928243899205,636171780.2210397,31.951940279271472,-0.11648951867087876,25.073245011988604,0.7867823660448603,0.7605733871459961,0.0720030138020113,25.269282438992054,911,Yahoo
timesfm,data/Yahoo/real_6.csv,value_0,20.875993031128324,31.37950224734532,21.052934657399767,21.053775121953585,0.23295588104428477,20.864964085710852,1.5311817462831547,334.21680450439453,-4.618593522517298,8.108398513525923,927,Yahoo
timesfm,data/Yahoo/real_60.csv,value_0,0.11693672616480971,0.4434037729338694,8.019799432848412,9.047415265709102,0.025910043847794273,11.549322981973804,1.0941148093511581,9.552079533206314,-0.07177801686865218,4.53262226357127,949,Yahoo
timesfm,data/Yahoo/real_61.csv,value_0,101.9606955633995,136.79280664110166,3169214115.6837673,73.60671542979323,-0.24886642697767658,59.44315973742885,1.6690690683160123,766.1945648193359,-41.09232051611203,15.509388508061415,929,Yahoo
timesfm,data/Yahoo/real_62.csv,value_0,0.1382400184312377,0.41965402272713165,35.33363712998254,37.104411232915915,-0.034290087862408614,51.61827503049178,1.2480313915239911,3.4272552977212682,-0.08874673989984562,11.854661373781566,229,Yahoo
timesfm,data/Yahoo/real_63.csv,value_0,1.6390855884546338,2.0917057003369255,11.690186938495227,11.675935946418736,-0.02942984901184542,11.613653629819435,1.0085214936594797,9.878020827918562,-0.2815316299970706,14.164340004966142,927,Yahoo
timesfm,data/Yahoo/real_64.csv,value_0,4.983670136130408,6.594103092775246,1099238898.7267802,41.52713961812496,0.062162947059977824,38.83107906118551,0.7348023333856083,37.79966163635254,-0.4711791645210192,14.030006580372865,929,Yahoo
timesfm,data/Yahoo/real_65.csv,value_0,547.432270986992,1180.1498766466345,21.95353175533571,24.55817087640863,0.6741986054746286,24.7613541343532,1.5414002388211485,16766.6396484375,-533.0100748831766,5.065673162409901,912,Yahoo
timesfm,data/Yahoo/real_66.csv,value_0,52.726522315358906,244.50002573974442,6237573980.851907,140.34411934188577,-0.03223231884964317,99.22330097519205,1.3269389162488456,2305.711969733238,-48.78668470510788,10.60277648481112,912,Yahoo
timesfm,data/Yahoo/real_67.csv,value_0,200.38010126986958,1227.5926581870415,400661687.6182636,41.333762069789834,-0.015659609273988906,79.52665199543925,1.3667775415857624,12445.91000366211,-184.75542915796476,9.831752828664436,911,Yahoo
timesfm,data/Yahoo/real_7.csv,value_0,139.95888316147153,336.57283823854414,340883338.44814694,81.64696582490771,-1.180710402393525,179.28812441658778,9.77306504580564,1318.1541748046875,26.945489804386177,21.92656926635467,911,Yahoo
timesfm,data/Yahoo/real_8.csv,value_0,111.90886665545897,546.7982445860147,65.01159829915049,53.572970802769774,-0.030670559833700928,77.44971449718118,1.4486739749732573,5716.50789642334,-94.95963591521007,9.532744849825917,908,Yahoo
timesfm,data/Yahoo/real_9.csv,value_0,0.006275847215871999,0.038011746251824095,17.46244025789547,17.874971631267353,0.06521417656183492,20.853761297957117,0.7337019042491753,1.0647741969840616,-0.0029737002754280243,3.5460556233885443,949,Yahoo
timesfm,data/Yahoo/synthetic_1.csv,value_0,72.3080830153282,156.2252137617932,27.025729868749153,15.203910258835426,0.9753613713029194,8.05910454887231,2.1075343857896653,2140.2047845870884,6.362953800915366,5.504858380319595,909,Yahoo
timesfm,data/Yahoo/synthetic_10.csv,value_0,103.688481868141,142.84658724440797,58.43186772163862,22.68851452866184,0.9794141392264644,11.643259770076405,0.8319256935272824,1219.5110684842325,-7.165766428668107,3.5893740076568994,909,Yahoo
timesfm,data/Yahoo/synthetic_100.csv,value_0,1500.6707844911532,2494.040511986831,6.435170392030814,6.692922884812639,0.8602069592098103,6.404555775488896,2.600644486848427,26077.8184377265,-544.5808891383257,6.866491262602435,909,Yahoo
timesfm,data/Yahoo/synthetic_11.csv,value_0,284.89382746504646,682.2399318678844,27.81895657844101,21.797220565691635,0.6930065880406714,13.026542292100304,1.67177291774481,6192.758357762387,-178.28248503952128,9.605235918726382,909,Yahoo
timesfm,data/Yahoo/synthetic_12.csv,value_0,118.31317011299912,149.16731224044452,41.92696457849285,25.563544224582845,0.977308211381921,13.34997769509,0.7978277276036733,883.977838823558,-20.887100453880187,4.425933713404522,909,Yahoo
timesfm,data/Yahoo/synthetic_13.csv,value_0,191.22841414922271,420.2015331462138,36.06204816480826,19.9744933727862,0.8734257766377911,9.994880210257843,1.0588276912100454,5655.70989885897,-138.4095843732251,4.954522910654932,909,Yahoo
timesfm,data/Yahoo/synthetic_14.csv,value_0,490.5829928162568,1044.5962256721205,7.948205225597335,8.742829775197833,0.7905239116987804,7.520382820245515,2.3175135857991243,9920.283402399975,-273.0375331345278,9.415701024811847,909,Yahoo
timesfm,data/Yahoo/synthetic_15.csv,value_0,155.1127723866993,201.31254333282087,130.20597199073583,32.02018406975403,0.9606511981117637,16.995385422090976,0.854001333404209,2060.950290850902,-1.7915274314231078,5.460255916333196,909,Yahoo
timesfm,data/Yahoo/synthetic_16.csv,value_0,299.9067000781175,502.1611726824526,7.258356634296334,7.615032227020515,0.9049666120000475,6.984823385602429,1.4412368106404547,5535.23573191889,-187.11551822619495,6.439195630338269,909,Yahoo
timesfm,data/Yahoo/synthetic_17.csv,value_0,190.2216874951428,343.4558461217591,43.60327262955898,34.045216978117146,0.8889214069497292,20.36530572983727,0.8872652109538617,2856.88646937678,-42.770022157806345,6.066284257830887,909,Yahoo
timesfm,data/Yahoo/synthetic_18.csv,value_0,263.6019149635377,359.64997485144147,8.771635873534908,9.322360920642925,0.9353530895579439,7.505577693264398,1.184340080552658,4739.25013285716,-176.65090004268814,5.659800416904738,909,Yahoo
timesfm,data/Yahoo/synthetic_19.csv,value_0,188.95759575827822,293.3379177170054,126.73320152728596,37.18536204631722,0.9165756049123454,20.12963562659843,0.8067546449411536,3180.6781269208195,-75.20346575054556,7.162880706884285,909,Yahoo
timesfm,data/Yahoo/synthetic_2.csv,value_0,127.14859711269241,222.63998342328327,47.8142738767721,27.669531171838535,0.9534892596612587,12.481710882379689,2.757894520566512,1684.736059834775,-72.04195150482853,5.1293500040006945,909,Yahoo
timesfm,data/Yahoo/synthetic_20.csv,value_0,273.0588809265609,481.3258093154606,16.1814072703406,12.963292272509602,0.8590643624714789,10.05842732956222,1.0647688717543622,3932.3154450945804,-158.2537431449616,6.996079397472162,909,Yahoo
timesfm,data/Yahoo/synthetic_21.csv,value_0,707.3034196644663,1191.8415341164712,7.853231716868804,8.217041335189416,0.8552797411655305,7.223252610754536,2.385707887559238,23722.45398535155,-197.8923433638658,4.411727467125111,909,Yahoo
timesfm,data/Yahoo/synthetic_22.csv,value_0,224.69726564093122,297.4734270138789,273.2541003668852,44.88584020540603,0.9124341680416658,23.05926154249929,0.8656114551047307,1807.070123012475,-65.4749347318641,7.312192978826261,909,Yahoo
timesfm,data/Yahoo/synthetic_23.csv,value_0,769.5983310679012,1664.7309550830155,11.867525603359924,12.835109554938551,0.5019278223148985,12.7212680668739,2.147641035134391,14388.389072826249,-388.9942954473278,9.06793426044006,909,Yahoo
timesfm,data/Yahoo/synthetic_24.csv,value_0,218.90764892244297,274.5845158587612,118.24697881023722,41.008818734124716,0.9257570061888685,24.04762421855461,0.7671427109172504,1251.6984587775503,-73.58178441127444,6.246957549941687,909,Yahoo
timesfm,data/Yahoo/synthetic_25.csv,value_0,391.1596857406145,833.9152584842808,8.849278201135734,9.374242758222415,0.7505968565784886,8.984002750593817,1.1683288871071194,10831.86475598745,-284.1935771722396,6.614556533134322,909,Yahoo
timesfm,data/Yahoo/synthetic_26.csv,value_0,262.42955821308306,361.9242717760933,107.87737728977194,51.75335614189331,0.8817307739355409,23.799700882858748,0.842357427142218,2359.9764562277614,-127.30950102605848,7.273952615263478,909,Yahoo
timesfm,data/Yahoo/synthetic_27.csv,value_0,299.84236416786797,479.8059227637829,9.12674262340733,9.658605170307993,0.8986004490476209,7.765307189190851,0.8856639802380157,9524.58942704065,-172.8721265435859,3.888075195057227,909,Yahoo
timesfm,data/Yahoo/synthetic_28.csv,value_0,819.569992936822,1490.2115655980194,6.811094716748508,7.000693749777358,0.8464268963289446,6.605300879672445,2.1360690694491367,16917.47346110575,-200.55448298503913,7.580829179449487,909,Yahoo
timesfm,data/Yahoo/synthetic_29.csv,value_0,340.8338791325334,558.7042939287135,119.66338176416178,58.71702969070871,0.7179087215710451,27.063077415934274,0.9540987880057612,4247.0939348160955,-168.04376638292433,11.579084601076021,909,Yahoo
timesfm,data/Yahoo/synthetic_3.csv,value_0,50.181466289010935,90.47212976641937,41.8328873968371,13.976628264928076,0.9916216856618182,5.643529387132688,0.9482088913930066,2044.271553369284,-8.632478033475484,3.085824602010435,909,Yahoo
timesfm,data/Yahoo/synthetic_30.csv,value_0,535.7518958883218,715.6502193078761,6.844356282618073,7.106473136613925,0.9190448442725481,6.661347144084242,1.4438308921049499,9972.8978248973,-267.9094259689407,5.564022415068131,909,Yahoo
timesfm,data/Yahoo/synthetic_31.csv,value_0,303.5579684218384,460.18649651744227,76.6000450822354,46.66481072647565,0.8260499757849762,22.213339109000596,0.8112702339720695,4718.565340705967,-155.153335558304,6.005163877034536,909,Yahoo
timesfm,data/Yahoo/synthetic_32.csv,value_0,477.1358234845554,829.2057790377955,9.314727585328638,9.95035033259794,0.7889208242068761,9.066853906633366,1.1684942229121686,6684.234444241451,-317.3430207102024,9.643842879724083,909,Yahoo
timesfm,data/Yahoo/synthetic_33.csv,value_0,310.91935655850494,395.9254244585856,116.62295964311863,55.73027366380428,0.8589380029637812,30.333829015782015,0.7914715258950642,3081.3854276066536,-125.31383202465535,8.028244328000078,909,Yahoo
timesfm,data/Yahoo/synthetic_34.csv,value_0,370.4642671165057,555.0428254612583,10.892685738514446,10.988844359688258,0.8672360055997963,9.485635474768854,0.8986568854889305,5547.942829639829,-216.6411691290367,6.4347108976251635,909,Yahoo
timesfm,data/Yahoo/synthetic_35.csv,value_0,1314.2700145829185,3962.8548846634117,7.507251086564961,7.937001581145236,0.46926086523368593,8.507246657820145,2.068100816809311,38738.7646790023,-411.85220799992135,9.405955528012827,909,Yahoo
timesfm,data/Yahoo/synthetic_36.csv,value_0,325.9146658960845,408.1533860423163,257.73168211970597,59.42201036758444,0.8572763832266922,29.373267041128514,0.7693202418896269,1683.6792210356004,-103.21255628436928,7.788476656208681,909,Yahoo
timesfm,data/Yahoo/synthetic_37.csv,value_0,751.8232203861688,1600.0466898574994,8.09124289063307,8.448237556711849,0.7087073290196169,8.469427655961072,1.461285974463798,20792.33414934045,-371.5080073294089,6.493881458872075,909,Yahoo
timesfm,data/Yahoo/synthetic_38.csv,value_0,385.7375366798656,532.714084356401,42.7961742095578,34.6737686862065,0.7931044651615994,19.757788146437633,0.8534083359695989,3330.10780796946,-195.12367876064437,8.274376120387469,909,Yahoo
timesfm,data/Yahoo/synthetic_39.csv,value_0,536.4721581847092,866.2320055596663,8.188558652684977,8.70952304362083,0.8549104177913082,7.637630853570461,1.0924658482946983,17051.68742520345,-361.21494404860977,4.329117624471772,909,Yahoo
timesfm,data/Yahoo/synthetic_4.csv,value_0,89.3346359016871,150.95743359739816,28.06869862733797,21.083200930695785,0.97796762064385,8.215838777130035,1.3247395268510287,1785.9503322245112,-54.893929872571555,4.314692902399851,909,Yahoo
timesfm,data/Yahoo/synthetic_40.csv,value_0,397.85598105539236,527.916699555646,54.74270105284202,33.672334517057294,0.8072736925584741,18.663236911506335,0.8434154511436214,3814.088139246729,-231.53891492317487,9.332037378223243,909,Yahoo
timesfm,data/Yahoo/synthetic_41.csv,value_0,589.2158251314694,1287.2318449171064,13.915546221066133,14.140465665440448,0.5211500557146909,13.410980002617595,1.0922669598407664,11384.1896183344,-259.18520979337154,8.854005910643608,909,Yahoo
timesfm,data/Yahoo/synthetic_42.csv,value_0,1157.7258441616796,1658.386402025868,6.775871360164423,6.911430970027957,0.9097216801502004,6.110186425655449,2.1527868894956717,23932.130626318998,-148.80181704877154,5.585070785299891,909,Yahoo
timesfm,data/Yahoo/synthetic_43.csv,value_0,501.9117406339152,764.712499427201,34.89600332161865,29.974065303306524,0.6106400195513142,20.204238332171364,0.9650033402288014,6929.981376783063,-277.24012732966827,9.878397862455435,909,Yahoo
timesfm,data/Yahoo/synthetic_44.csv,value_0,1131.9794004694784,1724.1139276084295,11.296877634358733,11.739943728166203,0.7019889654171636,11.16047200439214,1.9533770284382808,11641.268428014551,-294.96070658222067,10.327444648706587,909,Yahoo
timesfm,data/Yahoo/synthetic_45.csv,value_0,425.82328129829625,544.4678680394237,821.1042491968979,56.8988225643561,0.763023443016063,29.976599459578402,0.7959459315945868,4305.657966667839,-193.0583379683229,8.63516741488831,909,Yahoo
timesfm,data/Yahoo/synthetic_46.csv,value_0,532.9891077303491,822.5786101610757,8.453536261501151,8.796307047961527,0.8530091752499207,8.046052008695776,0.950747498373875,8405.8004396042,-304.5966744440198,7.7308335576856235,909,Yahoo
timesfm,data/Yahoo/synthetic_47.csv,value_0,566.5649140644755,1011.0059558202352,28.417926971946546,26.128969062478042,0.5524059663758056,18.89266936635434,0.9636927787866892,8571.273977595292,-327.44237934165466,8.897168325326096,909,Yahoo
timesfm,data/Yahoo/synthetic_48.csv,value_0,489.36300592042625,648.4152953605006,8.886868695411776,9.272529390552183,0.8980950020168196,7.959883474957283,0.8498514722324553,7469.952297035899,-244.3482234493124,5.827495894488288,909,Yahoo
timesfm,data/Yahoo/synthetic_49.csv,value_0,1370.4564213899134,3620.207443327544,6.390829255299292,6.752563586415709,0.6875036378273685,6.715704796620401,1.7857188377884519,50131.0217963881,-520.7177395891804,6.464764452826229,909,Yahoo
timesfm,data/Yahoo/synthetic_5.csv,value_0,142.53121732109395,297.68282806694333,101.09159636690272,26.78114293227859,0.9130481487421547,15.832330413707679,1.663686558778699,2326.4704868887766,20.634184835115267,6.005827019301767,909,Yahoo
timesfm,data/Yahoo/synthetic_50.csv,value_0,575.9838355766618,819.6568118683576,21.001917608962685,21.439226319575212,0.6250171234351053,17.096849216238148,0.9638211445326362,4672.266170998956,-303.7956734515306,11.679000158248758,909,Yahoo
timesfm,data/Yahoo/synthetic_51.csv,value_0,896.7835029497452,1482.1318276610516,7.002177201539486,7.24108112196563,0.8547215883557105,6.924862331026412,1.3586194624848853,30536.827086492398,-276.1591078252235,4.154355425423172,909,Yahoo
timesfm,data/Yahoo/synthetic_52.csv,value_0,497.472964215793,675.8342653545562,19.142709055702838,17.378853689484092,0.787591703618851,13.769770814254148,0.8101468269163125,5210.7086984753605,-235.27767532506962,7.766278314246984,909,Yahoo
timesfm,data/Yahoo/synthetic_53.csv,value_0,784.9640642562525,1911.0616003003079,10.41998927972231,11.147953291694543,0.4777174920759686,10.820159934911358,1.0945178993715394,17456.046398900125,-454.63828150233405,9.542983983290512,909,Yahoo
timesfm,data/Yahoo/synthetic_54.csv,value_0,519.2776829810285,651.9058610094542,52.6201329356602,48.48199243254052,0.7212308444876696,26.56338277530898,0.8176590911681589,2760.183089065445,-267.2844019660155,10.299829695211162,909,Yahoo
timesfm,data/Yahoo/synthetic_55.csv,value_0,596.1378669353669,1052.8547745163205,13.82715258323458,13.96966886279431,0.6828025672590032,12.54921881830445,0.8770584090554843,12568.439828350074,-312.3675233169566,6.6217806833839505,909,Yahoo
timesfm,data/Yahoo/synthetic_56.csv,value_0,1464.5760673341285,3202.4929634356654,6.292882158161213,6.493525609809536,0.7743441633012156,6.419975092564758,1.8047723422917912,28469.366075099497,-73.63193731868712,8.949509859844175,909,Yahoo
timesfm,data/Yahoo/synthetic_57.csv,value_0,578.0240724204957,745.0627069697294,53.61932656090044,47.099059264531,0.655442679924009,26.61198630957957,0.8541873825316316,6271.45801587317,-289.15222453894745,9.492440580965631,909,Yahoo
timesfm,data/Yahoo/synthetic_58.csv,value_0,1024.5491709027995,1515.478341908052,8.692107793641716,8.935706631383272,0.828141841087637,8.416543009562712,1.4151483696805365,13595.7243925752,-325.9868417555741,7.759739958629447,909,Yahoo
timesfm,data/Yahoo/synthetic_59.csv,value_0,746.0889011447807,1403.3935029568086,16.707743209047226,17.491860760937353,0.4779511824548486,15.702351346081745,0.9972971686963518,12124.7894695378,-404.105901195857,8.899538130465316,909,Yahoo
timesfm,data/Yahoo/synthetic_6.csv,value_0,89.47265382313176,122.53024407443509,86.63013286099905,23.370492580497988,0.9857331428488681,7.787125171304546,0.9990474316535637,1658.931376045165,-64.19368480788665,3.312814683948858,909,Yahoo
timesfm,data/Yahoo/synthetic_60.csv,value_0,465.5878078900138,752.8609119512341,3.7457214010117688,3.8730476849169393,0.9550258548989083,3.7690388487541098,6.259902309422492,14819.7607789666,-340.03034925494387,3.809983943093849,909,Yahoo
timesfm,data/Yahoo/synthetic_61.csv,value_0,72.93867099160504,171.59182046974703,61.76386766113584,16.7656963122713,0.9699537936024435,8.198598041717737,1.266304290969071,2272.7546335416437,-6.550115982160204,5.471153304778812,909,Yahoo
timesfm,data/Yahoo/synthetic_62.csv,value_0,650.6474455047791,1559.1375293323463,6.791097625319664,6.821233159612026,0.7235858728782913,6.595514204929233,4.914185089332995,11615.654736201901,-22.959185447621213,9.522181237505157,909,Yahoo
timesfm,data/Yahoo/synthetic_63.csv,value_0,928.0896203331903,2800.215990891411,2.9416702153791183,3.123615343925464,0.8969519537491147,3.0823765757151422,4.6242305413690366,70274.3614317453,-737.7901993590862,3.437545133585307,909,Yahoo
timesfm,data/Yahoo/synthetic_64.csv,value_0,77.18125766312153,134.02416577189263,31.367246318651752,17.982066836552733,0.9814478768924957,8.569172275465395,1.3502099307343325,1379.0882614714756,-42.22909881312265,4.232603600552039,909,Yahoo
timesfm,data/Yahoo/synthetic_65.csv,value_0,1677.0354874214174,4677.871769381369,7.809785443786696,8.549170362983391,0.4648402399902851,8.983045174156343,4.781534447515014,43909.1995875412,-920.9082472486288,9.314103900571865,909,Yahoo
timesfm,data/Yahoo/synthetic_66.csv,value_0,71.5595351943458,96.49485603448532,32.30398127173049,16.825231301816014,0.9904156030376121,8.02574624840969,0.8859061220756266,1265.28675817719,-32.028238595987716,2.946577815433964,909,Yahoo
timesfm,data/Yahoo/synthetic_67.csv,value_0,646.2284080512774,2184.703972620484,4.477022571788686,4.836273959641857,0.7212825770064558,4.870990314233778,2.8699743493556364,31919.392536088497,-564.7336308810455,5.987512359618587,909,Yahoo
timesfm,data/Yahoo/synthetic_68.csv,value_0,141.6875884993824,237.86080558982692,46.5634975653974,33.56054983231224,0.9449262925677971,14.009827331423095,1.2659677237251024,1855.7475455940619,-55.93255798313616,5.297835952179108,909,Yahoo
timesfm,data/Yahoo/synthetic_69.csv,value_0,279.49078562488285,899.287745880842,2.690305272218283,2.793457399931287,0.91887260314958,2.624459775148687,1.6368927889877505,25246.4314141032,-177.50018302716174,2.9834652310424374,909,Yahoo
timesfm,data/Yahoo/synthetic_7.csv,value_0,279.85474173432914,668.7775406522753,11.600481905017734,11.838200371446343,0.8192484930341742,8.385405942134236,2.34646523536415,9136.5460307086,-182.85929197496176,6.000256038959623,909,Yahoo
timesfm,data/Yahoo/synthetic_70.csv,value_0,1134.4651807830278,3001.4547925055085,3.1703393662461763,3.366892440749684,0.896804685385886,3.4669973915717045,3.9668635347186596,40064.9204461686,-597.6325990131554,5.9480341877306815,909,Yahoo
timesfm,data/Yahoo/synthetic_71.csv,value_0,220.11945210440237,469.89454498770715,149.67817406479972,46.52628822559904,0.783930266734625,18.550673197920293,1.4408692283856341,3905.0963283352876,-121.95407245226616,11.0523170124024,909,Yahoo
timesfm,data/Yahoo/synthetic_72.csv,value_0,861.9308101550097,1362.194888525952,4.38636858219689,4.569267928500364,0.9426698543902865,4.279485698614805,4.428421764499782,24738.0380223041,-712.22330833539,4.347808043870069,909,Yahoo
timesfm,data/Yahoo/synthetic_73.csv,value_0,184.62328090429176,349.0826807836515,47.284901833065895,32.32849509003825,0.89250176531567,13.736136127677042,1.0788152234109178,4305.65681464562,-131.20515586752958,4.8968128254439725,909,Yahoo
timesfm,data/Yahoo/synthetic_74.csv,value_0,807.3001799635306,1901.6929143970192,5.67442830935622,6.010075633645951,0.7800450978969254,5.783903858931641,2.968721902225713,16690.5870237988,-499.28927732594764,8.666090812169113,909,Yahoo
timesfm,data/Yahoo/synthetic_75.csv,value_0,166.38019238117553,226.69690927726873,171.91816252615058,37.03859570218434,0.9499740466672506,16.46377985767636,0.8916874278275794,3034.10982102357,-93.90393879384843,4.91912831185631,909,Yahoo
timesfm,data/Yahoo/synthetic_76.csv,value_0,408.2338135501371,994.8796706803286,3.980375253451086,4.2412185053192,0.8976908386332595,3.8670034254443015,1.6731591034096662,12843.671076124101,-265.49399598064224,5.741418399390084,909,Yahoo
timesfm,data/Yahoo/synthetic_77.csv,value_0,2069.6314797274754,9149.151838709387,4.609465643410726,4.730202368449213,0.4368888889083806,5.765231818741188,2.7814705605677847,86839.033378712,-548.3604492758083,9.506204315275445,909,Yahoo
timesfm,data/Yahoo/synthetic_78.csv,value_0,203.59860679677706,260.22111388173954,128.854433858266,44.315345943189726,0.9349128138585843,18.389150238998482,0.9463178225480307,1798.6255556722824,-94.68884954779854,6.014702779571265,909,Yahoo
timesfm,data/Yahoo/synthetic_79.csv,value_0,1434.439262050707,3604.0182046024315,6.400188440230364,6.903558530360927,0.6898099914119222,6.87025679836165,3.3170274474679085,48625.6738053951,-982.9627819963775,6.373081099082628,909,Yahoo
timesfm,data/Yahoo/synthetic_8.csv,value_0,138.3914890415547,199.2591153104099,89.89709532669683,29.048648883348015,0.9595362424737472,15.613788064302867,1.3558621578946661,1177.8675894727662,15.955209353001031,6.304507802178818,909,Yahoo
timesfm,data/Yahoo/synthetic_80.csv,value_0,262.0594203368388,426.98037853221695,40.1734949767026,21.771043939810284,0.86259912343696,12.144421025872749,1.048154282349044,3268.6849178318,-179.32907997095296,6.9095645922448155,909,Yahoo
timesfm,data/Yahoo/synthetic_81.csv,value_0,670.2641662521144,1458.7219414117096,4.408456685901561,4.595891362225061,0.8953428518468631,4.313486637528592,2.0524460335275045,36901.2871042825,-442.4219839498613,3.410249485107692,909,Yahoo
timesfm,data/Yahoo/synthetic_82.csv,value_0,260.66848938432634,384.5046784729873,23.578065174197263,18.899034340156625,0.8967671411306563,10.828767041130009,0.9664136202113166,3739.1808129454303,-183.99872415689288,7.19497838123954,909,Yahoo
timesfm,data/Yahoo/synthetic_83.csv,value_0,1299.418182996056,3133.058700606151,11.252577542673968,11.136341298070276,0.32568243754925297,11.887480793100247,2.9917091229448323,25797.4183888888,-180.30762924725346,10.303278525803963,909,Yahoo
timesfm,data/Yahoo/synthetic_84.csv,value_0,1125.9748316966447,2112.1673588793715,3.220395621588521,3.314493525262415,0.9625494436056627,2.8943661512231924,2.9588028700282427,48161.24518095869,-461.15082873839896,3.503632285286149,909,Yahoo
timesfm,data/Yahoo/synthetic_85.csv,value_0,427.4475567067124,735.483317813924,19.16747333076526,20.742920308182374,0.6448110210402284,14.893627507261979,1.3407721664874086,7779.2957742954295,-273.84321633606737,8.986722498988085,909,Yahoo
timesfm,data/Yahoo/synthetic_86.csv,value_0,1827.0563732056225,3227.712529647195,8.270337956745038,8.750896052096655,0.7427279755043835,8.33093835109179,3.9251986906879637,25278.2021647054,-597.9544611740458,9.584097725433253,909,Yahoo
timesfm,data/Yahoo/synthetic_87.csv,value_0,293.75673739512274,388.8656963718264,74.27231564564426,38.845687610498324,0.8705220201063543,18.563422340594173,0.8975020785645538,4684.349498146158,-195.72212598762857,6.765526242293397,909,Yahoo
timesfm,data/Yahoo/synthetic_88.csv,value_0,738.0287706932039,1448.2500747913768,4.979562748561137,5.287632946730666,0.8837466651286555,4.983442202015706,1.8536174397347196,18293.3867387823,-657.511192186877,6.217422788751139,909,Yahoo
timesfm,data/Yahoo/synthetic_89.csv,value_0,455.06168672211635,1019.8296594345527,13.67637820858143,14.663385003830133,0.5869912748499696,12.91294170193493,1.162446215299824,9279.219741459712,-271.0706357049469,8.353804507492239,909,Yahoo
timesfm,data/Yahoo/synthetic_9.csv,value_0,209.20988058260136,340.38604617746887,31.99373478991077,14.341400808409507,0.9291303207880763,8.147569145531621,1.690554777819357,6959.363249931333,-142.30916771825764,4.350429756527577,909,Yahoo
timesfm,data/Yahoo/synthetic_90.csv,value_0,338.2521429958832,627.5680959159057,2.929434122294451,2.987760922396201,0.9697504828355947,2.6865268874969033,0.8802830115648095,14462.871085511,-101.07625720245879,3.0135714286474395,909,Yahoo
timesfm,data/Yahoo/synthetic_91.csv,value_0,1833.941645109584,6698.1649766410865,4.132827862606817,4.507283983809658,0.7078772310718928,4.569078989665793,2.3983762533894946,96974.665045135,-1334.0481029681732,6.168722409433343,909,Yahoo
timesfm,data/Yahoo/synthetic_92.csv,value_0,505.64585696349417,818.2250479511212,13.852106351899385,15.383037272973063,0.653701124230134,12.68015195148845,1.2718395230415982,5540.49946822554,-288.1158417486106,12.397128342270536,909,Yahoo
timesfm,data/Yahoo/synthetic_93.csv,value_0,1235.3613600504893,2429.774685876503,4.715492261255468,4.847668286881004,0.8831051208425726,4.996107385134837,2.417797760568033,57460.586662017304,-406.21755313773593,3.6193174973856816,909,Yahoo
timesfm,data/Yahoo/synthetic_94.csv,value_0,400.0216025037661,596.3011732964155,10.190657155430753,10.721650382308841,0.8506063983725547,9.317577637447789,0.9692722565037046,5760.291126979,-275.1320367329781,6.633315501395671,909,Yahoo
timesfm,data/Yahoo/synthetic_95.csv,value_0,1469.9651021270286,3948.201250861156,8.612355682458755,8.996764586783852,0.42282124171978763,9.573256797636041,2.313268943228356,36050.7733698497,-626.4907495087352,9.48877801143011,909,Yahoo
timesfm,data/Yahoo/synthetic_96.csv,value_0,379.28038636948355,478.6399677814684,45.155501931090484,29.408601914675288,0.8438053142519861,16.644050225818408,0.88777118089474,3159.1872889063397,-233.65937051665566,8.304083724995824,909,Yahoo
timesfm,data/Yahoo/synthetic_97.csv,value_0,672.3491333628538,1853.061279364857,5.963633467368518,6.367372915424402,0.7121715297226011,6.255334780365521,1.2559153719694223,25782.322058377,-422.43795178630637,6.156751081334813,909,Yahoo
timesfm,data/Yahoo/synthetic_98.csv,value_0,1558.808406103911,5295.905383657527,3.400103339941749,3.667625862588965,0.8113080157353437,3.6816393951781343,2.059000902822167,52239.944169833005,-629.5892816919662,8.139465220280899,909,Yahoo
timesfm,data/Yahoo/synthetic_99.csv,value_0,460.08039147658,616.0863029233057,33.43581238438371,35.010994762971784,0.749592398079165,17.977561596447817,0.9803857746313216,7260.82717331553,-297.4716468598874,7.491979892619807,909,Yahoo
patch_tst,data/Yahoo/A3Benchmark-TS1.csv,value_0,798.1452483422921,983.1179333949822,52.73948051515881,46.088143588327625,0.10240737160937008,36.148752353031036,2.0117488633549154,2934.386204855945,619.6835765045255,14.967056814704483,1168,Yahoo
patch_tst,data/Yahoo/A3Benchmark-TS10.csv,value_0,917.6277563212609,946.1277199658542,30.578044044579695,37.280099941710596,0.18472966758842524,27.851148589547662,10.936577421003134,1719.5282136379801,917.6277563212609,19.620706038076065,1168,Yahoo
patch_tst,data/Yahoo/A3Benchmark-TS100.csv,value_0,100.99202142203674,122.70108515029774,105.62475683050403,193.43493505403848,-0.0011937977095719532,100.04515338172544,2.064463743997591,376.23235852635395,2.336586938272727,19.009532376327424,1168,Yahoo
patch_tst,data/Yahoo/A3Benchmark-TS11.csv,value_0,639.9510086846611,771.2337510265988,33.07771487000111,36.63594679518678,0.10658480600813536,29.29198330061103,2.917597157573667,2042.720262749705,-598.0188011862587,19.406303362986055,1168,Yahoo
patch_tst,data/Yahoo/A3Benchmark-TS12.csv,value_0,446.22072779981113,551.534129906314,101.58877836318621,190.59802124180874,-0.0016443696039043498,100.05870018030475,2.144333964527265,2245.0163544749003,8.66074192544489,15.833079955134355,1168,Yahoo
patch_tst,data/Yahoo/A3Benchmark-TS13.csv,value_0,719.733200888096,889.6438421373794,187.01294698232,81.33795599477452,-0.005562878972122931,60.872650063445974,2.423087493645916,2198.842307583925,-291.1126723392164,17.452727049424496,1168,Yahoo
patch_tst,data/Yahoo/A3Benchmark-TS14.csv,value_0,912.940643521195,925.5856172653323,30.72321046982695,37.400853775439465,0.18184219829827597,27.74262812500275,15.210500212348803,1595.71355625656,912.940643521195,23.663716196854192,1168,Yahoo
patch_tst,data/Yahoo/A3Benchmark-TS15.csv,value_0,1129.0889234011745,1379.4911210009707,79.81922410706225,43.62512219055592,0.13817772653790106,34.20438396965348,3.3849595347772294,3356.7049057831346,931.6321664160779,17.885853209009934,1168,Yahoo
patch_tst,data/Yahoo/A3Benchmark-TS16.csv,value_0,982.1493802347949,1182.2885388170566,32.08537986306128,37.786912115141035,0.1057137063331306,29.962502831319515,2.592959595778438,3534.47638188114,-895.7686132976303,16.28502599209309,1168,Yahoo
patch_tst,data/Yahoo/A3Benchmark-TS17.csv,value_0,907.4747080357882,1045.6440350234232,28.527872001440848,35.42032432427105,0.13522891155867212,27.58431619502753,4.796385054028484,2897.9927363125,-900.025111461303,21.184184347105063,1168,Yahoo
patch_tst,data/Yahoo/A3Benchmark-TS18.csv,value_0,932.9830552703982,1079.754809135173,28.964021041331485,35.988826767945994,0.14247664902194201,28.291986022960696,4.132489735636476,2927.06400890019,923.4591156938611,18.712866830524483,1168,Yahoo
patch_tst,data/Yahoo/A3Benchmark-TS19.csv,value_0,530.2436717976025,655.6071041235696,285.7343949796105,62.33629822948087,0.07899880730368258,47.07817270492216,2.562396636799984,1862.252607908465,316.28525238454614,14.396128421145649,1168,Yahoo
patch_tst,data/Yahoo/A3Benchmark-TS2.csv,value_0,914.7796264591047,1001.480212234524,29.894415989709973,36.60387474505608,0.13697743964751663,27.79287671248548,4.61492658442281,2635.208440706745,-906.327261614886,17.88313500423751,1168,Yahoo
patch_tst,data/Yahoo/A3Benchmark-TS20.csv,value_0,934.7823939082729,1069.0467019167593,29.267161235022986,36.088318480817826,0.17698436458104283,28.387188955657507,5.152936464396133,2645.617531251195,920.8779363268904,18.766575548889403,1168,Yahoo
patch_tst,data/Yahoo/A3Benchmark-TS21.csv,value_0,909.4065642468851,916.2850942047628,30.72117503096818,37.36821481049479,0.18152376487633548,27.650080599824285,28.87266886825915,1182.0863477687276,-909.4065642468851,25.301630946675907,1168,Yahoo
patch_tst,data/Yahoo/A3Benchmark-TS22.csv,value_0,1098.4486066068905,1348.045033064154,53.548549478910836,42.18093211946298,0.05868848028347229,33.49190465230773,3.0090993242423667,3699.4241450960553,-887.887761625322,18.076406185090153,1168,Yahoo
patch_tst,data/Yahoo/A3Benchmark-TS23.csv,value_0,144.16263667359217,177.84002966706132,124.95794534345713,190.35486115103367,-0.0008596885381662034,100.05895639328173,1.8579242732146468,696.4153483370307,3.3592607134742942,14.991732125440354,1168,Yahoo
patch_tst,data/Yahoo/A3Benchmark-TS24.csv,value_0,41.38740310308161,50.76974739933211,108.35843526900564,190.21882076681462,-0.001294929912991627,100.0324391206201,2.2008142952686427,135.17255786499658,1.1804887105017536,19.733584333211187,1168,Yahoo
patch_tst,data/Yahoo/A3Benchmark-TS25.csv,value_0,604.6369282828316,687.1616897190393,28.830382869908362,35.69238718980738,0.13576158111119452,27.61776343603425,4.830511597716194,1372.62406658713,-600.1496171859487,21.242829919740227,1168,Yahoo
patch_tst,data/Yahoo/A3Benchmark-TS26.csv,value_0,904.0784024989566,1014.0468274720539,29.281575258609948,35.96055134638775,0.12886640870533228,27.503666005153924,5.254053067896566,2321.5839909797996,-900.6893593164872,18.579126615311463,1168,Yahoo
patch_tst,data/Yahoo/A3Benchmark-TS27.csv,value_0,306.2482790853843,358.7653722110534,28.539457219869817,35.45028792148372,0.11877719887545779,27.9295152873833,4.3480412798763775,909.0673314736175,-298.5275066241315,20.66303468184748,1168,Yahoo
patch_tst,data/Yahoo/A3Benchmark-TS28.csv,value_0,542.7891702220985,667.568064116343,143.86897970497344,64.20338872582667,0.074988975011678,48.09977212169251,2.7274684102405655,1632.5170861874526,316.70279657829167,18.508312958290908,1168,Yahoo
patch_tst,data/Yahoo/A3Benchmark-TS29.csv,value_0,609.1753729706194,710.0342305832457,28.508952216737605,35.34484805749833,0.13185108295530545,27.828321476885964,3.7774699997003065,1624.410640461655,-595.8051940722924,20.41890919641739,1168,Yahoo
patch_tst,data/Yahoo/A3Benchmark-TS3.csv,value_0,605.5482645774306,687.2769352316457,28.92746023155592,35.82773486567462,0.12099746510228715,27.657275252037937,4.7363265194393565,1376.0331325020024,-599.4103387463497,21.340320621897106,1168,Yahoo
patch_tst,data/Yahoo/A3Benchmark-TS30.csv,value_0,909.2432319811144,936.594765117073,30.43752993392786,37.171176909421774,0.16313336323548344,27.632836731626277,11.676007762937012,1811.1777659453446,-909.2432319811144,22.84659294302086,1168,Yahoo
patch_tst,data/Yahoo/A3Benchmark-TS31.csv,value_0,552.2905223679878,693.0158187861228,102.60595388280824,192.5684846361046,-0.0005003753519834397,100.01412935174892,2.219145917262222,2512.2231354716214,16.5182377012675,15.178522073699979,1168,Yahoo
patch_tst,data/Yahoo/A3Benchmark-TS32.csv,value_0,240.5609997320534,298.05335670428303,108.28936357464276,186.94718759993245,-0.0008061434858386285,100.02277961413672,1.7213447876882362,1264.9404709030598,8.25270171810916,14.01128107847561,1168,Yahoo
patch_tst,data/Yahoo/A3Benchmark-TS33.csv,value_0,755.2677486808656,934.2337064560256,103.53294979886105,192.1098830585227,-0.0024106809956805364,100.11647165535472,1.9495887377170866,4009.2574046531618,14.344400607387412,14.49592616644311,1168,Yahoo
patch_tst,data/Yahoo/A3Benchmark-TS34.csv,value_0,799.3859774783988,976.3691962031593,62.91899573821911,46.69093612830066,0.04655055815389397,36.61203355553315,2.2186244540708606,2595.47490666624,-594.5581678637909,17.51605870718043,1168,Yahoo
patch_tst,data/Yahoo/A3Benchmark-TS35.csv,value_0,515.1823245615406,631.8741425389086,287.42505063693875,61.33336662216213,0.03475796571450607,46.27458761697825,2.339390046790947,1571.537606002954,-292.5409610839542,16.94879885631661,1168,Yahoo
patch_tst,data/Yahoo/A3Benchmark-TS36.csv,value_0,690.9703052463018,840.779163830172,40.07700081583704,39.682470171110936,0.07193148915809411,31.522597589422414,3.1697799830466424,2252.3955065293076,-595.1375004687249,18.044254491377636,1168,Yahoo
patch_tst,data/Yahoo/A3Benchmark-TS37.csv,value_0,489.52186791138087,605.0702779927585,104.21025733612336,190.0844064420354,-0.001465640622483555,100.09812795158055,1.7130569768146067,2186.2933496380015,10.347829014695776,13.966333280150343,1168,Yahoo
patch_tst,data/Yahoo/A3Benchmark-TS38.csv,value_0,300.32978676433174,329.2626818077798,29.281870235113,36.08869776093123,0.13205534179764,27.419490805878265,7.339272676152394,638.0450959595426,-300.2144023017848,21.716983162567544,1168,Yahoo
patch_tst,data/Yahoo/A3Benchmark-TS39.csv,value_0,301.80438825892014,314.73894527386705,30.150148116892662,36.83909068594737,0.15833165799064308,27.53032680519148,8.243196795623588,613.30462276851,-301.80438825892014,21.79439862507976,1168,Yahoo
patch_tst,data/Yahoo/A3Benchmark-TS4.csv,value_0,669.7645127291871,808.8223299189925,33.45313679721078,38.51333234278297,0.0692889445890823,30.575121952136257,3.6264268211717767,1920.6306030683454,-597.0572968233687,18.842564295775418,1168,Yahoo
patch_tst,data/Yahoo/A3Benchmark-TS40.csv,value_0,610.4961009975096,641.3291910017734,30.27841120771707,36.98335958672846,0.17606755909564653,27.85625378288179,7.279784548225173,1389.747238447725,609.8544039643145,20.955054672965673,1168,Yahoo
patch_tst,data/Yahoo/A3Benchmark-TS41.csv,value_0,127.1411909796406,156.13894045063347,106.33692946703678,191.84745004775462,-0.0011170935203703714,100.02442423182055,2.146030861662917,580.3356570509361,2.564133411849554,15.180680622212625,1168,Yahoo
patch_tst,data/Yahoo/A3Benchmark-TS42.csv,value_0,919.448330309587,999.8465602231445,29.756600169338064,36.46830949397618,0.1865931928492064,27.963419653365552,6.009797267029971,1911.14249639646,918.2313770792088,18.601403496354056,1168,Yahoo
patch_tst,data/Yahoo/A3Benchmark-TS43.csv,value_0,301.70474020341663,316.8166059570758,30.085044903842732,36.7715918592029,0.16645723607132423,27.54811564530305,6.545337541855058,654.8284872765626,-301.6555935353307,19.500420578584485,1168,Yahoo
patch_tst,data/Yahoo/A3Benchmark-TS44.csv,value_0,136.17274333687246,167.67813197100384,102.79752028496405,192.04731143157522,-0.0019576913700765086,100.09979810256142,2.0817199421186316,602.9301733799184,2.1349055134775816,14.196572164501664,1168,Yahoo
patch_tst,data/Yahoo/A3Benchmark-TS45.csv,value_0,476.2371771104633,590.7750593395466,103.40432208992911,188.94189154866567,-0.00013706725752515858,99.96664029593894,1.7744578328344671,2091.1415992956936,19.282126631274206,16.525250742949666,1168,Yahoo
patch_tst,data/Yahoo/A3Benchmark-TS46.csv,value_0,930.279126831542,1051.0277895973206,29.35136075999289,36.26014566996348,0.16703531740046595,28.248963716408475,5.1513961175554455,2162.24646983405,922.4563408718426,19.055449727550734,1168,Yahoo
patch_tst,data/Yahoo/A3Benchmark-TS47.csv,value_0,689.6346537034573,838.2118933759368,43.058026220458416,39.766379491650966,0.09754444217388658,31.505289035531042,2.360299494024486,3134.3735541547703,-594.182642108937,13.614710908735233,1168,Yahoo
patch_tst,data/Yahoo/A3Benchmark-TS48.csv,value_0,608.0311449416607,696.3061331813708,28.894411436190538,35.8293245392577,0.11873097809102628,27.771572928261236,4.060626892908585,1673.4213605457853,-599.8123914422409,17.946536001073866,1168,Yahoo
patch_tst,data/Yahoo/A3Benchmark-TS49.csv,value_0,197.8172430171513,244.19716211214626,119.7392615028642,193.8787243969575,-0.0008206893512743285,100.02329328569172,1.8139404997189275,820.4675126000268,6.04493683777773,15.56542601949715,1168,Yahoo
patch_tst,data/Yahoo/A3Benchmark-TS5.csv,value_0,626.3735444137019,751.7706309749805,28.869698142128325,35.85132777958743,0.11087152047440074,28.63759367687501,3.2779151609461215,1592.2825226113637,-595.577227522497,20.617627547199994,1168,Yahoo
patch_tst,data/Yahoo/A3Benchmark-TS50.csv,value_0,908.1421637427424,916.1258522522375,30.700079889004105,37.36252506045449,0.17744484910745906,27.62756065034716,23.111722302577487,1272.5173411737596,-908.1421637427424,25.380007195714743,1168,Yahoo
patch_tst,data/Yahoo/A3Benchmark-TS51.csv,value_0,985.1714426730014,1180.3375578227942,31.114715942276938,37.78825374802768,0.08512376639734043,29.992461316359574,3.4107328701138533,2808.42137870609,-898.0914012604779,18.146823857566325,1168,Yahoo
patch_tst,data/Yahoo/A3Benchmark-TS52.csv,value_0,399.74539522774495,474.50718665240015,107.60699403671032,191.616557761872,-0.0016052494869627232,100.06954580219332,1.8164136250413219,1893.6222508271856,9.2898252816917,15.732930791357708,1168,Yahoo
patch_tst,data/Yahoo/A3Benchmark-TS53.csv,value_0,371.35499440766006,454.99047398186985,44.222600834371164,42.86565451958706,0.07314176171504128,33.840276624674196,2.652003254656548,1411.2194692489925,-296.39096800434953,17.690776242854348,1168,Yahoo
patch_tst,data/Yahoo/A3Benchmark-TS54.csv,value_0,645.9110827265886,807.1051718760057,159.68094268573486,74.1929475455624,0.04729288665296638,55.31161890195462,2.07507642381221,3434.1158965692503,320.31979478477865,14.189568658017501,1168,Yahoo
patch_tst,data/Yahoo/A3Benchmark-TS55.csv,value_0,705.2711268429032,846.6759693230463,57.886708157937996,40.59887277253118,0.09903810381970557,32.12627348079153,3.121464888122729,2550.60364617517,616.3330133508402,18.210056495304404,1168,Yahoo
patch_tst,data/Yahoo/A3Benchmark-TS56.csv,value_0,609.4727884435246,704.0242488007361,28.702674525128096,35.660011437297925,0.12634968471628816,27.802842537750305,4.494480182943848,1892.75279438173,-599.9737693379329,20.71352082612296,1168,Yahoo
patch_tst,data/Yahoo/A3Benchmark-TS57.csv,value_0,631.235807933317,740.4085591544687,29.29835030718281,36.29357252815958,0.1407642350169911,28.73429912288714,3.5048070938210736,2041.5762372867548,615.4498102922524,18.5565711014201,1168,Yahoo
patch_tst,data/Yahoo/A3Benchmark-TS58.csv,value_0,690.0312586347331,839.2275678632776,106.76625236818107,189.67778047287175,-0.0012339692705649608,100.04934127597336,2.0296574432230727,2010.7637369484496,19.408757459503725,21.495428797995952,1168,Yahoo
patch_tst,data/Yahoo/A3Benchmark-TS59.csv,value_0,315.4645724022017,371.6096758275215,29.855990118790032,36.57132812675403,0.11331892913777475,28.811401951777416,3.208570979353637,921.6638876990651,-298.11316496356824,15.773789563674445,1168,Yahoo
patch_tst,data/Yahoo/A3Benchmark-TS6.csv,value_0,54.97384484114464,66.34874863069531,106.67234305092619,190.71679235963546,-0.0012015834572767226,100.02013062309038,2.0507849529821103,223.09782102773275,1.226381691818695,14.906396223434356,1168,Yahoo
patch_tst,data/Yahoo/A3Benchmark-TS60.csv,value_0,915.5849528286741,978.9601602597003,29.92459389271776,36.600982990798144,0.18592254962240318,27.828025860648697,7.837862814214114,1768.0870636308273,915.5849528286741,20.387031777919074,1168,Yahoo
patch_tst,data/Yahoo/A3Benchmark-TS61.csv,value_0,768.4263975692633,942.6575875356607,48.772732508002164,44.72095032118754,0.11055228133310646,34.79965724030455,2.383019061185933,2733.1663245104273,619.9456604748593,15.230302609070021,1168,Yahoo
patch_tst,data/Yahoo/A3Benchmark-TS62.csv,value_0,908.1458835071032,916.9347504984311,30.654114889117878,37.28923899319938,0.17945590914648635,27.61242146127019,27.032926999593958,1316.57286819007,-908.1458835071032,25.102604394581068,1168,Yahoo
patch_tst,data/Yahoo/A3Benchmark-TS63.csv,value_0,613.6985744146604,717.6139448213021,28.824742175006257,35.808605900460755,0.11376060796046628,28.041408777056976,3.8053873833808756,2088.62744656487,-598.686434141133,18.20909195772531,1168,Yahoo
patch_tst,data/Yahoo/A3Benchmark-TS64.csv,value_0,109.87778731552493,130.72053451908343,100.66053837253317,193.7812288694056,-0.0012524208029760509,100.04290482438458,1.9374846721883985,682.0008779651099,1.3656608362578369,10.103116085376648,1168,Yahoo
patch_tst,data/Yahoo/A3Benchmark-TS65.csv,value_0,537.9903354658658,660.3131669741201,106.89142960917117,190.22019772911577,-0.0011041312141701898,100.05794885697408,2.297352749331568,2461.2609047262863,16.322774914820318,16.684040609553143,1168,Yahoo
patch_tst,data/Yahoo/A3Benchmark-TS66.csv,value_0,448.8111120060042,549.6608483612678,107.17239577756585,191.64549033495535,-0.001705453291780623,100.056977957545,2.6309103039604893,1338.1902930298759,10.883157728541915,21.681245845852352,1168,Yahoo
patch_tst,data/Yahoo/A3Benchmark-TS67.csv,value_0,954.1419896944518,1113.954146122065,29.64215919015271,36.61415837227619,0.13619414308182554,28.987727877410187,3.5764525751202494,3873.7711555070027,922.6131902227532,18.69685084956034,1168,Yahoo
patch_tst,data/Yahoo/A3Benchmark-TS68.csv,value_0,432.85534787869085,535.4225185238133,68.14300704966294,50.855478403154756,0.0931638172415733,39.141795854579925,2.15621322969503,2225.5379373658525,313.07404743668366,14.916221464607215,1168,Yahoo
patch_tst,data/Yahoo/A3Benchmark-TS69.csv,value_0,57.860174642872835,71.16916410497436,106.62178015004726,187.98727199693798,-0.000723749733680723,100.00813104558661,1.6559218065993617,283.22289595709265,1.4381187689132913,15.1359819228417,1168,Yahoo
patch_tst,data/Yahoo/A3Benchmark-TS7.csv,value_0,151.88741191609006,187.12210073244464,101.14261171323975,191.00765599663723,-0.0013161505017800224,100.0291079461528,2.360023276273261,778.8542255034664,4.427910612378689,14.056179574496872,1168,Yahoo
patch_tst,data/Yahoo/A3Benchmark-TS70.csv,value_0,906.551369924788,1010.881764965567,29.29920619328039,35.98170524197651,0.13973283928904445,27.5844556069162,4.067822626540667,2180.9169000135053,-903.0594468414588,18.681414596862457,1168,Yahoo
patch_tst,data/Yahoo/A3Benchmark-TS71.csv,value_0,301.95117940702943,317.91036697669523,30.040258600746782,36.77556610642475,0.15449592823428926,27.558139774625236,8.076112521808387,597.8192450834488,-301.7133447300855,22.452800342480504,1168,Yahoo
patch_tst,data/Yahoo/A3Benchmark-TS72.csv,value_0,912.058299979182,917.8446532563145,30.804224669649937,37.46599237635678,0.1840684661844355,27.71965412818234,29.471180390109296,1188.6897975267352,912.058299979182,24.783390601571504,1168,Yahoo
patch_tst,data/Yahoo/A3Benchmark-TS73.csv,value_0,70.52089989377019,87.0931879990068,101.28203001085593,191.89831628826136,-0.0005347098380716897,100.02016144593826,1.8054877597415013,274.2358817202574,1.777153629541203,16.326941148758067,1168,Yahoo
patch_tst,data/Yahoo/A3Benchmark-TS74.csv,value_0,916.0819997053977,949.20700472199,30.490742692937367,37.20026717115423,0.17979398044583417,27.84785707548939,10.219203398827386,1527.6251572552223,916.0819997053977,21.939783936989173,1168,Yahoo
patch_tst,data/Yahoo/A3Benchmark-TS75.csv,value_0,677.8577569051457,842.312077397822,135.201724230329,77.61573347191461,0.05191896777954497,57.420370686862455,2.153374851079061,2799.859849725408,326.33794678419713,15.20447734908127,1168,Yahoo
patch_tst,data/Yahoo/A3Benchmark-TS76.csv,value_0,482.5016966812884,593.8817997178995,102.10602900101087,192.39682081041198,-0.0015230465779250135,100.04469704901145,2.2573858986674145,1944.6691790288942,11.818409588317245,17.918711447399772,1168,Yahoo
patch_tst,data/Yahoo/A3Benchmark-TS77.csv,value_0,178.2739525880634,219.1326190070026,103.0273784983795,190.60428348048356,-0.0007870530608353743,100.00995009021987,1.8876541762377075,980.2562409206429,5.585920939346095,12.682336627251207,1168,Yahoo
patch_tst,data/Yahoo/A3Benchmark-TS78.csv,value_0,630.7342293301939,746.902782299557,29.10694236949272,35.905854988540796,0.14803817611394277,28.646612485183404,3.0492442369006247,2430.669634566875,611.8782946424187,16.03157450913713,1168,Yahoo
patch_tst,data/Yahoo/A3Benchmark-TS79.csv,value_0,712.1211560198811,867.414232209094,43.092445291861914,40.758081664847076,0.13091335489909128,32.337214277502966,2.5981528349851355,2796.977199838191,616.2975371875569,17.70456657402558,1168,Yahoo
patch_tst,data/Yahoo/A3Benchmark-TS8.csv,value_0,917.7629569501535,976.3676396894443,30.09544974936228,36.8177353637197,0.17885185382978108,27.882114627525457,6.678544634354464,2080.7009773229347,917.1185598730262,20.37054703610571,1168,Yahoo
patch_tst,data/Yahoo/A3Benchmark-TS80.csv,value_0,913.4602531623468,934.2918989448852,30.580403435868348,37.197228706925515,0.19151855547298513,27.77823523569459,12.693354980986797,1500.5855991541603,913.4602531623468,22.140025559277024,1168,Yahoo
patch_tst,data/Yahoo/A3Benchmark-TS81.csv,value_0,355.0992686547892,435.2555078537182,48.77307467660533,40.77649964282272,0.06353473887475702,32.58879830315693,2.5812359162880614,1739.4147567404739,-295.692956413422,15.133798264857568,1168,Yahoo
patch_tst,data/Yahoo/A3Benchmark-TS82.csv,value_0,941.3649044652012,1096.9952798331883,29.231090530051702,36.20665402652502,0.14155926691808673,28.602492356483534,3.593753346183773,2755.268466616325,920.7968881203682,17.577148372980155,1168,Yahoo
patch_tst,data/Yahoo/A3Benchmark-TS83.csv,value_0,794.4963939653315,990.8128930477386,441.5117270525033,86.17153785938864,-0.005053811018460808,64.813740888882,2.05509190065553,3785.0084817450625,-286.0223416792987,13.767093446991147,1168,Yahoo
patch_tst,data/Yahoo/A3Benchmark-TS84.csv,value_0,631.8996074904704,731.8448407428891,29.381048850474905,36.25860143242326,0.16662830594997868,28.788590976817964,4.058251098242157,1639.30044222869,615.4827356993201,18.831378049806958,1168,Yahoo
patch_tst,data/Yahoo/A3Benchmark-TS85.csv,value_0,399.82858261713307,490.2983734087078,107.44877259234909,189.174839211978,-0.0016765888627734427,100.06701721356157,2.092270288418086,1677.1470142374808,9.55547937612237,17.36322251026479,1168,Yahoo
patch_tst,data/Yahoo/A3Benchmark-TS86.csv,value_0,142.7199047843656,172.2561453212601,100.3445723336917,192.66564217359772,-0.0012008977697943735,100.03179328268655,1.9022673555402678,636.7389539839892,3.2553571321388994,15.397041330956348,1168,Yahoo
patch_tst,data/Yahoo/A3Benchmark-TS87.csv,value_0,347.39732111589046,427.24673607365816,101.41620896077956,193.31599416430223,-0.0012823601069107404,100.03548064588479,2.0349308774539883,1474.6226971695285,8.272366698990929,16.76084162518831,1168,Yahoo
patch_tst,data/Yahoo/A3Benchmark-TS88.csv,value_0,852.5048892469741,1061.8094353448075,256.8529004787769,88.72741113877859,0.005059656280073099,67.33763733523674,1.9016346911184563,2911.7093413864714,-277.1925092996011,19.052735957635242,1168,Yahoo
patch_tst,data/Yahoo/A3Benchmark-TS89.csv,value_0,1063.725206732196,1284.020882568853,42.62869233658342,40.94683475120906,0.12677540003284837,32.22854935941827,3.0711702692741434,4336.201168476945,931.664979178066,14.715940071739745,1168,Yahoo
patch_tst,data/Yahoo/A3Benchmark-TS9.csv,value_0,639.5126415520883,794.1908906807683,171.48140601790968,73.96379815995168,0.054157401440077635,54.926274751329665,2.477103210035435,3848.2284774157597,321.35236901750255,14.131562936882974,1168,Yahoo
patch_tst,data/Yahoo/A3Benchmark-TS90.csv,value_0,304.71948998773223,350.1296036727355,28.839703787371313,35.77823515523869,0.11135978662972534,27.79514837318089,5.031305657304163,977.5994645216888,-299.83920954305546,18.61271438305855,1168,Yahoo
patch_tst,data/Yahoo/A3Benchmark-TS91.csv,value_0,692.2543345383024,851.8157819648139,100.88905333930856,190.49129091652745,-0.0010488220177040652,100.01256051415055,2.2777405876407766,3551.7959247403223,21.84271218914985,14.264848834029017,1168,Yahoo
patch_tst,data/Yahoo/A3Benchmark-TS92.csv,value_0,690.8518676831035,852.5156291219404,132.17637195627634,189.77512604972202,-0.0001686512887901781,99.99962284816637,1.9963705861024206,3112.2540876284593,22.824508511720634,14.51195165220457,1168,Yahoo
patch_tst,data/Yahoo/A3Benchmark-TS93.csv,value_0,99.09965390878835,120.23538217450609,107.53725630027833,190.18166103368995,-0.0011808295976545313,100.02838512151024,1.7390736271594829,456.7106861934454,4.010799429445201,14.158517793609745,1168,Yahoo
patch_tst,data/Yahoo/A3Benchmark-TS94.csv,value_0,780.6590505675139,958.1906761272274,80.04452141486055,45.51356439162561,0.05193541904514265,35.70567018311997,2.8551203593075143,2267.4696663793375,-589.8155554300724,19.044652227945512,1168,Yahoo
patch_tst,data/Yahoo/A3Benchmark-TS95.csv,value_0,608.0933624893225,614.1875530506044,30.737475472186848,37.38686064601314,0.1837355343396383,27.71293177355797,18.840927076376076,855.4161727658602,608.0933624893225,23.9303979838539,1168,Yahoo
patch_tst,data/Yahoo/A3Benchmark-TS96.csv,value_0,959.7127029210543,1118.6139446021953,29.96529551662232,36.83291604984937,0.15153919158862228,29.113913163236187,3.963860994431086,3288.02028419872,923.2981098454552,18.768803695725705,1168,Yahoo
patch_tst,data/Yahoo/A3Benchmark-TS97.csv,value_0,620.1005404690922,707.676038007053,29.100265696301854,36.049594036884905,0.1507619009720207,28.216022039325107,4.454295498629023,1402.8968683234125,615.2025515055728,19.46066113199395,1168,Yahoo
patch_tst,data/Yahoo/A3Benchmark-TS98.csv,value_0,730.4000329334932,887.0752688153564,65.10966360422455,41.888970450499926,0.10644731235833504,33.12909854640978,2.800049678024391,3335.7135673515077,623.8293667255424,18.707279646344873,1168,Yahoo
patch_tst,data/Yahoo/A3Benchmark-TS99.csv,value_0,914.5248015929583,931.2115064482853,30.690208826136274,37.355732507418246,0.18671977592930344,27.77843274330289,14.107823129045222,1616.1291670924902,914.5248015929583,22.728665409489697,1168,Yahoo
patch_tst,data/Yahoo/A4Benchmark-TS1.csv,value_0,376.89508112186047,511.5599257912845,18.517881193309606,22.525896789527458,-4.079289528694422,17.92636600362301,4.681290768650582,1434.46375107958,-304.26260707680586,31.45340458617812,1168,Yahoo
patch_tst,data/Yahoo/A4Benchmark-TS10.csv,value_0,554.7559454695777,688.2450734905373,346.78821501927143,72.15700358334962,-0.017103867595319233,60.42010622502892,1.8216195008664497,2844.931384918105,61.033470391257424,16.015465990252434,1168,Yahoo
patch_tst,data/Yahoo/A4Benchmark-TS100.csv,value_0,355.80892079568105,456.0247802013582,87.8775160210353,154.38891644547388,0.25797774293202536,73.17690345959059,4.3798221284162855,1295.0483746892462,258.09330529757267,18.51789062277282,1168,Yahoo
patch_tst,data/Yahoo/A4Benchmark-TS11.csv,value_0,791.5060274334243,915.7973682843513,27.068170439919726,33.51914101911734,0.005563694291014221,25.039251431884864,5.237706072257284,2287.3969336613077,-788.282832800147,22.398770157360705,1168,Yahoo
patch_tst,data/Yahoo/A4Benchmark-TS12.csv,value_0,681.7078178748582,767.3848457549678,264.97351124655876,109.47199737772931,0.3692027560656258,76.88069504869532,8.23130289092952,1940.3192942154774,552.3638954199814,17.490982152171068,1168,Yahoo
patch_tst,data/Yahoo/A4Benchmark-TS13.csv,value_0,746.9488555434009,892.6771566056316,64.60257179955946,60.077737546546174,-0.03414975819939525,41.936300984939706,3.1024725031941216,4285.260153856688,-508.17977217876165,12.948902075463542,1168,Yahoo
patch_tst,data/Yahoo/A4Benchmark-TS14.csv,value_0,449.79189726263877,619.2114544359134,280.53617650893676,94.45799331212817,0.04657466094222529,76.25628163199228,2.1029046729026977,3788.080386482575,112.21617621253492,11.35248217416341,1168,Yahoo
patch_tst,data/Yahoo/A4Benchmark-TS15.csv,value_0,145.1276064320776,175.87678588073516,105.05324829159063,187.687127228654,-0.0007511755179285817,100.11346659278786,1.6055364910201748,667.0177152871925,3.5727207309083817,14.487268032261019,1168,Yahoo
patch_tst,data/Yahoo/A4Benchmark-TS16.csv,value_0,473.69353196357395,571.5752667928776,270.7998901630548,120.22912598245034,-0.008458685342454864,91.32429759113015,2.1317840517506323,1284.269957776442,-0.27475902438578326,22.384449632883282,1168,Yahoo
patch_tst,data/Yahoo/A4Benchmark-TS17.csv,value_0,347.97299875862257,431.40012557573715,339.12426057216277,77.41792571519146,-0.0644195262822107,65.22809201024987,2.7198366025544525,1275.73579987179,41.98671414938609,20.097108164212674,1168,Yahoo
patch_tst,data/Yahoo/A4Benchmark-TS18.csv,value_0,460.55443408109437,577.8719635981504,99.66406776841524,154.05984005076877,0.27497647932027125,73.74674413907171,5.00147421996527,1733.3720354676998,353.6831993692506,18.10866972452626,1168,Yahoo
patch_tst,data/Yahoo/A4Benchmark-TS19.csv,value_0,797.9074623984517,937.1929523750666,32.08742477352132,34.89751942029151,0.01863927398518961,28.30936513964047,4.068587872444904,2822.859978929872,-691.4263270180685,16.377514143659607,1168,Yahoo
patch_tst,data/Yahoo/A4Benchmark-TS2.csv,value_0,906.9523758523028,934.1127509849631,30.382667295710704,37.0597497537568,0.1709838851804446,27.577933903220224,11.517905882717981,1892.5994360999002,-906.9523758523028,23.60567298302567,1168,Yahoo
patch_tst,data/Yahoo/A4Benchmark-TS20.csv,value_0,814.8645500303196,1048.1995351499459,133.47429539557135,135.4054470751905,0.02157864849690705,82.55819606558015,2.4160670921986376,3356.3219947583625,-221.4160608972831,16.781828511944283,1168,Yahoo
patch_tst,data/Yahoo/A4Benchmark-TS21.csv,value_0,601.7177773720157,636.0712862636425,29.848354659806063,36.50588837980296,0.16164979187712192,27.449614195182402,7.54318934444455,1146.09660452948,-601.7177773720157,22.324691426845046,1168,Yahoo
patch_tst,data/Yahoo/A4Benchmark-TS22.csv,value_0,648.4291071256204,773.5193185037554,349.53721322219997,121.74402386727805,0.0063318263752143444,78.01732116086772,3.1346259690915383,2213.4373286345767,449.33777371930574,19.381211928567307,1168,Yahoo
patch_tst,data/Yahoo/A4Benchmark-TS23.csv,value_0,817.1215454096557,1005.1674700131376,97.46220924024777,135.10117871363582,0.2412815555358926,69.62096410843375,3.180721641366988,2655.1356499149138,525.7994002829216,17.86879612749206,1168,Yahoo
patch_tst,data/Yahoo/A4Benchmark-TS24.csv,value_0,375.03437495708806,505.5416860491797,243.02622518408916,59.651357035287056,0.01399080629934557,53.12435556676712,2.232823451982218,1745.1354987776863,-118.33203287256728,16.49328838730355,1168,Yahoo
patch_tst,data/Yahoo/A4Benchmark-TS25.csv,value_0,386.4978799261262,558.1759988434893,42.58660525997964,44.25572688869889,0.20179905705517076,41.377048330194306,2.9827424446379123,2391.256317341755,-327.0710178220933,15.575689294814016,1168,Yahoo
patch_tst,data/Yahoo/A4Benchmark-TS26.csv,value_0,594.6629946656602,810.2340044035782,1003.5556724537008,107.62445300044187,-0.05186092970619227,91.51545703013345,2.641339285029004,3033.7744110889876,65.9501350095869,14.958168156416935,1168,Yahoo
patch_tst,data/Yahoo/A4Benchmark-TS27.csv,value_0,642.6888725196845,732.9598177701462,418.7476297409374,134.17484997474537,0.1983691994435406,94.82050669794452,3.4666974575348193,1971.6268672773126,284.56196563637155,17.994474225839834,1168,Yahoo
patch_tst,data/Yahoo/A4Benchmark-TS28.csv,value_0,547.3872960542537,652.8595303907019,98.97891211415603,178.16723366128068,0.056481684836871326,93.3873950966515,1.898123813876885,2273.980421369716,187.76718402294847,15.372836616073219,1168,Yahoo
patch_tst,data/Yahoo/A4Benchmark-TS29.csv,value_0,364.17228864830764,444.9930254084191,55.33173875172521,42.17660838812502,0.05795009140573404,33.205731816397666,3.0217311877708783,1456.2864134611436,-296.8692834609213,16.893689592326673,1168,Yahoo
patch_tst,data/Yahoo/A4Benchmark-TS3.csv,value_0,599.326298620238,718.9986248101333,49.6985822404377,70.52927720812072,-0.0059445108762627985,38.1224560111643,4.279639093535343,2021.9914217651562,573.977150530372,20.409824313561817,1168,Yahoo
patch_tst,data/Yahoo/A4Benchmark-TS30.csv,value_0,971.2106100273578,1156.5942393887544,30.55195587057147,37.27880275795229,0.08958531374172729,29.52595955674911,3.386362293093694,2699.67219064471,-898.629282789788,19.29101842534596,1168,Yahoo
patch_tst,data/Yahoo/A4Benchmark-TS31.csv,value_0,493.0271593909994,525.7459242113662,59.055124974721565,92.33761212336971,0.374720989985289,45.33458125632245,26.04358818600563,810.6499627085275,-486.46019326041716,19.446211756043848,1168,Yahoo
patch_tst,data/Yahoo/A4Benchmark-TS32.csv,value_0,923.4967874577568,1135.3768756889444,458.17233867022065,118.38649942167179,0.18409179230737194,84.91885342045727,2.6295354431837827,4136.191885790677,532.074919026322,15.247073068867504,1168,Yahoo
patch_tst,data/Yahoo/A4Benchmark-TS33.csv,value_0,361.115595144541,456.6474450421374,45.585077709751324,42.760962942178374,0.17514588612375814,35.916109265495756,3.5103858767379212,1347.9226575545376,-305.59380300197597,20.2321429132462,1168,Yahoo
patch_tst,data/Yahoo/A4Benchmark-TS34.csv,value_0,67.9725148695661,81.54974731224591,100.27025364985052,193.7697954770285,-0.0006510689539522829,99.9930918259636,1.8934585421707175,397.6645329461482,2.4049002558774113,11.27972600906511,1168,Yahoo
patch_tst,data/Yahoo/A4Benchmark-TS35.csv,value_0,511.62512387077874,607.8339833211306,253.11258343668817,129.15126244983688,0.11596813073345202,93.98147300293806,4.440295895832585,1738.4678572024163,190.60912028799393,19.127965492478012,1168,Yahoo
patch_tst,data/Yahoo/A4Benchmark-TS36.csv,value_0,688.2128170114152,856.0515978978258,101.01414595861537,54.4656314670925,-0.16615295214376924,44.29729602003466,1.8493148567212085,3273.56509738161,271.492410946863,14.100955119534733,1168,Yahoo
patch_tst,data/Yahoo/A4Benchmark-TS37.csv,value_0,681.4512899494526,870.0167106321072,77.91436855242922,87.79262400240067,-0.01584920395594347,52.79096075704245,2.8426626953343113,3350.1940641228075,-378.8986371336435,16.85669271510013,1168,Yahoo
patch_tst,data/Yahoo/A4Benchmark-TS38.csv,value_0,428.1966807262181,545.0990710393945,33.66352479783888,30.712140031298635,-0.17296499927050868,27.30260089869016,2.1694634550203777,2444.39597849345,227.93059624663834,12.249261016292973,1168,Yahoo
patch_tst,data/Yahoo/A4Benchmark-TS39.csv,value_0,575.6814591087997,702.9926514506561,34.81756993872045,37.72621047223901,-0.2546996758394562,31.757683006344244,2.470734122917224,2258.9746481792786,-365.9572769453041,15.841968300513889,1168,Yahoo
patch_tst,data/Yahoo/A4Benchmark-TS4.csv,value_0,669.7645127291871,808.8223299189925,33.45313679721078,38.51333234278297,0.0692889445890823,30.575121952136257,3.6264268211717767,1920.6306030683454,-597.0572968233687,18.842564295775418,1168,Yahoo
patch_tst,data/Yahoo/A4Benchmark-TS40.csv,value_0,513.4339625824372,658.0218942485732,234.37040560366034,69.09881795722434,-0.018916435608572035,59.78146498600177,1.8269019647062679,2766.3364205561124,91.70724615500345,11.654913715404627,1168,Yahoo
patch_tst,data/Yahoo/A4Benchmark-TS41.csv,value_0,443.9759639140896,540.3787206632197,27.338394685276867,31.841061520712188,-0.31815618646856203,27.02866336891247,2.1284277005530754,1657.788527017235,-316.9816085821904,20.99545010759181,1168,Yahoo
patch_tst,data/Yahoo/A4Benchmark-TS42.csv,value_0,692.2331789309633,755.9622078199233,26.65503048941889,32.23992155135687,-0.05765228993952065,24.64793174686725,6.310368730899666,1638.4775288976898,-677.3331038895055,22.107055793738795,1168,Yahoo
patch_tst,data/Yahoo/A4Benchmark-TS43.csv,value_0,457.1617501832767,604.3885536971784,182.86225297278185,79.40784816045345,-0.0832362933586952,65.29538255299927,2.19618196882623,1984.1254851011945,39.263477218571,15.632123399799342,1168,Yahoo
patch_tst,data/Yahoo/A4Benchmark-TS44.csv,value_0,275.12413560629284,365.07009369452896,2426.956182633565,75.94406708036496,-0.00758870026696612,63.79416502921601,2.0611032230746424,2285.311767507024,26.039288631194,10.945158381410977,1168,Yahoo
patch_tst,data/Yahoo/A4Benchmark-TS45.csv,value_0,875.227346275849,1069.593377966302,268.4496169630206,127.48558075559713,0.1346858227565434,93.07521697121764,2.4432430736104642,3073.790886704591,387.3320837781642,16.538042927504552,1168,Yahoo
patch_tst,data/Yahoo/A4Benchmark-TS46.csv,value_0,630.6700460256684,778.6444085835976,1974.5619925559809,115.88481407770794,0.06752660986352366,73.37604465602136,1.9390330767763375,3154.118637663681,287.66141783396256,14.80236814739431,1168,Yahoo
patch_tst,data/Yahoo/A4Benchmark-TS47.csv,value_0,848.6224174698051,988.6900232930147,67.5143378673999,98.01130548103669,0.29324191370552377,49.95843078584829,3.659616722738512,3026.377592306059,731.169233217662,19.195133137656185,1168,Yahoo
patch_tst,data/Yahoo/A4Benchmark-TS48.csv,value_0,406.02332764680955,514.2050402464454,63.463290910714946,90.70018713908021,0.10823512217339404,50.496258279630304,2.6613455994184596,1834.862766148122,300.2436780036123,15.186062851578082,1168,Yahoo
patch_tst,data/Yahoo/A4Benchmark-TS49.csv,value_0,608.7311041309001,618.9671244899247,30.603946653192732,37.229472132962314,0.18694538776068204,27.736746933056867,15.24033951901863,1001.8801176008344,608.7311041309001,21.92672314980349,1168,Yahoo
patch_tst,data/Yahoo/A4Benchmark-TS5.csv,value_0,512.994870130731,584.3538066845188,52.98500964794503,72.37678942155937,0.02023836818784719,40.328354256788025,4.15173033489573,1556.5567964277752,475.6250375674343,20.264395111181578,1168,Yahoo
patch_tst,data/Yahoo/A4Benchmark-TS50.csv,value_0,443.62022161018916,554.9767074079061,445.15374238613015,124.68824359681862,-0.12617163804908005,93.50906372464677,2.6427748810464147,3269.0851317549127,3.455502030814636,11.170837236380507,1168,Yahoo
patch_tst,data/Yahoo/A4Benchmark-TS51.csv,value_0,369.1219189823842,451.94387179700135,541.8255828453471,110.32155754523487,0.17005666123360752,86.96726772257853,2.5087951494868603,1082.6992764862016,230.69631817913265,17.520658613774106,1168,Yahoo
patch_tst,data/Yahoo/A4Benchmark-TS52.csv,value_0,370.9415941756309,457.5728910157259,101.01801856706322,194.41582779581103,-0.0016265306277973846,100.0518622393252,2.2162631735564275,1969.719036026267,9.151884383163157,14.220548873465507,1168,Yahoo
patch_tst,data/Yahoo/A4Benchmark-TS53.csv,value_0,581.345128428118,709.9757345084635,269.1814213061563,105.32015853710818,0.07660463675639184,85.41640252486106,3.6133981014590337,1907.260113023875,206.52404877510853,19.134086924885995,1168,Yahoo
patch_tst,data/Yahoo/A4Benchmark-TS54.csv,value_0,603.9175106541634,679.2849795499172,29.030794438913365,35.965526340731905,0.12120425048792904,27.567365923424862,5.7182834683235315,1466.2358802132298,-600.6174597377675,20.652764994736373,1168,Yahoo
patch_tst,data/Yahoo/A4Benchmark-TS55.csv,value_0,317.46173458037117,411.5581462980859,175.99158788809416,42.398797602865415,-0.18421183093360805,38.00788586478086,2.113799356389268,1530.4760631339113,-84.97865731469504,15.83034095310827,1168,Yahoo
patch_tst,data/Yahoo/A4Benchmark-TS56.csv,value_0,612.88992127885,743.1099036570159,302.8103059492268,110.50297750776767,0.07935626717242583,87.01868762436885,3.0757445649310213,2382.70504389079,-474.70633880066254,14.026124638433068,1168,Yahoo
patch_tst,data/Yahoo/A4Benchmark-TS57.csv,value_0,358.17965716777707,439.6389686645081,179.72311116061152,134.87806127698423,0.01359178769925573,87.45467664785527,1.9942956198351613,1403.2617732235756,-143.06621897232512,16.253158060967806,1168,Yahoo
patch_tst,data/Yahoo/A4Benchmark-TS58.csv,value_0,457.11115736618945,582.863668394614,8311.129642458849,63.40416216423878,-0.1871879985087932,57.82463398735915,2.8170753432613482,1821.5508912350235,0.8013125439792057,17.573067678350547,1168,Yahoo
patch_tst,data/Yahoo/A4Benchmark-TS59.csv,value_0,752.2817567988366,871.6831631857517,249.60496698860157,58.89411676922075,-0.1550112844748095,51.02502818141057,6.604226590206251,2402.386271536735,108.14426087440091,24.018744321102364,1168,Yahoo
patch_tst,data/Yahoo/A4Benchmark-TS6.csv,value_0,289.8086301107508,359.0944895041961,102.56300574085554,192.33945434408787,0.0009897990015911295,99.94274384443558,2.0461815367400726,1024.1136497583973,5.445038679131823,17.563093414807604,1168,Yahoo
patch_tst,data/Yahoo/A4Benchmark-TS60.csv,value_0,382.1749802979925,486.6823292704521,99.28483791139762,172.2638951522552,0.15695178824869782,85.06751569486349,4.140797396031229,1570.9531709728294,232.81141658817043,17.715325649402196,1168,Yahoo
patch_tst,data/Yahoo/A4Benchmark-TS61.csv,value_0,398.5985003713506,475.47714990671824,101.9695543718102,192.7706862715666,-0.0008451125970583284,100.04456001945314,1.6465930598336231,1220.0709761433263,8.122982339755731,20.32546646953355,1168,Yahoo
patch_tst,data/Yahoo/A4Benchmark-TS62.csv,value_0,794.5363001292903,860.3760840794763,627.8529071158074,109.41260994243072,0.3416229488521675,67.6116096302986,8.093751649918019,2128.194000680036,-708.4586568885165,16.689870084417688,1168,Yahoo
patch_tst,data/Yahoo/A4Benchmark-TS63.csv,value_0,301.0682419586434,320.15523911740416,29.799181745497883,36.51989259240639,0.14659640080792902,27.471324088346012,9.232625065703626,708.30438011106,-300.7851293448288,22.959821948161345,1168,Yahoo
patch_tst,data/Yahoo/A4Benchmark-TS64.csv,value_0,141.16593145595596,177.86256187191196,14.305635594247256,14.645012141882443,-0.4633870161591709,13.995228784970873,2.7880271079692585,542.4743529263551,48.534426398291224,20.512257871485055,1168,Yahoo
patch_tst,data/Yahoo/A4Benchmark-TS65.csv,value_0,493.88622689343356,618.2798915801073,103.10601362718015,190.7288589489343,-0.00018229496865362904,99.98142691425431,1.9716319294437736,2719.2286748430683,20.472178097344216,13.792415948015242,1168,Yahoo
patch_tst,data/Yahoo/A4Benchmark-TS66.csv,value_0,207.19800150925596,266.69641015392295,151.76647722965194,168.6426909221284,0.0865959019332534,88.01076590265993,2.771702845113153,884.6283381964943,-92.26061712758954,16.911379148237003,1168,Yahoo
patch_tst,data/Yahoo/A4Benchmark-TS67.csv,value_0,735.8840686158155,918.0183125012151,49.644783954951855,54.02008833330212,-0.03786252629703868,37.43310718855726,2.9642656075625684,3944.06404350511,633.4767165588046,12.215770417187507,1168,Yahoo
patch_tst,data/Yahoo/A4Benchmark-TS68.csv,value_0,421.3706881483534,520.7189319835481,84.57960172815713,49.43028908389809,0.03805087173885513,38.36002294193413,2.8902196901568677,1291.288759114285,-293.7216328659353,17.86034668276648,1168,Yahoo
patch_tst,data/Yahoo/A4Benchmark-TS69.csv,value_0,551.784089436855,729.6001884270134,218.17080689532565,141.13820077673236,0.002368093539354743,99.83818686323082,2.1001647542142687,2961.360697022782,-94.56203078205056,13.539412920964924,1168,Yahoo
patch_tst,data/Yahoo/A4Benchmark-TS7.csv,value_0,266.49652602282754,429.8673525544879,39.960424154144285,23.706403748414047,-0.2903630426385151,23.49582189292539,2.3148007899518563,3667.743574421256,-7.053044947781847,9.11469044578483,1168,Yahoo
patch_tst,data/Yahoo/A4Benchmark-TS70.csv,value_0,303.8301851413631,375.19554860091915,119.64536822620295,190.12171543431649,-0.0021354310745125282,100.13029296803305,1.7821391005702543,1371.402400144164,9.432125738401393,16.041080751427582,1168,Yahoo
patch_tst,data/Yahoo/A4Benchmark-TS71.csv,value_0,774.5172480255712,947.1666308855578,44.346342402704124,42.41131495367079,0.0035145051662215376,32.61164911115739,2.5355496773008963,2822.3918581733797,-593.9570968785624,13.59603042128602,1168,Yahoo
patch_tst,data/Yahoo/A4Benchmark-TS72.csv,value_0,615.5856601043477,764.3045662404793,218.88584736385926,127.23530073740754,-0.007058757106386482,94.03758695971217,2.2674097251590726,3184.93787794329,2.5239284938102267,14.542340878505039,1168,Yahoo
patch_tst,data/Yahoo/A4Benchmark-TS73.csv,value_0,747.0923219383374,911.4860851070694,522.0047994731384,55.19265265858601,-0.06292702680426365,45.14532298633229,2.037193462886942,3545.363207731665,-345.8705118106533,14.11074220899285,1168,Yahoo
patch_tst,data/Yahoo/A4Benchmark-TS74.csv,value_0,508.7436579012518,586.6366366993213,69.38910388564342,108.97656372491385,0.3418584208525697,53.58408990740256,4.240937439265846,1944.0812409497112,433.54176227980486,15.08269300791357,1168,Yahoo
patch_tst,data/Yahoo/A4Benchmark-TS75.csv,value_0,702.4410750913955,836.7006675697943,739.909023377572,95.25585889100303,0.14054793315115566,71.0446605388607,3.215405072270202,2575.2195232023846,-264.41874729070855,18.910887125801548,1168,Yahoo
patch_tst,data/Yahoo/A4Benchmark-TS76.csv,value_0,846.700776414458,962.8485101942672,274.6029574148481,102.5568031658844,0.2637618908549324,61.07212193638875,3.909084194227653,2474.7119035572528,-778.8446331303242,17.25435986470351,1168,Yahoo
patch_tst,data/Yahoo/A4Benchmark-TS77.csv,value_0,678.6199791745588,895.6537213584421,338.96986397508147,68.72228428506982,-0.28201389381986575,61.781898628807085,2.35602039580815,4160.277602120035,-72.4311249218934,13.59038625880248,1168,Yahoo
patch_tst,data/Yahoo/A4Benchmark-TS78.csv,value_0,378.8998706398045,576.2785060300293,149.78492392343094,82.54171659573258,0.04204347331684888,72.65557939242242,2.31853752702239,2621.5049716159388,-137.2054691473704,11.567798434217277,1168,Yahoo
patch_tst,data/Yahoo/A4Benchmark-TS79.csv,value_0,482.53111606745995,598.5000966295845,21.620532289217156,25.758671627037867,-1.7339663793745803,20.950975608712906,5.914745732138183,1934.1808499488652,-328.06342410991016,27.2247005342942,1168,Yahoo
patch_tst,data/Yahoo/A4Benchmark-TS8.csv,value_0,383.5615741443311,488.2862916714211,108.25153003603589,137.44436864169708,0.10738777779380437,78.27248379761393,2.198965357615795,2758.9539665083425,176.31816535002184,12.039593586240354,1168,Yahoo
patch_tst,data/Yahoo/A4Benchmark-TS80.csv,value_0,440.95162255015845,601.160137289987,306.8684345273548,137.77504565902103,-0.04179072780287729,100.18695744920767,2.8809350389328747,3019.2040321074555,-59.7005040136791,11.229997551386115,1168,Yahoo
patch_tst,data/Yahoo/A4Benchmark-TS81.csv,value_0,577.0983509944903,688.6297213876301,883.8512479830829,68.97259392661887,-0.19305234773879865,58.217903342835776,3.1297137264862274,1999.3278920255398,-115.28943385549977,20.119328784664482,1168,Yahoo
patch_tst,data/Yahoo/A4Benchmark-TS82.csv,value_0,480.64205393659546,605.7010028835635,122.30929189805167,181.92476351386588,-0.0005000415892606469,100.03783520548481,2.1971407620713856,2358.842957381274,19.50571412770901,14.118252841752735,1168,Yahoo
patch_tst,data/Yahoo/A4Benchmark-TS83.csv,value_0,248.4896712453785,335.3301274827456,106.51080136848144,187.18246983156033,-0.007871491788849827,100.36912140351832,2.4626832923301807,862.7292165389534,9.201587564041867,19.96906171203468,1168,Yahoo
patch_tst,data/Yahoo/A4Benchmark-TS84.csv,value_0,619.417565600188,727.2947441274133,32.536236013832756,41.9824182586577,-0.16791984828759499,31.25178614651109,5.184315281266468,1821.3030664362427,587.5666427839528,19.30592087441326,1168,Yahoo
patch_tst,data/Yahoo/A4Benchmark-TS85.csv,value_0,460.87703335231146,624.8549120036881,147.40179575599132,161.70428664709527,0.020440509730433543,93.60206577442983,1.599349220532534,3786.006333779599,-81.41380460793341,8.789226718989065,1168,Yahoo
patch_tst,data/Yahoo/A4Benchmark-TS86.csv,value_0,633.8949966972341,788.0188322363247,1318.8790784799376,61.62674870797294,-0.06083997070116265,53.558904977754615,2.151434311469906,3575.0481318169686,76.16723902456377,11.760725421890596,1168,Yahoo
patch_tst,data/Yahoo/A4Benchmark-TS87.csv,value_0,513.6643568251992,634.0047073612137,139.02325537572636,60.4682380533757,0.006996871022587281,46.28246595216955,2.827352877258733,1587.0757297863352,-290.88897400897076,18.60970730341826,1168,Yahoo
patch_tst,data/Yahoo/A4Benchmark-TS88.csv,value_0,545.3115994001366,714.1156270667318,54.290074293189875,47.43860801130905,-0.2794807866577316,32.53777086069477,2.659575792645699,2451.411862482807,424.6783056702771,18.639435600215045,1168,Yahoo
patch_tst,data/Yahoo/A4Benchmark-TS89.csv,value_0,514.1712966668944,638.0866386458655,563.8770079436131,84.25307579332903,0.06717860462730274,71.24739374225922,2.2550291297737566,2219.4119665944727,-186.47906046314827,17.990774259057904,1168,Yahoo
patch_tst,data/Yahoo/A4Benchmark-TS9.csv,value_0,438.3989069674763,584.2108993488134,228.56608512362436,146.02437742450408,0.062459248516173016,85.57018991585404,2.0500182919216905,2067.725614149786,160.08242318360612,17.018143643188715,1168,Yahoo
patch_tst,data/Yahoo/A4Benchmark-TS90.csv,value_0,407.9292259454318,504.8987793857303,58.63690403316949,46.66472546231789,0.03249722226098439,37.167153602641406,2.967976992282127,1507.3797451372302,-294.9773417944679,19.13299382447859,1168,Yahoo
patch_tst,data/Yahoo/A4Benchmark-TS91.csv,value_0,342.6009673649115,495.7315847028743,90.89160791950648,166.12918667193938,0.24286183400050176,75.34742717026819,4.977144794376844,1482.4302543272038,294.42215960313126,21.314394823455707,1168,Yahoo
patch_tst,data/Yahoo/A4Benchmark-TS92.csv,value_0,915.3361707683124,933.7692222605169,30.710694390217718,37.425917388762606,0.18088025083364845,27.818685295763906,11.667918803277827,1707.4145759233998,915.3361707683124,22.682125053883844,1168,Yahoo
patch_tst,data/Yahoo/A4Benchmark-TS93.csv,value_0,774.3238053639147,989.1595737361815,100.89730967141712,101.1447351907369,0.08430397030959924,64.45658737771225,2.357040788617787,3187.2357131955096,471.7759955886421,17.12651846414481,1168,Yahoo
patch_tst,data/Yahoo/A4Benchmark-TS94.csv,value_0,470.56900325055494,551.889839041795,329.03611832882183,133.17244203695853,-0.11734660596155488,101.61852089635168,3.546084297491198,1648.0134602599012,-51.57017595017313,16.578000577888695,1168,Yahoo
patch_tst,data/Yahoo/A4Benchmark-TS95.csv,value_0,634.9957027268279,827.1762306246405,33.03702364038493,33.90516862180058,-0.1081108921723033,30.574608433857005,3.1010437598371925,2517.1726496543574,-462.30708596016984,19.088837001317945,1168,Yahoo
patch_tst,data/Yahoo/A4Benchmark-TS96.csv,value_0,702.3718424536902,883.4210533358224,29.251078939155157,33.55523517784024,-0.4936981646233962,27.790336477243045,3.423752054074813,3222.2013416202226,-439.68465340535363,18.745396788565312,1168,Yahoo
patch_tst,data/Yahoo/A4Benchmark-TS97.csv,value_0,594.2188692256786,688.4483574823134,77.04084752681382,131.94650222264661,0.378008020219597,59.80294154552879,6.0078982468864535,1447.9903165009973,512.5996274922982,17.043097691046427,1168,Yahoo
patch_tst,data/Yahoo/A4Benchmark-TS98.csv,value_0,844.2261041544833,892.6011843299304,29.00163548009937,35.497085311182225,0.0872468271261766,26.270933154768766,7.503444222668979,1653.3793267013025,-844.2261041544833,23.522896706690755,1168,Yahoo
patch_tst,data/Yahoo/A4Benchmark-TS99.csv,value_0,335.5057770119378,450.1376504232211,157.8647010141861,105.92504885120111,-0.05145859892848126,72.0569449343354,2.129738697741968,1944.3128664171782,-121.22417783319814,12.8000077477341,1168,Yahoo
patch_tst,data/Yahoo/real_1.csv,value_0,0.050771042594263176,0.07275917061483013,90197591.31265393,70.70679299929765,-0.009614437587676106,60.6292790411397,0.9071091930748737,0.7195485163355664,-0.012940083887473593,9.243642876550666,908,Yahoo
patch_tst,data/Yahoo/real_10.csv,value_0,0.4305674088691128,0.715325083469228,4.39719885207052,4.507186897934749,-0.03796497862676462,4.619066006163603,1.4688597254177331,5.19723385139436,-0.10472831822052625,10.788375580123496,927,Yahoo
patch_tst,data/Yahoo/real_11.csv,value_0,4366.245061353829,20404.896601482433,55.789446002085874,43.270376557633696,-0.013115524888590357,57.46081240922171,4.241696751763706,294184.12890625,-2294.137671082794,6.836612869677326,927,Yahoo
patch_tst,data/Yahoo/real_12.csv,value_0,13.76855152710356,35.79681325559234,78.08801943162489,43.80496979039955,-0.008963654299386281,44.43942503960517,0.8916482770891597,961.255859375,1.8588925128101403,3.6231592363959857,927,Yahoo
patch_tst,data/Yahoo/real_13.csv,value_0,2793.300203950917,3494.7883643851196,37.10974368208124,29.164102124745085,-0.1348014951361114,28.28029442757177,3.633257560320582,17657.49609375,876.8617811151564,15.223192770767607,927,Yahoo
patch_tst,data/Yahoo/real_14.csv,value_0,482.7481480076861,700.8564186390356,116.38207904533276,57.325105148436315,-0.005683203957955296,53.48015927893527,1.674369281166515,4191.01171875,-168.2606673914509,14.04803404768562,927,Yahoo
patch_tst,data/Yahoo/real_15.csv,value_0,2860.612531182578,3579.5413508403753,36.96380988396304,29.030109510121278,-0.1371396661469768,28.16393931190426,3.634113594722869,17802.96484375,926.3884464333872,15.407805401344591,927,Yahoo
patch_tst,data/Yahoo/real_16.csv,value_0,0.27625619552046243,1.496989532529677,15.887465873590436,14.962082283608336,-0.003306690490184172,17.540522501025578,1.2564998774858445,44.030493281682,-0.031263602955978916,3.3490739316452025,949,Yahoo
patch_tst,data/Yahoo/real_17.csv,value_0,2147.6615782620615,3137.4150832699643,314.9645158588408,93.55526668904585,-0.14501135999435388,96.5444315049047,5.176690173771889,12557.2265625,-415.238007127193,21.87724066152963,912,Yahoo
patch_tst,data/Yahoo/real_18.csv,value_0,0.08284467121460808,0.0992600829208208,28.538365776726653,26.28322446249765,-0.004690553233367201,26.02538946403477,2.270303881810033,0.2634977020157686,-0.003452597734395278,21.371788188693678,949,Yahoo
patch_tst,data/Yahoo/real_19.csv,value_0,63.47903817160088,91.41419943208476,32338396621.33341,124.42256961169768,-0.15152465036026563,111.40530887984453,3.518031620290084,414.455078125,-14.971936677631579,20.224380405328485,912,Yahoo
patch_tst,data/Yahoo/real_2.csv,value_0,3127.9420109391854,9776.347157211429,32.709038434031875,26.832140050093805,-0.05147097353162011,31.02598433957938,3.2815623639804246,162042.18359375,295.6783327433927,5.873973116959431,927,Yahoo
patch_tst,data/Yahoo/real_20.csv,value_0,0.25805987378529144,0.374150751156875,243.6734725763914,81.82468597958025,-3.922138936543072,182.53749331101062,12.017234901169566,3.734980469942093,0.2305682860625969,9.794522281593586,910,Yahoo
patch_tst,data/Yahoo/real_21.csv,value_0,86.31253871833701,184.0731711437968,77.96872220823839,47.87076351210631,-0.0001348970850516551,47.11768340202126,1.1792111920457262,3170.236328125,-11.92581566629956,5.516127394180305,908,Yahoo
patch_tst,data/Yahoo/real_22.csv,value_0,3932.3120697962554,14898.246271567858,70.78481958764301,52.126152810153734,-0.025753879472246277,82.0714971366661,3.783291271594507,110200.611328125,-3038.316105107379,13.219149856761955,908,Yahoo
patch_tst,data/Yahoo/real_23.csv,value_0,0.06393032220211037,0.09215795825188836,9.290704682245277,8.263212618574714,-0.03793400169389005,7.881350242673102,1.0891624516387513,0.5956651205492483,0.004714977479257037,12.345959170829248,908,Yahoo
patch_tst,data/Yahoo/real_24.csv,value_0,1.213905680751356,2.1964007804262873,3.676687853718309,3.4243315829114005,-0.01576009591645966,3.301080368626668,1.3586083052088371,15.970831610301158,0.419098233025151,8.361614299890721,949,Yahoo
patch_tst,data/Yahoo/real_25.csv,value_0,17.444489351977246,69.31585932008085,10673267438.545029,115.56696953711851,-0.05101644635367708,101.31678625644977,3.9841018534860093,443.033203125,-13.849698249593716,15.576597600018168,923,Yahoo
patch_tst,data/Yahoo/real_26.csv,value_0,125.24292600555255,170.4216242379005,10399174383.181917,65.60715654284498,-0.049353315943667875,61.357420371822634,1.5707325993949541,833.634765625,10.583070236321777,16.856738302462958,923,Yahoo
patch_tst,data/Yahoo/real_27.csv,value_0,225.04178406762296,278.2463270432203,74.06896506825905,40.948618341156994,-0.005010687809472003,36.53431279840796,2.5018024549699254,1656.107421875,4.089312243852459,12.262949627290448,915,Yahoo
patch_tst,data/Yahoo/real_28.csv,value_0,8176.63409916577,9481.409715080958,1202.91229489616,70.46936997051182,-0.12812915810073355,58.914653352281036,7.304100991787932,24269.400390625,-2338.1066587055975,25.741616797656874,929,Yahoo
patch_tst,data/Yahoo/real_29.csv,value_0,18684.256710844995,23271.48034524696,28.55260974726174,14.926301081504478,-0.12765753744623165,14.547179605225152,3.226041105890297,122678.03125,-2809.6506324004304,12.308524099925403,929,Yahoo
patch_tst,data/Yahoo/real_3.csv,value_0,0.6111467331134959,1.3504109507055448,18.194624327974942,18.172506427366315,-0.01247558169422458,20.191809061578013,3.4321170741323184,15.975469429228486,-0.11699179895224798,7.947749513699683,949,Yahoo
patch_tst,data/Yahoo/real_30.csv,value_0,0.3218857793536659,0.4314587193089546,18.874276453754906,18.325122028507934,-0.010659818260573495,18.630041951139034,3.0887741359645027,3.983647585974821,-0.006925814034243471,9.4382414140623,949,Yahoo
patch_tst,data/Yahoo/real_31.csv,value_0,347.90971653005465,713.0071025933136,1071379978.9376576,91.24299260004678,-0.006980580027739602,84.20487993022105,8.883132131420789,2580.40625,-303.2697617827869,27.26604598827203,915,Yahoo
patch_tst,data/Yahoo/real_32.csv,value_0,0.1779377601400493,0.36164486224906456,596610.266877285,57.952496373130046,0.0056742991814704435,76.2717478060771,14.429962672006301,0.9604417495429516,-0.16540432224077456,36.164486224906454,915,Yahoo
patch_tst,data/Yahoo/real_33.csv,value_0,13.76855152710356,35.79681325559234,78.08801943162489,43.80496979039955,-0.008963654299386281,44.43942503960517,0.8916482770891597,961.255859375,1.8588925128101403,3.6231592363959857,927,Yahoo
patch_tst,data/Yahoo/real_34.csv,value_0,7680.164839480874,8827.714846862735,59.25227404941633,36.673227607445305,-0.005737970501042078,33.77423561611161,3.364350713728977,35622.166015625,-231.77059426229508,15.417704118034012,915,Yahoo
patch_tst,data/Yahoo/real_35.csv,value_0,27.074427937158468,33.54163358830116,692921866.5153025,44.54184458191499,-0.01988184164148188,42.60792811134808,1.3799156379056956,132.51171875,2.454538080601093,16.77081679415058,915,Yahoo
patch_tst,data/Yahoo/real_36.csv,value_0,0.2801012268419256,0.3541006569751846,5.062194335563642,4.936013703322433,-0.020018082481161104,4.919177755023916,2.812003868161791,2.5302993774414064,0.09449593001905093,10.68176944118204,949,Yahoo
patch_tst,data/Yahoo/real_37.csv,value_0,87.29186720444686,115.4138849426509,1193906581.3675008,142.0659579262058,-0.0034536584937159276,124.56756161971832,3.720650208038484,579.970703125,-8.071841953633406,17.407825783205265,922,Yahoo
patch_tst,data/Yahoo/real_38.csv,value_0,134994.22168715848,154996.29897958168,126.19834256970009,31.465531800336656,-0.005453728377392997,29.69932630863688,3.7057478047651626,465558.4375,14097.310075136613,17.435433807278926,915,Yahoo
patch_tst,data/Yahoo/real_39.csv,value_0,14136.67887636612,17985.568293293825,88.66490478378336,46.08079609584606,-0.0035921267662364365,43.95484478091952,3.297431120775503,156389.0625,1666.9912952527322,9.424126412549294,915,Yahoo
patch_tst,data/Yahoo/real_4.csv,value_0,79.9569476365258,591.1567756384071,60.11487691391881,43.131592070119794,-0.0046754720642325776,66.36186993511019,0.868713329623058,12592.783203125,-51.04815921720637,4.666535961780921,911,Yahoo
patch_tst,data/Yahoo/real_40.csv,value_0,156.34319714822405,190.21986718195174,19799714718.055428,64.79874448991994,-0.12130004099572989,59.35211362700497,2.432259573343037,647.408203125,21.516387038934425,21.889512909315506,915,Yahoo
patch_tst,data/Yahoo/real_41.csv,value_0,50.95297687567714,110.43208466303668,590148601.9708064,64.89212468124208,-0.04425902340494936,65.0838605815804,1.1040031179793275,1899.529296875,-2.0025265777356447,5.6515908220591955,923,Yahoo
patch_tst,data/Yahoo/real_42.csv,value_0,49.574812264278016,182.48174539230757,4785093177.931581,96.38204126029142,-0.032504293625310376,90.15015241662094,3.2516699192659537,1505.037109375,-47.286570581896555,11.950343509646862,928,Yahoo
patch_tst,data/Yahoo/real_43.csv,value_0,0.2166840605493085,0.25283439575007394,13.259791879675847,13.246726653572571,-0.5392957340577578,13.153770617821209,11.344599880334046,1.522439930885315,-0.06644360115840518,14.937042888534718,928,Yahoo
patch_tst,data/Yahoo/real_44.csv,value_0,2363.87053321621,2769.245198809865,6.497603890891196,6.593399059224307,-0.010002383236641377,6.582985524903544,3.689297772261433,11600.593704756,-720.1979293010947,17.80834146912951,949,Yahoo
patch_tst,data/Yahoo/real_45.csv,value_0,26.139640018857758,41.84246448690562,3899346906.3531423,80.33907188937131,-0.004670362764426228,81.37398838477021,0.7388086559388115,769.37109375,0.7842133620689655,5.230308060863202,928,Yahoo
patch_tst,data/Yahoo/real_46.csv,value_0,493.4429956606566,551.7074391905539,1457.3845993277132,77.08310522800069,-0.5027902075402169,68.81657556377799,5.156295111568788,1272.35546875,21.104737116523143,30.531678981214938,929,Yahoo
patch_tst,data/Yahoo/real_47.csv,value_0,3905.9640048668034,4976.776233358959,91.52534460048476,43.74048456396083,-0.020362418296802742,38.31969716625036,2.287898854816156,11721.115234375,645.428084443306,22.817735240745307,915,Yahoo
patch_tst,data/Yahoo/real_48.csv,value_0,764.9015304746495,1113.1508256730644,262.1702718286248,76.43654812995686,-8.550451339224624,130.36895672838259,6.374753102506753,2746.876953125,419.7967907227616,38.43752851081024,927,Yahoo
patch_tst,data/Yahoo/real_49.csv,value_0,0.08284467121460808,0.0992600829208208,28.538365776726653,26.28322446249765,-0.004690553233367201,26.02538946403477,2.270303881810033,0.2634977020157686,-0.003452597734395278,21.371788188693678,949,Yahoo
patch_tst,data/Yahoo/real_5.csv,value_0,966.1946909553668,2905.5273761200347,36.93414958274602,31.911593623636797,-0.019844454451699356,35.00955810417568,1.5137583624620707,80960.3359375,67.27525156755664,3.509726854043649,927,Yahoo
patch_tst,data/Yahoo/real_50.csv,value_0,1598.2216828478965,2119.4845680954018,17.78671151375378,17.313701774028416,-0.02144769696519888,17.134141264146884,1.8807147937084956,13808.83984375,-361.7538809668285,11.420867378464283,927,Yahoo
patch_tst,data/Yahoo/real_51.csv,value_0,591.6068860997268,695.4008468261694,85.53266084672616,44.554498924759685,-0.02055229889122856,38.749545501359364,2.94782669364373,1583.724609375,29.790915300546448,24.40859413219268,915,Yahoo
patch_tst,data/Yahoo/real_52.csv,value_0,923500.1293478261,1080443.3214529415,28.271898684545654,16.44327807281228,-0.004160315980974882,15.808611749999205,3.097572261118039,5424106.0,-172665.16413043477,13.86512486585467,920,Yahoo
patch_tst,data/Yahoo/real_53.csv,value_0,1.213905680751356,2.1964007804262873,3.676687853718309,3.4243315829114005,-0.01576009591645966,3.301080368626668,1.3586083052088371,15.970831610301158,0.419098233025151,8.361614299890721,949,Yahoo
patch_tst,data/Yahoo/real_54.csv,value_0,3.8257805975230914,4.446157835616182,61.05991540589445,40.32303339800904,-0.01360314847283628,36.355631008227036,3.0072803849852283,8.387345386135252,0.554052743543,29.046884510443704,229,Yahoo
patch_tst,data/Yahoo/real_55.csv,value_0,421.81964651639345,512.3119835545873,71.62633923419916,34.79045139071021,-0.18458449767337748,33.00089833539822,3.780798604702999,1624.48046875,224.22181096311476,21.337442047254783,915,Yahoo
patch_tst,data/Yahoo/real_56.csv,value_0,13454.004294740436,16792.506067224116,49.95793432781787,28.645565352412255,-0.17932363871925916,26.569962585284607,2.973399371706299,50727.90625,4282.012926912568,21.280850178337218,915,Yahoo
patch_tst,data/Yahoo/real_57.csv,value_0,5454.1024539155005,7880.444595139706,177.99029635643393,82.0391591485984,-0.005663644119528799,67.79587756705145,2.991207395112913,30127.8828125,-3228.151729850646,23.486557372335426,929,Yahoo
patch_tst,data/Yahoo/real_58.csv,value_0,32.83670563041712,133.1476393919929,24029722252.19881,138.38353199735525,-0.05087132219796331,102.51751893138615,5.775551810615144,779.232421875,-27.105593597643555,17.02655235191725,923,Yahoo
patch_tst,data/Yahoo/real_59.csv,value_0,0.1619436663529936,0.2424353647825736,582667285.8277698,33.0573171913244,-0.02768679232243687,25.299469812519682,0.7938811553613114,0.6750456094741821,0.01161678993831958,24.24353647825736,911,Yahoo
patch_tst,data/Yahoo/real_6.csv,value_0,29.59452535059331,39.60814210205728,35.54431668959527,28.491446388012637,-0.22207310565134386,29.578890338440306,2.170655879180151,337.3046875,13.840673880798274,10.234662041875266,927,Yahoo
patch_tst,data/Yahoo/real_60.csv,value_0,0.1868694361729249,0.4510103743034972,16.35240832990366,16.398349865919446,-0.007797694505607078,18.45626728747884,1.7484380163314865,9.453628932105392,-0.021333058284325964,4.610379497096725,949,Yahoo
patch_tst,data/Yahoo/real_61.csv,value_0,105.16373452637244,140.27444642187993,3477025146.0414925,77.85481138662064,-0.3132475436427098,61.310533784547026,1.7215019516753154,697.953125,-52.8251648277718,15.904132247378676,929,Yahoo
patch_tst,data/Yahoo/real_62.csv,value_0,0.15958183391334002,0.4211634214717686,54.43352971474239,46.70143300063592,-0.04174367407799617,59.58722435288446,1.4407053796790572,3.4230117599376455,-0.042635237723556645,11.897299856976367,229,Yahoo
patch_tst,data/Yahoo/real_63.csv,value_0,1.6604709653854568,2.1136803125125576,11.929913804345176,11.81145827945758,-0.051173010019880616,11.765178578953952,1.0216798134181686,9.644263808875593,-0.22433057370698634,14.313144819277632,927,Yahoo
patch_tst,data/Yahoo/real_64.csv,value_0,5.325059708019376,6.9008338522329815,1247140806.6553493,43.86076746306398,-0.02711498281034941,41.49107161578462,0.7851374974645664,34.7578125,0.08021898546824542,14.682625217516982,929,Yahoo
patch_tst,data/Yahoo/real_65.csv,value_0,1327.5503786321271,2019.025807049185,99.30580724459944,69.37142813779218,0.04640855012265843,60.04751052991152,3.7379719448788045,20794.7421875,-854.3343612938596,8.6664626649319,912,Yahoo
patch_tst,data/Yahoo/real_66.csv,value_0,54.42117684347588,241.39334761257925,27640959224.93084,136.11622330021956,-0.006167370413180162,102.41238322276789,1.3695873395509965,2298.08203125,-43.329427083333336,10.468054970189906,912,Yahoo
patch_tst,data/Yahoo/real_67.csv,value_0,220.8053349684413,1231.6198224521327,4018249552.3745685,69.25790852128164,-0.022334359454036168,87.63299809456699,1.506096518489814,12416.0390625,-180.15740772502744,9.864006266635693,911,Yahoo
patch_tst,data/Yahoo/real_7.csv,value_0,189.81549293358947,336.6718927402253,12257565590.67742,111.02426726908172,-1.1819941718709424,243.15472476306317,13.254458146835974,1480.3046875,57.383224135565314,21.93302232835344,911,Yahoo
patch_tst,data/Yahoo/real_8.csv,value_0,130.86546668502203,539.9351387560513,200.92413052280656,73.71006042288349,-0.004960129142134839,90.56916878177425,1.6940694823851419,5624.142578125,-51.57681718061674,9.413095166597826,908,Yahoo
patch_tst,data/Yahoo/real_9.csv,value_0,0.013864577674336053,0.03937098532693663,89.01051454056307,47.570537945805675,-0.0028339826743248864,46.07004972752773,1.6208914416437954,1.0451998360620827,0.0009014269683274024,3.672856884606606,949,Yahoo
patch_tst,data/Yahoo/synthetic_1.csv,value_0,906.6236130416241,1008.0048683771813,119.40272941625909,182.8649362807368,-0.02574530286285981,101.04782452094494,26.424990952243046,1518.9976339283087,31.460931056221433,35.518748308770974,909,Yahoo
patch_tst,data/Yahoo/synthetic_10.csv,value_0,916.7084795721231,1026.3176708717017,232.46351752204885,177.19322167298114,-0.06265650756132368,102.93790369757075,7.355043915101466,2536.622907778666,-2.9304718474216407,25.788771313961274,909,Yahoo
patch_tst,data/Yahoo/synthetic_100.csv,value_0,7313.456336058019,7647.8755494419775,33.39660997635872,41.21695372422089,-0.31449872421955716,31.212334843826877,12.67413219257492,35136.4981252265,-7313.456336058019,21.055821020276763,909,Yahoo
patch_tst,data/Yahoo/synthetic_11.csv,value_0,1049.9764165771476,1304.7442150074583,571.0250836190505,60.54295062628825,-0.1228081206005529,48.0093314690303,6.161320352648841,5620.683144890188,-688.2186898218037,18.369455397352773,909,Yahoo
patch_tst,data/Yahoo/synthetic_12.csv,value_0,901.4862955180577,1006.9867690645758,109.65015538480196,183.9987207392138,-0.03411521740497192,101.72005302622784,6.079042273418073,1665.8765796788086,5.022233311298718,29.878239563444982,909,Yahoo
patch_tst,data/Yahoo/synthetic_13.csv,value_0,1016.1016203452748,1243.428466773636,227.99238888396155,68.78362035805782,-0.10833645367515032,53.10828948712064,5.62613321608904,7355.062254816001,-614.1917649579218,14.661047950643402,909,Yahoo
patch_tst,data/Yahoo/synthetic_14.csv,value_0,2034.9231104159592,2472.4611665621437,29.994773201406865,37.62490623992555,-0.17353624927117317,31.194315791995848,9.612974814664875,10757.2703675954,-2034.69179213953,22.286080083074914,909,Yahoo
patch_tst,data/Yahoo/synthetic_15.csv,value_0,926.4435634257686,1032.823882563647,150.6478049937698,177.87087317542424,-0.0357200547319505,101.50850371614182,5.100702065442524,1860.8524102184115,-15.246116016197124,28.01356846391273,909,Yahoo
patch_tst,data/Yahoo/synthetic_16.csv,value_0,1425.2424905270564,1736.2997213648541,31.814876218907045,39.98998121883557,-0.13615960374620117,33.19388021472881,6.849169894842072,7028.620827558012,-1352.3603173459996,22.264512246230872,909,Yahoo
patch_tst,data/Yahoo/synthetic_17.csv,value_0,936.8269309020678,1067.265500217641,163.3053195425628,152.195040756729,-0.07258936336129684,100.29753765197206,4.369711757999763,4160.837572587229,-82.23725059299117,18.85056252791532,909,Yahoo
patch_tst,data/Yahoo/synthetic_18.csv,value_0,1238.0762763032644,1519.6639805657608,33.87626490029874,42.15554146605384,-0.15420471838563432,35.25193541658071,5.562567165000176,4682.585704146222,-1121.1383515100028,23.91490457997104,909,Yahoo
patch_tst,data/Yahoo/synthetic_19.csv,value_0,915.8895871401793,1033.8388897514494,279.9754676383146,146.4018617467858,-0.036244853251060194,97.56963507787316,3.910391512515866,2541.441875089765,-113.9764331824816,25.24482581406839,909,Yahoo
patch_tst,data/Yahoo/synthetic_2.csv,value_0,929.217008917865,1045.533837166884,170.29082295300603,136.65541488086527,-0.02570651932714596,91.21782163292659,20.155019839035,3122.1964568607423,-204.40207776098444,24.08780718267865,909,Yahoo
patch_tst,data/Yahoo/synthetic_20.csv,value_0,1121.276100417925,1390.560788626668,52.40248210213691,49.76347908591172,-0.1763118787030562,41.30345123424825,4.372316638506344,5845.243301539893,-864.9574183006852,20.211826367839,909,Yahoo
patch_tst,data/Yahoo/synthetic_21.csv,value_0,3073.597052994985,3382.414595826038,32.41872384754099,39.971331666862966,-0.16559044362422992,31.388746781381965,10.367127499521331,24958.4085751953,-3073.597052994985,12.520365292247273,909,Yahoo
patch_tst,data/Yahoo/synthetic_22.csv,value_0,913.479817964341,1043.5393950720252,649.4505443010802,132.45205574050672,-0.07759612906207747,93.7446656333378,3.5190396829327466,2083.5718812944174,-168.60257972292567,25.65123720250231,909,Yahoo
patch_tst,data/Yahoo/synthetic_23.csv,value_0,1889.6042566719236,2595.530740614323,29.65956148770109,37.3940910274911,-0.21075571079483257,31.234686094074526,5.273129472827806,17701.1473736075,-1868.660248358537,14.13808162512861,909,Yahoo
patch_tst,data/Yahoo/synthetic_24.csv,value_0,916.6433826971715,1039.4276260495685,232.92876009137294,155.72102710539053,-0.06387817737606882,100.69586749495443,3.212296568932605,2328.1919891975735,-83.02268202657919,23.647583462092495,909,Yahoo
patch_tst,data/Yahoo/synthetic_25.csv,value_0,1428.9993184911214,1827.539279358121,30.76115055669889,39.17255971633267,-0.19781989528154864,32.82069772505681,4.268183159745835,10976.287485479637,-1369.2072792626634,14.495911613141102,909,Yahoo
patch_tst,data/Yahoo/synthetic_26.csv,value_0,932.7776279602524,1076.8356035988872,359.5716816513294,117.47607553659059,-0.04697219715548018,84.59347600490594,2.994068839404264,3441.8719066750846,-246.1050454856711,21.642237798996785,909,Yahoo
patch_tst,data/Yahoo/synthetic_27.csv,value_0,1328.4283914651714,1652.0323414415873,32.6125246245679,41.305677436539604,-0.20210364152424098,34.403592591720866,3.9238657282849374,10763.329417275025,-1233.845141819967,13.387133554317579,909,Yahoo
patch_tst,data/Yahoo/synthetic_28.csv,value_0,3878.3750296881467,4186.479024815457,32.68381130913278,40.23464944870129,-0.21204052623352676,31.257652447108995,10.108321451538735,19501.8920260549,-3878.3750296881467,21.29696419161681,909,Yahoo
patch_tst,data/Yahoo/synthetic_29.csv,value_0,955.3480123078135,1120.8575927750492,444.01562369243493,101.41758598248083,-0.13534151072229927,75.85706351155218,2.674312726735015,3179.0483761868627,-319.2596041532248,23.22964944700545,909,Yahoo
patch_tst,data/Yahoo/synthetic_3.csv,value_0,914.8400024861967,1017.8238615818896,127.99324667295208,186.49521727973757,-0.06040624938117212,102.88512513405779,17.286450331352192,1562.4084767107508,35.687253793222794,34.71594977029536,909,Yahoo
patch_tst,data/Yahoo/synthetic_30.csv,value_0,2533.0173420339847,2765.005359686478,32.39975739574029,40.25705948711333,-0.2084671519517849,31.494630195002056,6.8263849679938335,10923.7308327098,-2533.0173420339847,21.497306063788933,909,Yahoo
patch_tst,data/Yahoo/synthetic_31.csv,value_0,971.0963496558069,1159.9973002849877,274.58831094592944,95.34073614878183,-0.10527592123441476,71.06152618744824,2.595291986207706,6144.499148079014,-362.87377195664965,15.137284422392788,909,Yahoo
patch_tst,data/Yahoo/synthetic_32.csv,value_0,1672.374266860206,2024.432595552544,30.684194283323627,38.98522551708974,-0.25813542816451074,31.77957388337954,4.095604591375603,7062.385933499263,-1649.46500897104,23.544589733510367,909,Yahoo
patch_tst,data/Yahoo/synthetic_33.csv,value_0,927.536282033795,1072.637862114926,552.0001613250602,128.49098486895207,-0.03535549147740591,90.49204043316959,2.361122075479997,2902.9657346134895,-192.6300776628911,21.75005266281668,909,Yahoo
patch_tst,data/Yahoo/synthetic_34.csv,value_0,1352.9585098986468,1678.1324389371462,33.42293314744845,41.6730145707442,-0.21361179547713305,34.64212982611088,3.281950753752173,7655.635944874204,-1240.0993112994552,19.454889960091677,909,Yahoo
patch_tst,data/Yahoo/synthetic_35.csv,value_0,4749.5247641227215,6074.47397771241,31.49295799308842,38.78381821622353,-0.24704500021936893,30.743590150795324,7.473727571312965,41268.0991267907,-4749.5247641227215,14.417947099591313,909,Yahoo
patch_tst,data/Yahoo/synthetic_36.csv,value_0,978.5429616678765,1125.3044839389029,357.6574315463668,122.82830873849817,-0.08489856290849285,88.19180826140489,2.309846676889807,2605.93315331035,-239.31244568920332,21.47331861991813,909,Yahoo
patch_tst,data/Yahoo/synthetic_37.csv,value_0,2765.351153558094,3282.2675084312373,31.7675574053675,39.48595912865969,-0.22577904773765267,31.15219230174717,5.374892322541078,24112.3746321692,-2765.351153558094,13.321271342374482,909,Yahoo
patch_tst,data/Yahoo/synthetic_38.csv,value_0,1029.1672222022164,1255.6047929874478,110.12138280924513,68.09252810391064,-0.14939337420046073,52.714776266134834,2.276936525529206,4959.430989121804,-566.1422779319629,19.50266873137264,909,Yahoo
patch_tst,data/Yahoo/synthetic_39.csv,value_0,2219.410915311611,2529.9649476146883,31.95817024644228,40.0575760091963,-0.23764697971350124,31.597243258425944,4.519583339636431,18063.0863509847,-2217.7522516367903,12.643859582327726,909,Yahoo
patch_tst,data/Yahoo/synthetic_4.csv,value_0,916.922255528118,1031.1999543842194,206.2410287949733,122.36537629575687,-0.028106638203296175,84.32659232945034,13.597001237954982,1730.1078834712162,-283.2939012375822,29.47394519174793,909,Yahoo
patch_tst,data/Yahoo/synthetic_40.csv,value_0,1030.7935439005735,1256.3753960141355,153.35782862602315,62.3361157106751,-0.09156360232533145,48.35404023746262,2.1851806765820423,3438.3018843639165,-633.2797555538688,22.20907610339403,909,Yahoo
patch_tst,data/Yahoo/synthetic_41.csv,value_0,1492.0674873273772,2065.9922190181783,32.24932621310566,40.26898613630471,-0.23351164487973097,33.96053938408489,2.7659406769950365,13546.379681810962,-1369.176432279878,14.21057705397944,909,Yahoo
patch_tst,data/Yahoo/synthetic_42.csv,value_0,5941.9130087343465,6133.745828544476,33.4496478260976,41.11989363480808,-0.23499034684821707,31.359925487958506,11.048965079456833,27188.240001318998,-5941.9130087343465,20.657070384567994,909,Yahoo
patch_tst,data/Yahoo/synthetic_43.csv,value_0,1090.481034903916,1365.28119686602,74.24749569059324,54.62389448362537,-0.24107821286375453,43.8968387112936,2.0966192976664786,6232.3494492928285,-741.4913178509419,17.636420049200208,909,Yahoo
patch_tst,data/Yahoo/synthetic_44.csv,value_0,3155.4874078851635,3572.9532020762676,32.02331036031148,39.78713642783695,-0.27983823562038523,31.110750656159,5.445202106622019,16223.696650670801,-3155.4874078851635,21.40199428586833,909,Yahoo
patch_tst,data/Yahoo/synthetic_45.csv,value_0,978.5305660981131,1168.1231000760183,1296.15716127463,91.50752089351812,-0.09078234612199743,68.88542765779258,1.8290625647617855,3412.7633743826827,-386.011057481531,18.526232900899814,909,Yahoo
patch_tst,data/Yahoo/synthetic_46.csv,value_0,2086.869835557452,2401.9212913073625,31.561136328653834,39.67666410001823,-0.2532939582517657,31.503576693669743,3.722564395428396,9198.90053726045,-2081.8089798298315,22.57395644912579,909,Yahoo
patch_tst,data/Yahoo/synthetic_47.csv,value_0,1187.2755979726833,1620.925149646407,60.47139303322585,47.35609141847409,-0.15054280817058974,39.59088316698323,2.0194842493647887,10099.878437976737,-891.5185644442959,14.26464781550976,909,Yahoo
patch_tst,data/Yahoo/synthetic_48.csv,value_0,1969.279561404663,2278.813139996191,31.843554580277406,40.22325602068951,-0.2586541530202833,32.03191832801722,3.4199461631743664,9297.45766812965,-1952.1815998899838,20.480353120372623,909,Yahoo
patch_tst,data/Yahoo/synthetic_49.csv,value_0,6338.308998226763,7214.328376021592,32.743430050268266,40.26957178716731,-0.24099452264086274,31.059880108178252,8.25888193247214,54808.82325906545,-6338.308998226763,12.882945070532035,909,Yahoo
patch_tst,data/Yahoo/synthetic_5.csv,value_0,915.2702106472564,1026.7025157664316,118.1443249236164,185.11036989656228,-0.034333329649916866,101.6679760767511,10.683433255705683,3480.7245670351895,24.87042735814077,20.713985250732943,909,Yahoo
patch_tst,data/Yahoo/synthetic_50.csv,value_0,1236.2399177045318,1541.6537101206613,38.50940168080591,44.747983383679255,-0.326541973468099,36.695139971989576,2.068659047013007,4254.960690041925,-1016.0229021680545,21.966478730802898,909,Yahoo
patch_tst,data/Yahoo/synthetic_51.csv,value_0,4063.3624331870565,4341.930100656097,33.1436516527729,40.954228122112305,-0.246789313392064,31.376832154395355,6.155959901915414,33298.93304352365,-4063.3624331870565,12.170254044766338,909,Yahoo
patch_tst,data/Yahoo/synthetic_52.csv,value_0,1284.9607480477393,1614.9340447980167,41.424684822985476,43.393727524949796,-0.2128319849756959,35.566988115267364,2.092589844322316,7401.253009998798,-1094.978997740026,18.557844569295707,909,Yahoo
patch_tst,data/Yahoo/synthetic_53.csv,value_0,2252.343045316964,2982.3213129849223,30.407033721507222,38.25693854641067,-0.27193516093236614,31.046914232571797,3.1405638689462885,18444.2722035107,-2241.7416620308163,14.892374227167112,909,Yahoo
patch_tst,data/Yahoo/synthetic_54.csv,value_0,1046.2571596959147,1274.430147131162,106.45936977953627,69.51569406308329,-0.06538608668757462,53.52074684755039,1.6474454927738449,3299.74885773076,-574.7366585579466,20.13544325796989,909,Yahoo
patch_tst,data/Yahoo/synthetic_55.csv,value_0,1599.2699243716822,2061.1965562955124,32.7680480741458,40.799206169980216,-0.2157143365252483,33.66601812035099,2.3529005844411284,14758.0396818657,-1494.203564758015,12.96360321622265,909,Yahoo
patch_tst,data/Yahoo/synthetic_56.csv,value_0,7079.621262813737,7687.882546405655,32.81897459701864,40.43990552751187,-0.3004201258898098,31.033548332376814,8.724097664851536,34770.061376113,-7079.621262813737,21.484131717363418,909,Yahoo
patch_tst,data/Yahoo/synthetic_57.csv,value_0,1127.262953921839,1373.3012029007518,114.64329637143689,67.10016368734834,-0.1705970622911226,51.89871447990668,1.6658368361774623,4954.562141849732,-647.6284840453912,17.49648713639568,909,Yahoo
patch_tst,data/Yahoo/synthetic_58.csv,value_0,3804.1850227064815,4109.984562667678,32.74060719016044,40.53395473874158,-0.2640116245583226,31.250903098901638,5.254492791304919,18813.3835722627,-3804.1850227064815,21.044452143162033,909,Yahoo
patch_tst,data/Yahoo/synthetic_59.csv,value_0,1551.0409393993496,2176.7705354969444,31.14991983047153,38.81454276040857,-0.2559648744858123,32.64354924089551,2.0732767033816666,14606.155924615925,-1425.2670784586028,13.803863521608928,909,Yahoo
patch_tst,data/Yahoo/synthetic_6.csv,value_0,924.7465326913775,1047.8732298062796,999.522453597789,114.86669245248117,-0.04342011945342361,80.48399923436598,10.325676158462262,2140.2842202834463,-331.40160309670193,28.331044705259345,909,Yahoo
patch_tst,data/Yahoo/synthetic_60.csv,value_0,3883.772035044617,4057.6669033714716,33.405425149377024,41.367232675745036,-0.3064301757462622,31.44001503416931,52.21793423162306,18002.8535524041,-3883.772035044617,20.53453101742388,909,Yahoo
patch_tst,data/Yahoo/synthetic_61.csv,value_0,904.7152040873196,1006.8293433426643,158.50072644495407,183.11240272103706,-0.03444692063452037,101.69360367693395,15.706959414884198,1774.7185846524835,6.927674539811919,32.10244913829499,909,Yahoo
patch_tst,data/Yahoo/synthetic_62.csv,value_0,3082.829917149698,3467.6477767929027,32.44144231436361,40.48334093192307,-0.3672922135873451,31.250178034845288,23.28387964399599,15871.256892704449,-3082.829917149698,21.17810005676246,909,Yahoo
patch_tst,data/Yahoo/synthetic_63.csv,value_0,9415.50007757347,9805.511360499266,33.58288728876176,41.312736607505954,-0.26356385399942805,31.270812917116164,46.91297269906631,79228.0860411203,-9415.50007757347,12.03724568720485,909,Yahoo
patch_tst,data/Yahoo/synthetic_64.csv,value_0,901.0725375173248,1010.1611985181838,208.355849352808,154.7843299418717,-0.05392269749922041,100.0430161475089,15.763374753210396,1639.6035309006973,-78.12745511756412,31.901798465681658,909,Yahoo
patch_tst,data/Yahoo/synthetic_65.csv,value_0,5740.9579197940075,7286.346617462552,31.862178059174166,39.39087779340091,-0.29839393816733906,30.751456795786336,16.36851948639248,50402.0941187912,-5740.9579197940075,14.507834501757106,909,Yahoo
patch_tst,data/Yahoo/synthetic_66.csv,value_0,911.6554744204616,1017.4287362683096,174.6226475587529,166.28759170545422,-0.06552702002712407,102.24654874854886,11.286283006442188,1714.818106023891,-46.51493979334439,31.06831872987938,909,Yahoo
patch_tst,data/Yahoo/synthetic_67.csv,value_0,4134.780173914255,4719.607817800759,32.78048878691603,40.610193262710844,-0.30074074587394106,31.16618509445668,18.363032159391764,34605.78755561975,-4134.780173914255,12.934800547709498,909,Yahoo
patch_tst,data/Yahoo/synthetic_68.csv,value_0,914.9917384843548,1035.8544812020184,209.12669282509793,128.5911758509885,-0.04447016902607226,90.47282406038212,8.175380925488486,3202.6173065966736,-196.08984470790242,23.071422372970382,909,Yahoo
patch_tst,data/Yahoo/synthetic_69.csv,value_0,3351.858351558859,3621.246980566561,33.16458596197015,41.21855512606903,-0.3154867618258408,31.474445198594186,19.630818071902095,28646.1950859782,-3351.858351558859,12.013801487926962,909,Yahoo
patch_tst,data/Yahoo/synthetic_7.csv,value_0,1294.7941381116761,1660.7859396928204,40.61070759561918,46.779501197648194,-0.1146689042190625,38.79646416664727,10.856308573526121,10408.245810806226,-1048.204578462839,14.900531579367676,909,Yahoo
patch_tst,data/Yahoo/synthetic_70.csv,value_0,10209.171675479396,10630.518053162512,33.4471561622271,41.17866288914148,-0.29450945018016306,31.19987476791877,35.698222849985676,49136.3001038605,-10209.171675479396,21.06667905556428,909,Yahoo
patch_tst,data/Yahoo/synthetic_71.csv,value_0,933.3127276013819,1078.3470816307743,631.7503516008121,106.19896796000374,-0.13791615672292257,78.65538113815144,6.109326444369244,2946.1679691368213,-299.6364399428605,25.36363514476227,909,Yahoo
patch_tst,data/Yahoo/synthetic_72.csv,value_0,6313.995268636888,6469.766575780733,33.64452334675982,41.49191357766214,-0.2932478827486107,31.348980840345774,32.439998360833314,29317.3095066791,-6313.995268636888,20.64998437233915,909,Yahoo
patch_tst,data/Yahoo/synthetic_73.csv,value_0,951.3492563917825,1123.7653134947734,319.54583307836623,95.39964915243642,-0.11402765806268023,70.78122990099067,5.559050058850152,5918.362564157339,-363.60798584245214,15.763796667187698,909,Yahoo
patch_tst,data/Yahoo/synthetic_74.csv,value_0,4345.686471293391,4733.507302471234,32.85594419023419,40.75994964970629,-0.3627587263859866,31.13467998007425,15.980591764661154,19930.115777089,-4345.686471293391,21.57078245006141,909,Yahoo
patch_tst,data/Yahoo/synthetic_75.csv,value_0,908.6395410071174,1033.155142632942,558.3933352564393,127.88052926923181,-0.039047158361837475,89.9123937713022,4.869705002425147,2992.945026101695,-201.27510391100103,22.418579630698357,909,Yahoo
patch_tst,data/Yahoo/synthetic_76.csv,value_0,3314.138478885964,3597.86439158016,32.93732104748733,40.97526337285704,-0.33802119166160915,31.393246773946675,13.583100619927697,17088.43271063655,-3314.138478885964,20.763159028270195,909,Yahoo
patch_tst,data/Yahoo/synthetic_77.csv,value_0,11022.900962116153,13863.109151718152,32.016041712356206,39.46078938548501,-0.2928665874022498,30.70574640176665,14.814170937435497,94010.0481310615,-11022.900962116153,14.40412732944519,909,Yahoo
patch_tst,data/Yahoo/synthetic_78.csv,value_0,939.5688706297005,1071.7062506445966,647.7930027560727,117.17919777539623,-0.1039819195506777,84.86243296911007,4.367076876295625,2191.5264509272474,-263.0081214957453,24.771220399761297,909,Yahoo
patch_tst,data/Yahoo/synthetic_79.csv,value_0,6488.579041278556,7341.35921984592,32.94131808096172,40.654140067501096,-0.28708373717530633,31.077094338815648,15.004326320667285,55104.997233676,-6488.579041278556,12.981920464726738,909,Yahoo
patch_tst,data/Yahoo/synthetic_8.csv,value_0,899.2723607311289,1006.3106591598515,109.5564248259948,180.71595643773034,-0.03203389215302321,101.45889859111976,8.810436046322357,1618.0692420978276,5.930772683488732,31.83941368105405,909,Yahoo
patch_tst,data/Yahoo/synthetic_80.csv,value_0,1024.24340503956,1251.1958525822777,131.04761959844365,60.318110536126454,-0.17984310760545896,47.46573554877603,4.096647660214128,5065.017742538831,-637.8358546047151,20.2473438959532,909,Yahoo
patch_tst,data/Yahoo/synthetic_81.csv,value_0,4874.7601721632145,5144.7389322029185,33.47008738154841,41.39427806275278,-0.30181882828071305,31.371530692681237,14.927222255815593,40719.0019480325,-4874.7601721632145,12.027544658428253,909,Yahoo
patch_tst,data/Yahoo/synthetic_82.csv,value_0,1027.5789565225793,1264.9036461181345,85.12479779165427,52.85245365649956,-0.11719655172202503,42.68798719335945,3.8096906218756215,3636.9027978087115,-725.2361723676563,23.669294283529556,909,Yahoo
patch_tst,data/Yahoo/synthetic_83.csv,value_0,3376.4746348638305,4380.554842115668,31.45052202914298,39.21779950551459,-0.31821318402516896,30.88903779827728,7.773809925626232,29889.883574374748,-3376.4746348638305,14.405755189695258,909,Yahoo
patch_tst,data/Yahoo/synthetic_84.csv,value_0,12179.118794480286,12381.001782393028,33.741996063998236,41.523545730383745,-0.28680634276128836,31.306942391734633,32.00392284898935,57570.81354033369,-12179.118794480286,20.537424454846416,909,Yahoo
patch_tst,data/Yahoo/synthetic_85.csv,value_0,1100.8188723903945,1405.0450620615088,42.898669629189314,46.199558293208916,-0.2962666108449026,38.356018138608846,3.4529319007379367,6917.119668683115,-863.8830404661855,17.16796257031464,909,Yahoo
patch_tst,data/Yahoo/synthetic_86.csv,value_0,6809.967038310666,7381.318223853489,32.953136536516816,40.73446001212645,-0.345459798681937,31.05181449305414,14.630349722327306,33050.4297037679,-6809.967038310666,21.917464628631542,909,Yahoo
patch_tst,data/Yahoo/synthetic_87.csv,value_0,962.0508422556361,1142.1557662236312,213.8054644925689,80.26585646755846,-0.11698494805085868,60.79505190682387,2.9393117525261188,3905.949305885416,-454.85348745904184,19.87134602323988,909,Yahoo
patch_tst,data/Yahoo/synthetic_88.csv,value_0,4633.722088862482,4895.256403564925,33.27149650164376,41.188662699488326,-0.3282174730871348,31.288598936814193,11.637958323402506,21290.6836137823,-4633.722088862482,21.015623786305586,909,Yahoo
patch_tst,data/Yahoo/synthetic_89.csv,value_0,1226.7431278327203,1727.9119400541897,32.67611117902481,40.03729571964903,-0.18562448978012913,34.810362979704024,3.1336914262461644,11275.754856804475,-1054.68828858962,14.15397014573755,909,Yahoo
patch_tst,data/Yahoo/synthetic_9.csv,value_0,1085.9352954724102,1315.4950046025087,212.97131317835166,53.15847640223078,-0.05851100339410342,42.29118090788003,8.775078390423941,6336.363738212583,-817.7865956215704,16.81317044824546,909,Yahoo
patch_tst,data/Yahoo/synthetic_90.csv,value_0,3965.05640472893,4158.8395071542545,33.413965204107285,41.45459091512115,-0.32843728040815656,31.491982718571336,10.318846059821118,19069.6572183235,-3965.05640472893,19.970677280525237,909,Yahoo
patch_tst,data/Yahoo/synthetic_91.csv,value_0,12458.078530034316,14017.729029483895,33.04163234285107,40.682809423078936,-0.2794079633178672,31.0380349423741,16.292317582171723,106074.999769291,-12458.078530034316,12.909726693071729,909,Yahoo
patch_tst,data/Yahoo/synthetic_92.csv,value_0,1306.1533510265058,1643.4566642778243,31.165428407820617,39.91054839405576,-0.39708250693846403,32.75459046064657,3.285337815214553,4930.21851654605,-1209.4540958987327,24.900414920112677,909,Yahoo
patch_tst,data/Yahoo/synthetic_93.csv,value_0,7738.610350425279,8070.237008964327,33.607669036315684,41.44389993753675,-0.2895436844476984,31.296857399571305,15.145685610890522,64776.768302642304,-7738.610350425279,12.021176360250655,909,Yahoo
patch_tst,data/Yahoo/synthetic_94.csv,value_0,1377.5783720643549,1731.4821168874632,30.495009959517983,38.77172152134914,-0.25961171343919975,32.087500657561904,3.3379409732976764,8164.485584986813,-1308.5650788164835,19.261184919100753,909,Yahoo
patch_tst,data/Yahoo/synthetic_95.csv,value_0,4727.989295945411,5966.140293260811,31.83729900747514,39.477591625616384,-0.317949285745758,30.791381102221884,7.44038806526815,39377.07756906845,-4727.989295945411,14.338524616862594,909,Yahoo
patch_tst,data/Yahoo/synthetic_96.csv,value_0,1037.5414573663206,1266.1335297587063,112.78533025703427,58.28268797573715,-0.09296776220291703,45.530675321953076,2.428544786220611,3345.9182459375897,-688.7341283769632,21.966571005079917,909,Yahoo
patch_tst,data/Yahoo/synthetic_97.csv,value_0,3355.932184803358,3942.5494022517873,32.39168579630309,40.314462158302845,-0.302892172064094,31.222587007960435,6.268717559135808,29912.519568142627,-3355.932184803358,13.099024606379647,909,Yahoo
patch_tst,data/Yahoo/synthetic_98.csv,value_0,13132.140969673264,14114.837584227036,33.064563778079226,40.78580530137748,-0.340370271924753,31.015875554470796,17.345999679413314,63094.405085021994,-13132.140969673264,21.69359557692564,909,Yahoo
patch_tst,data/Yahoo/synthetic_99.csv,value_0,1110.8020183065921,1367.2563856268707,93.42349539286836,54.46262717464503,-0.23328748062564664,43.404396439229345,2.3670091517798997,5898.535425268655,-776.6669992106742,16.62665977245029,909,Yahoo
